Name; Median Time; Min Time; Max Time; Median Frame Index; Min Frame Index; Max Frame Index; Min Depth; Max Depth; Total Time; Mean Time; Time Lower Quartile; Time Upper Quartile; Count Total; Count Median; Count Min; Count Max; Number of frames containing Marker; First Frame Index; Time Min Individual; Time Max Individual; Min Individual Frame; Max Individual Frame; Time at Median Frame
"Instantiate";1820.961;1820.961;1820.961;1;1;1;6;6;1820.94379073661;1820.944;1820.961;1820.961;64809;64809;64809;64809;1;1;0.0054;33.1826;1;1;0
"Assembly-CSharp.dll!WFC_Sudoku::WFCWorldManager.Start() [Invoke]";1690.216;1690.216;1690.216;1;1;1;5;5;1690.21630859375;1690.216;1690.216;1690.216;1;1;1;1;1;1;1690.216;1690.216;1;1;0
"Assembly-CSharp.dll!WFC_Sudoku::WFCBuilder.Start() [Invoke]";1548.957;1548.957;1548.957;1;1;1;5;5;1548.95677185059;1548.957;1548.957;1548.957;9;9;9;9;1;1;137.3496;211.9813;1;1;0
"Instantiate.Produce";1248.283;1248.283;1248.283;1;1;1;7;7;1248.26479496807;1248.265;1248.283;1248.283;64809;64809;64809;64809;1;1;0.003;33.1306;1;1;0
"Instantiate.Awake";260.3065;260.3065;260.3065;1;1;1;7;7;260.312298864941;260.3123;260.3065;260.3065;64809;64809;64809;64809;1;1;0.0013;0.1213;1;1;0
"Instantiate.Copy";218.2839;218.2839;218.2839;1;1;1;7;7;218.261798671549;218.2618;218.2839;218.2839;64809;64809;64809;64809;1;1;0.0001;0.6927;1;1;0
"GameObject.Deactivate";150.4506;150.4506;150.4506;1;1;1;6;6;150.442799013807;150.4428;150.4506;150.4506;49662;49662;49662;49662;1;1;0.0006;0.2527;1;1;0
"GameObject.ActivateAwakeRecursively";135.1543;135.1543;135.1543;1;1;1;7;7;135.136799071508;135.1368;135.1543;135.1543;49698;49698;49698;49698;1;1;0.0005;0.2515;1;1;0
"CheckAllowDestructionRecursive [Editor Only]";82.37807;82.37807;82.37807;1;1;1;6;8;82.4432990104397;82.4433;82.37807;82.37807;289902;289902;289902;289902;1;1;0;0.0548;1;1;0
"Assembly-CSharp.dll!WFC_Sudoku::WFCBuilder.Run() [Coroutine: MoveNext] [Invoke]";68.00831;68.00831;68.00831;1;1;1;6;6;68.0083011388779;68.0083;68.00831;68.00831;18;18;18;18;1;1;1.083;36.6118;1;1;0
"TransformHandle.SetHierarchyCapacity";20.89;20.89;20.89;1;1;1;8;8;20.8900001528673;20.89;20.89;20.89;16;16;16;16;1;1;0.0047;11.182;1;1;0
"Unaccounted time between: Profiler.SessionMetadata and PlayerLoop";20.2017;20.2017;20.2017;1;1;1;1;1;20.2017002105713;20.2017;20.2017;20.2017;1;1;1;1;1;1;20.2017;20.2017;1;1;0
"EditorLoop";19.2874;0.0367;1772.068;311;1859;1;1;1;40815.0212405613;21.95536;17.4011;21.9422;7433;4;1;4;1859;1;0.0134;1397.624;2;1;20.1379
"gameObjectChangedScene.Invoke";18.01047;18.01047;18.01047;1;1;1;7;8;18.0074995885734;18.0075;18.01047;18.01047;64827;64827;64827;64827;1;1;0.0001;0.0189;1;1;0
"Mono.JIT";15.3515;0.2321;91.82645;2;4;1;4;11;107.40999957826;35.80333;0.2321;15.3515;1067;121;3;943;3;1;0.012;2.5739;1;1;0
"WFCPropagateJob (Burst)";13.1337;13.1337;13.1337;1;1;1;9;9;13.1337001249194;13.1337;13.1337;13.1337;18;18;18;18;1;1;0.0382;12.3161;1;1;0
"RenderLoop.ScheduleDraw";9.738899;6.2026;19.4184;1496;138;1421;10;11;17706.6892563725;9.529973;8.388999;10.405;14864;8;8;8;1858;1;0.0003;5.8547;604;1421;7.9491
"PlayerLoop";9.668099;0.0007;4942.563;1183;1859;1;1;1;23041.8357181133;12.39475;9.2701;10.0684;5575;3;1;3;1859;1;0.0002;4908.714;200;1;8.885799
"RenderPlayModeViewCameras";9.0215;7.683;33.8472;360;522;1;2;2;16933.0285396576;9.113579;8.6565;9.4153;1858;1;1;1;1858;1;7.683;33.8472;522;1;8.3386
"UnityEngine.CoreModule.dll!UnityEngine.Rendering::RenderPipelineManager.DoRenderLoop_Internal() [Invoke]";8.7542;7.442;32.8553;1378;522;1;3;3;16387.1201562881;8.819763;8.3547;9.1358;1858;1;1;1;1858;1;7.442;32.8553;522;1;7.8572
"Inl_UniversalRenderTotal";8.7103;7.4034;32.8002;1263;522;1;4;4;16304.6295776367;8.775366;8.3142;9.0911;1858;1;1;1;1858;1;7.4034;32.8002;522;1;7.8061
"Inl_RenderCameraStack";8.6689;7.3658;31.2414;1778;522;1;5;5;16223.3612561226;8.731627;8.2724;9.0477;1858;1;1;1;1858;1;7.3658;31.2414;522;1;7.7527
"SortingGroup.UpdateRenderer";8.406106;8.406106;8.406106;1;1;1;8;8;8.40349980693281;8.4035;8.406106;8.406106;122989;122989;122989;122989;1;1;0;0.0403;1;1;0
"Assembly-CSharp.dll!WFC_Sudoku::WFCCell..ctor() [Invoke]";8.133658;8.133658;8.133658;1;1;1;8;8;8.13359989301534;8.1336;8.133658;8.133658;7200;7200;7200;7200;1;1;0.0007;0.0223;1;1;0
"LargeAllocation.Free";7.8487;7.8487;7.8487;1;1;1;6;9;7.84869995713234;7.8487;7.8487;7.8487;5;5;5;5;1;1;0.3597;2.8808;1;1;0
"Inl_ScriptableRenderContext.Submit";5.9485;4.4044;11.0914;1014;1459;1421;6;6;10938.9188785553;5.88747;5.4499;6.2632;1858;1;1;1;1858;1;4.4044;11.0914;1459;1421;4.9293
"UniversalRenderPipeline.RenderSingleCameraInternal: Main Camera";5.6654;4.1212;10.6725;1469;1459;1421;7;7;10406.8949713707;5.601128;5.1491;5.9985;1858;1;1;1;1858;1;4.1212;10.6725;1459;1421;4.6315
"ExecuteRenderGraph";5.6284;4.0383;10.6244;802;1800;1421;8;8;10338.3880734444;5.564256;5.1154;5.9668;1858;1;1;1;1858;1;4.0383;10.6244;1800;1421;4.6034
"RenderLoop.DrawSRPBatcher";3.9994;2.6599;8.7021;173;1413;1421;12;12;7265.49648285517;3.910386;3.3769;4.305501;44592;24;24;24;1858;1;0.0026;0.8223;412;1854;3.0789
"LogStringToConsole";2.9136;2.9136;2.9136;1;1;1;6;6;2.91360002011061;2.9136;2.9136;2.9136;12;12;12;12;1;1;0.103;0.5984;1;1;0
"MeshRendererFinalizeUpdate";2.8015;2.8015;2.8015;1;1;1;5;5;2.80150008201599;2.8015;2.8015;2.8015;1;1;1;1;1;1;2.8015;2.8015;1;1;0
"TextureStreamingManager.RemoveRenderer";2.707472;2.707472;2.707472;1;1;1;8;8;2.70789993619837;2.7079;2.707472;2.707472;106933;106933;106933;106933;1;1;0;0.0047;1;1;0
"DrawDepthNormalPrepass";2.6441;1.5903;5.8662;737;66;1421;9;9;5155.71779084206;2.774875;2.2702;3.2624;1858;1;1;1;1858;1;1.5903;5.8662;66;1421;2.2487
"SRPBatcher.Flush";2.6206;1.7992;5.645799;304;604;1421;13;14;4805.98868416584;2.586646;2.3032;2.8209;81752;44;44;44;1858;1;0.0002;0.5938;34;586;2.0293
"Inl_UniversalRenderPipeline.RenderSingleCameraInternal: Main Camera";2.5749;2.2663;17.0426;784;1552;1;6;6;4931.00358867645;2.653931;2.4552;2.7845;1858;1;1;1;1858;1;2.2663;17.0426;1552;1;2.5748
"UnityEngine.CoreModule.dll!::ExtractCompilerFlags.Invoke() [Invoke]";2.3251;2.3251;2.3251;1;1;1;7;7;2.32510002702475;2.3251;2.3251;2.3251;2;2;2;2;1;1;0.1209;2.2042;1;1;0
"WaitForJobGroupID";2.0453;1.0733;19.4087;731;2;1;6;13;3823.69479197782;2.057963;1.9406;2.164;15924;9;3;43;1858;1;0.0005;12.3261;265;1;2.1453
"DrawOpaqueObjects";1.8422;1.42;4.1245;1038;976;1854;9;9;3777.2159897089;2.032947;1.63;2.3838;1858;1;1;1;1858;1;1.42;4.1245;976;1854;1.8017
"InitialActionStateCheck";1.7426;1.7426;1.7426;1;1;1;6;6;1.74260002793744;1.7426;1.7426;1.7426;2;2;2;2;1;1;0.0068;1.7358;1;1;0
"Burst.Compiler.IL.dll!Burst.Compiler.IL.Jit::JitCompilerService.CompileInternal() [Invoke]";1.7152;1.7152;1.7152;1;1;1;7;7;1.71520000696182;1.7152;1.7152;1.7152;2;2;2;2;1;1;0.8394;0.8758;1;1;0
"UnityEngine.CoreModule.dll!UnityEngine::StackTraceUtility.ExtractStackTrace() [Invoke]";1.7034;1.7034;1.7034;1;1;1;7;7;1.70340000465512;1.7034;1.7034;1.7034;12;12;12;12;1;1;0.0609;0.4638;1;1;0
"EngineJob";1.3245;0.1658;2.0351;18;1628;2;7;14;2450.46259277005;1.318871;1.1688;1.4943;19858;11;2;21;1858;1;0.0002;1.2042;36;1822;1.496
"CullScriptable";1.1775;1.0061;3.3673;1096;1029;1;7;7;2234.9303945303;1.202869;1.1173;1.2712;1858;1;1;1;1858;1;1.0061;3.3673;1029;1;1.2165
"RenderLoop.Prepare";1.1499;1.1499;1.1499;2;2;2;8;9;1.14990001916885;1.1499;1.1499;1.1499;2;2;2;2;1;2;0.5734;0.5765;2;2;0
"Unity.RenderPipelines.Core.Runtime.dll!::SharedObjectPool`1..cctor()";1.0966;1.0966;1.0966;1;1;1;9;9;1.09660000354052;1.0966;1.0966;1.0966;8;8;8;8;1;1;0.084;0.1919;1;1;0
"EndRenderQueueExtraction";1.0503;0.8716;1.6705;692;1552;1528;8;9;1989.78029652312;1.070926;0.9979;1.1342;3716;2;2;2;1858;1;0.0055;1.3109;2;1018;1.0802
"CullResults.CreateSharedRendererScene";0.9399;0.799;1.3562;1745;1697;1018;8;8;1787.00579428673;0.96179;0.8931;1.0211;1858;1;1;1;1858;1;0.799;1.3562;1697;1018;0.9599
"ExecuteRenderQueueJob";0.8955;0.0719;1.398;302;786;1018;8;12;1584.04199600592;0.8525522;0.6686;0.9849;4824;3;1;4;1858;1;0.0543;1.2039;1403;1822;1.0043
"TransformHandle.SetParent";0.8315001;0.8315001;0.8315001;1;1;1;6;6;0.831499977037311;0.8315;0.8315001;0.8315001;18;18;18;18;1;1;0.0192;0.3327;1;1;0
"WFCFindLowestEntropyJob (Burst)";0.7573;0.7573;0.7573;1;1;1;9;9;0.757299969089217;0.7573;0.7573;0.7573;6;6;6;6;1;1;0.0017;0.7473;1;1;0
"UnityEditor.CoreModule.dll!UnityEditor::EditorApplicationLayout.FinalizePlaymodeLayout() [Invoke]";0.725;0.725;0.725;1;1;1;3;3;0.725000023841858;0.725;0.725;0.725;1;1;1;1;1;1;0.725;0.725;1;1;0
"Unity.Collections.dll!Unity.Collections::NativeParallelHashMap`2..cctor()";0.6894;0.6894;0.6894;1;1;1;8;8;0.689400017261505;0.6894;0.6894;0.6894;1;1;1;1;1;1;0.6894;0.6894;1;1;0
"UpdateScene";0.6052;0.4547;4908.712;124;1628;1;2;2;6106.65800079703;3.286684;0.5524;0.6774;1858;1;1;1;1858;1;0.4547;4908.712;1628;1;0.5461
"Texture2D.GetPixels";0.5684999;0.5684999;0.5684999;1;1;1;6;6;0.568500001914799;0.5685;0.5684999;0.5684999;54;54;54;54;1;1;0.0022;0.1764;1;1;0
"UnsafeUtility.Malloc";0.5244998;0.5244998;0.5244998;1;1;1;7;9;0.52449999518285;0.5245;0.5244998;0.5244998;182;182;182;182;1;1;0.0001;0.2861;1;1;0
"Inl_ExecuteRenderGraph";0.5232;0.4854;3.0445;1450;732;1;7;7;1029.27559778094;0.5539696;0.5067;0.5684;1858;1;1;1;1858;1;0.4854;3.0445;732;1;0.5198
"Inl_RecordRenderGraph";0.5205;0.4664;7.3976;1475;1204;1;7;7;1041.52899777889;0.5605646;0.4927;0.5906;1858;1;1;1;1858;1;0.4664;7.3976;1204;1;0.5043
"Inl_On Record Render Graph";0.5089;0.4569;7.3497;567;1204;1;8;8;1016.97229743004;0.5473478;0.4813;0.5758;1858;1;1;1;1858;1;0.4569;7.3497;1204;1;0.4918
"GameObject.AddComponent";0.4984;0.4984;0.4984;1;1;1;6;6;0.498399997130036;0.4984;0.4984;0.4984;18;18;18;18;1;1;0.0152;0.0665;1;1;0
"Idle";0.4949;0.0023;3.0604;1422;1556;1;7;14;946.899697335641;0.5096338;0.3225;0.6598001;9462;5;1;9;1858;1;0.0001;2.3396;61;1;0.4628
"Profiler.ParseThreadData";0.4558;0.4558;0.4558;2;2;2;7;10;0.45579999499023;0.4558;0.4558;0.4558;8;8;8;8;1;2;0.0219;0.1169;2;2;0
"Draw Main Light Shadowmap";0.4096;0.2488;1.3845;708;1152;1763;9;9;784.807298198342;0.4223936;0.3457;0.4667;1858;1;1;1;1858;1;0.2488;1.3845;1152;1763;0.2558
"MainLightShadow";0.406;0.2474;1.3767;797;1152;1763;10;10;777.534198626876;0.4184791;0.3421;0.4629;1858;1;1;1;1858;1;0.2474;1.3767;1152;1763;0.2544
"Shadows.ExecuteDrawShadows";0.3965;0.2433;1.3611;1060;1152;1763;11;11;760.104997443035;0.4090985;0.3354;0.4522;7432;4;4;4;1858;1;0.0256;0.9578;1623;1072;0.2505
"Profiler.FlushCounters";0.387;0.285;1.0992;989;1859;1293;1;1;770.26669895649;0.4143446;0.3716;0.4242;1859;1;1;1;1859;1;0.285;1.0992;1859;1293;0.3659
"RenderLoop.Sort";0.3812;0.0179;0.9262;1371;849;1119;8;14;679.781897845474;0.380617;0.266;0.4801;8960;5;1;12;1786;1;0.0004;0.4945;455;1708;0.3862
"Shadows.ScheduleRenderJobs";0.3769;0.2292;1.3332;1635;1152;1763;12;12;723.956597756594;0.389643;0.3179;0.4306;7432;4;4;4;1858;1;0.0231;0.9502;1598;1072;0.2371
"Profiler.FlushMemoryCounters";0.3651;0.2678;1.0632;1336;1859;1293;2;2;729.080897539854;0.3921898;0.351;0.4015;1859;1;1;1;1859;1;0.2678;1.0632;1859;1293;0.3462
"LargeAllocation.Alloc";0.2896;0.2896;0.2896;1;1;1;6;9;0.289599994197488;0.2896;0.2896;0.2896;7;7;7;7;1;1;0.0248;0.0658;1;1;0
"mscorlib.dll!System::Delegate.get_Method() [Invoke]";0.27;0.27;0.27;1;1;1;7;7;0.269999995827675;0.27;0.27;0.27;2;2;2;2;1;1;0.0871;0.1829;1;1;0
"Shadows.DrawSRPBatcher";0.2626;0.1461;1.0929;1178;1152;1072;13;13;490.068997409428;0.2637616;0.2056;0.2963;24154;13;13;13;1858;1;0.0018;0.7425;700;1072;0.1513
"Unity.Collections.dll!Unity.Collections::NativeQueue`1..cctor()";0.246;0.246;0.246;1;1;1;8;8;0.24600000679493;0.246;0.246;0.246;1;1;1;1;1;1;0.246;0.246;1;1;0
"RenderLoop.CleanupNodeQueue";0.2206;0.195;0.8643;1060;441;996;4;10;463.1595984058;0.2492786;0.2069;0.255;13006;7;7;7;1858;1;0.0001;0.7987;4;996;0.4196
"SceneCulling";0.21;0.1666;2.2257;305;700;1;8;8;411.852198809385;0.2216643;0.1968;0.2364;1858;1;1;1;1858;1;0.1666;2.2257;700;1;0.2319
"DestroyCullResults";0.1928;0.1692;0.8078;1110;405;996;3;3;407.08029872179;0.219096;0.1801;0.2262;1858;1;1;1;1858;1;0.1692;0.8078;405;996;0.3885
"Shadows.PrepareDrawShadows";0.1763;0.0948;0.8518;1066;2;1528;7;7;345.848499051295;0.1861402;0.162;0.1969;3716;2;2;2;1858;1;0.0137;0.7816;2;1528;0.1922
"FixedUpdate.PhysicsFixedUpdate";0.1622;0.091;2.869;618;1046;1841;3;3;321.196899326518;0.1728724;0.1248;0.1867;2861;2;1;17;1858;1;0.0308;2.7842;252;1841;0.1589
"SceneDataContainer.TransformHierarchyChangedSetParentCallback";0.1514;0.1514;0.1514;1;1;1;7;7;0.151399999507703;0.1514;0.1514;0.1514;54;54;54;54;1;1;0.001;0.0185;1;1;0
"Physics.RunSimulationStage";0.1482;0.0818;2.8388;667;1046;1841;4;4;291.717299019918;0.1570061;0.1121;0.1688;2861;2;1;17;1858;1;0.0283;2.7649;252;1841;0.1465
"Physics.Simulate";0.1481;0.0817;2.8386;311;1046;1841;5;5;291.488698946312;0.156883;0.112;0.1687;2861;2;1;17;1858;1;0.0283;2.7648;252;1841;0.1463
"PxScene.simulate";0.1471;0.0812;2.8367;1795;1046;1841;6;6;289.843399234116;0.1559975;0.1112;0.1678;2861;2;1;17;1858;1;0.0282;2.7636;252;1841;0.1452
"UnityEngine.CoreModule.dll!UnityEngine.Pool::CollectionPool`2..cctor()";0.1462;0.1462;0.1462;2;2;2;5;5;0.146200001239777;0.1462;0.1462;0.1462;1;1;1;1;1;2;0.1462;0.1462;2;2;0
"Assembly-CSharp.dll!WFC_Sudoku::WFCBuilder..ctor() [Invoke]";0.1393;0.1393;0.1393;1;1;1;8;8;0.139299998991191;0.1393;0.1393;0.1393;9;9;9;9;1;1;0.012;0.025;1;1;0
"UnityEngine.CoreModule.dll!UnityEngine::BeforeRenderHelper..cctor()";0.138;0.138;0.138;1;1;1;6;6;0.137999996542931;0.138;0.138;0.138;1;1;1;1;1;1;0.138;0.138;1;1;0
"UnityEngine.CoreModule.dll!::TypeFlagsCache`1..cctor()";0.1315;0.1315;0.1315;1;1;1;7;9;0.13149999640882;0.1315;0.1315;0.1315;4;4;4;4;1;1;0.0263;0.0351;1;1;0
"Inl_NRPRGComp_SetupContextData";0.1302;0.1302;0.1302;1;1;1;8;8;0.130199998617172;0.1302;0.1302;0.1302;1;1;1;1;1;1;0.1302;0.1302;1;1;0
"PhysX.BpSAP.postUpdateWork";0.1275;0.1275;0.1275;1;1;1;7;7;0.127499997615814;0.1275;0.1275;0.1275;1;1;1;1;1;1;0.1275;0.1275;1;1;0
"UnsafeUtility.Free";0.1269001;0.1269001;0.1269001;1;1;1;7;10;0.12689999784925;0.1269;0.1269001;0.1269001;144;144;144;144;1;1;0.0001;0.0107;1;1;0
"Unity.Collections.dll!Unity.Collections::NativeReference`1..cctor()";0.1228;0.1228;0.1228;1;1;1;7;7;0.122800000011921;0.1228;0.1228;0.1228;1;1;1;1;1;1;0.1228;0.1228;1;1;0
"SceneVisibilityState.IsFlagSetInParents";0.1158001;0.1158001;0.1158001;1;1;1;8;9;0.115799998086004;0.1158;0.1158001;0.1158001;108;108;108;108;1;1;0.0001;0.0181;1;1;0
"Unity.RenderPipelines.Universal.Runtime.dll!UnityEngine.Rendering.Universal::UniversalAdditionalCameraData.Start() [Invoke]";0.1149;0.1149;0.1149;1;1;1;5;5;0.114900000393391;0.1149;0.1149;0.1149;1;1;1;1;1;1;0.1149;0.1149;1;1;0
"UnityEngine.CoreModule.dll!UnityEngine.Pool::GenericPool`1..cctor()";0.1125;0.1125;0.1125;1;1;1;6;6;0.112499997019768;0.1125;0.1125;0.1125;1;1;1;1;1;1;0.1125;0.1125;1;1;0
"SRPBRender.ApplyShader";0.1076;0.07279998;0.2867;1558;393;1242;13;13;204.974098910869;0.1103197;0.09739999;0.1192;52024;28;28;28;1858;1;0.0007;0.1957;69;1242;0.0892
"CullSceneDynamicObjects";0.0851;0.04;0.168;1140;243;1514;11;11;137.344499263912;0.07529852;0.0505;0.0896;2886;2;1;3;1824;1;0.0353;0.1676;1148;113;0.0508
"Assembly-CSharp.dll!::<>c..cctor()";0.0848;0.0848;0.0848;1;1;1;7;7;0.0848000012338161;0.0848;0.0848;0.0848;2;2;2;2;1;1;0.0308;0.054;1;1;0
"Destroy";0.0805;0.0351;1610.755;2;4;1;5;5;1610.87419153098;536.9581;0.0351;0.0805;49671;8;1;49662;3;1;0.0039;43.1834;1;1;0
"File.Open";0.0778;0.0778;0.0778;1;1;1;4;4;0.0777999982237816;0.0778;0.0778;0.0778;1;1;1;1;1;1;0.0778;0.0778;1;1;0
"Inl_Setup Forward Lights";0.0764;0.0672;0.3459;633;1112;1646;8;8;154.540499508381;0.08317573;0.0726;0.0873;1858;1;1;1;1858;1;0.0672;0.3459;1112;1646;0.0751
"Inl_Setup Light Constants";0.0747;0.0657;0.342;792;1112;1646;9;9;151.112399555743;0.08133068;0.0709;0.0854;1858;1;1;1;1858;1;0.0657;0.342;1112;1646;0.0736
"Assembly-CSharp.dll!WFC_Sudoku::WFCBuilder.Awake() [Invoke]";0.07260001;0.07260001;0.07260001;1;1;1;8;8;0.0726000021677464;0.0726;0.07260001;0.07260001;9;9;9;9;1;1;0.0005;0.0666;1;1;0
"Inl_NRPRGComp_BuildGraph";0.0703;0.0703;0.0703;1;1;1;8;8;0.0702999979257584;0.0703;0.0703;0.0703;1;1;1;1;1;1;0.0703;0.0703;1;1;0
"UnityEngine.PhysicsModule.dll!UnityEngine::Physics..cctor()";0.0688;0.0688;0.0688;1;1;1;9;9;0.0688000023365021;0.0688;0.0688;0.0688;1;1;1;1;1;1;0.0688;0.0688;1;1;0
"SRPBShadow.ApplyShader";0.06760001;0.0366;0.7847;985;1152;1072;14;14;129.290099413716;0.06958563;0.0554;0.07739999;29728;16;16;16;1858;1;0.0008;0.6809;91;1072;0.0383
"Inl_NRPRGComp_ExecuteBeginRenderpassCommand";0.06640001;0.0617;0.2876;1122;1526;332;8;8;129.931799377315;0.069931;0.0645;0.0703;13006;7;7;7;1858;1;0.0051;0.2269;1637;332;0.06729999
"Inl_Forward+ Setup";0.0635;0.0565;4.5481;445;1204;2;9;9;132.163699809462;0.07113224;0.0601;0.0722;1858;1;1;1;1858;1;0.0565;4.5481;1204;2;0.0632
"Inl_NRPRGComp_TryMergeNativePasses";0.0608;0.0608;0.0608;1;1;1;8;8;0.0608000010251999;0.0608;0.0608;0.0608;1;1;1;1;1;1;0.0608;0.0608;1;1;0
"CullSendEvents";0.0604;0.02;2.0666;946;814;1;9;9;119.531199768186;0.06433326;0.0556;0.0678;1858;1;1;1;1858;1;0.02;2.0666;814;1;0.0394
"File.Close";0.0577;0.0577;0.0577;1;1;1;4;4;0.0577000007033348;0.0577;0.0577;0.0577;1;1;1;1;1;1;0.0577;0.0577;1;1;0
"Bloom";0.0561;0.0472;0.1391;351;1068;907;9;9;111.16989954561;0.0598331;0.0524;0.0611;1858;1;1;1;1858;1;0.0472;0.1391;1068;907;0.0546
"CullObjectsWithoutUmbra";0.0545;0.0232;0.1508;1352;221;113;12;12;84.6725994627923;0.04642138;0.0288;0.0558;2886;2;1;3;1824;1;0.0232;0.1508;221;113;0.0281
"Inl_Bloom";0.0537;0.0472;0.2106;81;5;1498;8;8;105.219299528748;0.05663041;0.052;0.0573;1858;1;1;1;1858;1;0.0472;0.2106;5;1498;0.0528
"Inl_NRPRGComp_FindResourceUsageRanges";0.0533;0.0533;0.0533;1;1;1;8;8;0.0533000007271767;0.0533;0.0533;0.0533;1;1;1;1;1;1;0.0533;0.0533;1;1;0
"Inl_NRPRGComp_ExecuteDestroyResources";0.0525;0.0488;0.1509;1060;732;9;8;8;101.854599336264;0.05481948;0.0514;0.0548;37160;20;20;20;1858;1;0.0002;0.0465;24;884;0.0516
"Unity.RenderPipelines.Universal.Runtime.dll!::<>c..cctor()";0.052;0.052;0.052;1;1;1;10;10;0.0520000010728836;0.052;0.052;0.052;2;2;2;2;1;1;0.0259;0.0261;1;1;0
"Unity.Burst.dll!::HashCode64`1..cctor()";0.0516;0.0516;0.0516;1;1;1;9;10;0.0515999998897314;0.0516;0.0516;0.0516;3;3;3;3;1;1;0.0119;0.02;1;1;0
"Inl_NRPRGComp_ExecuteInitializeResources";0.0509;0.0466;1.3008;1816;732;1;8;8;101.062199438726;0.054393;0.04960001;0.0542;37160;20;20;20;1858;1;0;0.6879;4;1;0.0547
"Inl_UniversalRenderPipeline.ComputeShadowCasterCullingInfos";0.0496;0.0447;0.2534;169;788;641;7;7;97.4420994967222;0.05244462;0.0478;0.0537;1858;1;1;1;1858;1;0.0447;0.2534;788;641;0.0502
"Shadows.CullShadowCastersDirectional";0.0474;0.0474;0.0474;2;2;2;12;12;0.0473999995738268;0.0474;0.0474;0.0474;2;2;2;2;1;2;0.023;0.0244;2;2;0
"Assembly-CSharp.dll!WFC_Sudoku::WFCSolver..ctor() [Invoke]";0.0462;0.0462;0.0462;1;1;1;8;8;0.0461999997496605;0.0462;0.0462;0.0462;9;9;9;9;1;1;0.0025;0.0115;1;1;0
"Shadows.CullShadowCastersWithoutUmbra";0.0453;0.0453;0.0453;2;2;2;13;13;0.0452999994158745;0.0453;0.0453;0.0453;2;2;2;2;1;2;0.0222;0.0231;2;2;0
"Inl_UniversalRenderPipeline.CreateRenderingData";0.0449;0.0336;0.1552;762;686;1445;7;7;89.8082996308804;0.04833601;0.0407;0.0532;1858;1;1;1;1858;1;0.0336;0.1552;686;1445;0.0505
"Inl_UpdateVolumeFramework";0.0419;0.0354;0.1794;1232;862;1612;6;6;82.2179996035993;0.04425081;0.04;0.0453;1858;1;1;1;1858;1;0.0354;0.1794;862;1612;0.0617
"File.Write";0.0408;0.0408;0.0408;1;1;1;4;4;0.0408000014722347;0.0408;0.0408;0.0408;1;1;1;1;1;1;0.0408;0.0408;1;1;0
"Assembly-CSharp.dll!WFC_Sudoku::WFCBlueprintLayer..ctor() [Invoke]";0.0401;0.0401;0.0401;1;1;1;8;8;0.040099999809172;0.0401;0.0401;0.0401;18;18;18;18;1;1;0.0003;0.0207;1;1;0
"afterCullingOutputReady.Invoke";0.0387;0.0315;2.1193;939;814;1;8;10;76.9044995363802;0.04139101;0.0371;0.041;3716;2;2;2;1858;1;0.0117;2.06;1830;1;0.0424
"PreUpdate.SendMouseEvents";0.0378;0.0311;3.74;384;378;1;3;3;78.0272996462882;0.04199532;0.0357;0.0413;1858;1;1;1;1858;1;0.0311;3.74;378;1;0.0347
"Monobehaviour.OnMouse_";0.0376;0.031;3.7392;1031;378;1;4;4;77.7117995247245;0.04182551;0.0355;0.0411;1858;1;1;1;1858;1;0.031;3.7392;378;1;0.0346
"GameObject.Activate";0.0374;0.0374;0.0374;1;1;1;6;6;0.0373999998555519;0.0374;0.0374;0.0374;18;18;18;18;1;1;0.0008;0.0046;1;1;0
"Inl_Blit Color LUT";0.0374;0.0333;0.1851;959;455;1510;8;8;75.0524995476007;0.04039424;0.0357;0.0415;1858;1;1;1;1858;1;0.0333;0.1851;455;1510;0.0367
"UnityEngine.InputLegacyModule.dll!UnityEngine::SendMouseEvents.DoSendMouseEvents() [Invoke]";0.0367;0.0302;3.7344;235;1453;1;5;5;75.9404996726662;0.04087218;0.0347;0.0401;1858;1;1;1;1858;1;0.0302;3.7344;1453;1;0.0338
"UnityEngine.IMGUIModule.dll!UnityEngine::GUIUtility.SetSkin() [Invoke]";0.0361;0.017;0.2066;1221;927;1;3;3;71.3070995770395;0.03837842;0.0291;0.0447;1858;1;1;1;1858;1;0.017;0.2066;927;1;0.0298
"VolumeManager.Update";0.0358;0.0306;0.1275;896;862;1019;7;7;70.0494995862246;0.03770156;0.0342;0.0385;1858;1;1;1;1858;1;0.0306;0.1275;862;1019;0.0532
"Graphics.Blit";0.0352;0.0298;0.3961;406;151;1471;6;7;5.308099957183;0.04280726;0.0332;0.042;248;2;2;2;124;1;0.0149;0.1981;151;1471;0
"Inl_ColorGradingLUT";0.0343;0.0303;0.1772;1467;455;1510;9;9;68.921699559316;0.03709456;0.0327;0.0382;1858;1;1;1;1858;1;0.0303;0.1772;455;1510;0.0337
"Shadows.SplitAndSortCasters";0.0342;0.0018;0.1564;1067;726;1405;15;15;14.9904999252176;0.03603486;0.0148;0.0471;738;1;1;4;416;7;0.0014;0.1057;1138;1405;0.0507
"mscorlib.dll!System.Collections.Generic::List`1..cctor()";0.0341;0.0341;0.2765;2;2;1;6;10;0.31059999531135;0.1553;0.0341;0.0341;12;1;1;11;2;1;0.003;0.0458;1;1;0
"Profiler.RequestScreenshot";0.033;0.029;0.2249;1381;1036;1471;5;5;5.42249998264015;0.04372984;0.0317;0.0437;124;1;1;1;124;1;0.029;0.2249;1036;1471;0
"Assembly-CSharp.dll!WFC_Sudoku::TowerDefensePathGenerator..ctor() [Invoke]";0.0318;0.0318;0.0318;1;1;1;8;8;0.0318000002298504;0.0318;0.0318;0.0318;9;9;9;9;1;1;0.0031;0.0057;1;1;0
"SSAO";0.0313;0.0255;0.1085;495;1564;1752;9;9;62.2958996463567;0.03352847;0.0296;0.0338;1858;1;1;1;1858;1;0.0255;0.1085;1564;1752;0.0279
"Inl_Setup Camera Properties";0.0301;0.0275;0.0905;1235;1534;94;8;8;59.6611996199936;0.03211044;0.0291;0.0325;3716;2;2;2;1858;1;0.0095;0.0763;806;94;0.0301
"DrawSkybox";0.0298;0.0242;0.08;1534;1373;624;9;9;59.3367997314781;0.03193584;0.0284;0.0322;1858;1;1;1;1858;1;0.0242;0.08;1373;624;0.0356
"Inl_ComputeHashRenderGraph";0.0296;0.0267;0.2231;41;1128;1;7;7;60.3881997708231;0.03250172;0.0285;0.0325;1858;1;1;1;1858;1;0.0267;0.2231;1128;1;0.0279
"EarlyUpdate.PollPlayerConnection";0.0291;0.0145;0.1368;351;854;1749;3;3;53.141999669373;0.02860172;0.0224;0.0331;1858;1;1;1;1858;1;0.0145;0.1368;854;1749;0.0218
"PlayerConnection.Poll";0.0287;0.0143;0.1359;613;854;1749;4;4;52.3634997317567;0.02818272;0.0221;0.0327;1858;1;1;1;1858;1;0.0143;0.1359;854;1749;0.0214
"DrawScreenSpaceUI";0.0281;0.0208;0.3305;708;1729;571;9;9;56.0147996814921;0.0301479;0.0266;0.03;3716;2;2;2;1858;1;0.0039;0.3256;441;571;0.0264
"Inl_Draw Main Light Shadowmap";0.0272;0.0252;0.0767;474;533;161;8;8;53.9491997230798;0.02903617;0.0265;0.0289;1858;1;1;1;1858;1;0.0252;0.0767;533;161;0.0285
"Setup Camera Properties";0.0272;0.0136;0.3184;1604;229;1445;9;9;53.8607997086365;0.02898859;0.0226;0.0323;3716;2;2;2;1858;1;0.0037;0.2997;1762;1445;0.017
"Update.ScriptRunBehaviourUpdate";0.0271;0.0231;4.6686;1573;61;1;3;3;58.0238997675478;0.03122922;0.0256;0.0298;1858;1;1;1;1858;1;0.0231;4.6686;61;1;0.0253
"RG_BloomDownsample";0.0269;0.0219;0.0943;319;1362;435;10;10;53.8441997505724;0.02897966;0.0246;0.0303;1858;1;1;1;1858;1;0.0219;0.0943;1362;435;0.0243
"BehaviourUpdate";0.0266;0.0226;4.6663;1670;1512;1;4;4;57.1042995974422;0.03073428;0.0252;0.0292;1858;1;1;1;1858;1;0.0226;4.6663;1512;1;0.025
"PreUpdate.NewInputUpdate";0.0264;0.0166;16.9899;488;1815;2;3;3;88.6331003569067;0.0477035;0.0219;0.0328;1858;1;1;1;1858;1;0.0166;16.9899;1815;2;0.0193
"Shadows.ExtractShaderPassContext";0.0262;0.0171;0.7046;1503;95;1445;13;13;50.4572996275965;0.02715678;0.0238;0.0285;29728;16;16;16;1858;1;0.0008;0.6737;11;1445;0.0189
"Inl_RG_BloomDownsample";0.0259;0.0224;0.1561;1259;2;1740;9;9;50.7897997777909;0.02733574;0.0249;0.0275;1858;1;1;1;1858;1;0.0224;0.1561;2;1740;0.025
"Inl_UniversalRenderPipeline.CreateCameraData";0.025;0.0212;0.3584;411;743;1;6;6;49.0053997691721;0.02637535;0.0239;0.0267;1858;1;1;1;1858;1;0.0212;0.3584;743;1;0.0388
"Camera.RenderSkybox";0.0238;0.0193;0.0672;1457;1373;624;10;10;47.4023997616023;0.02551259;0.0228;0.0256;1858;1;1;1;1858;1;0.0193;0.0672;1373;624;0.0279
"Inl_MainLightShadow";0.0232;0.0211;0.0716;938;533;161;9;9;46.1057997141033;0.02481475;0.0226;0.0247;1858;1;1;1;1858;1;0.0211;0.0716;533;161;0.0245
"UnityEngine.AccessibilityModule.dll!::Nested..cctor()";0.0218;0.0218;0.0218;1;1;1;5;5;0.0218000002205372;0.0218;0.0218;0.0218;1;1;1;1;1;1;0.0218;0.0218;1;1;0
"PrepareSceneNodesJob";0.0217;0.0151;0.1451;1516;1481;999;12;12;36.0193998338655;0.02335889;0.0199;0.0241;1585;1;1;2;1542;2;0.015;0.1451;1494;999;0
"NativeArrayDisposeJob";0.0215;0.0215;0.0215;2;2;2;10;10;0.0215000007301569;0.0215;0.0215;0.0215;1;1;1;1;1;2;0.0215;0.0215;2;2;0
"Inl_ScriptableRenderer.SetPerCameraShaderVariables";0.0215;0.0194;0.0788;20;1158;94;9;9;42.6471996661276;0.02295328;0.0206;0.0232;3716;2;2;2;1858;1;0.0066;0.0688;1613;94;0.0215
"Unity.RenderPipelines.Core.Runtime.dll!::<>c..cctor()";0.0214;0.0214;0.0214;1;1;1;10;10;0.0214000000851229;0.0214;0.0214;0.0214;8;8;8;8;1;1;0.0017;0.004;1;1;0
"EarlyUpdate.RendererNotifyInvisible";0.0212;0.0023;0.5463;1697;1;954;3;3;54.8424997006077;0.02951695;0.017;0.03;1858;1;1;1;1858;1;0.0023;0.5463;1;954;0.0295
"Inl_RenderPipeline.EndCameraRendering";0.0211;0.0183;0.0761;840;1483;1677;6;6;41.3952998071909;0.02227949;0.0203;0.0224;1858;1;1;1;1858;1;0.0183;0.0761;1483;1677;0.0296
"GUI.Repaint";0.0207;0.0139;0.3218;1493;1054;571;10;10;41.2577997911721;0.02220549;0.0195;0.0222;1858;1;1;1;1858;1;0.0139;0.3218;1054;571;0.0195
"DrawTransparentObjects";0.0202;0.0161;0.097;451;599;782;9;9;40.8799997512251;0.02200215;0.0187;0.0227;1858;1;1;1;1858;1;0.0161;0.097;599;782;0.0273
"EditorResources.Load";0.0199;0.0082;0.1152;1293;557;581;4;4;39.4052997892722;0.02120845;0.0161;0.0248;1858;1;1;1;1858;1;0.0082;0.1152;557;581;0.0158
"BeginRenderQueueExtraction";0.0198;0.0145;0.2315;1349;1133;2;8;9;38.8308998364955;0.0208993;0.0178;0.0225;3716;2;2;2;1858;1;0.005;0.1926;443;801;0.0196
"Inl_CompileRenderGraph";0.0194;0.0168;0.4522;546;1080;1;7;7;39.3164997901767;0.02116066;0.0185;0.0215;1858;1;1;1;1858;1;0.0168;0.4522;1080;1;0.0185
"Inl_SSAO";0.0194;0.0172;0.0713;588;348;1126;8;8;38.1857998427004;0.0205521;0.0187;0.0206;1858;1;1;1;1858;1;0.0172;0.0713;348;1126;0.0185
"Inl_RG_BloomUpsample";0.0192;0.0165;0.0523;173;912;204;9;9;37.4484997540712;0.02015528;0.0184;0.0203;1858;1;1;1;1858;1;0.0165;0.0523;912;204;0.0192
"mscorlib.dll!System.Collections.Generic::List`1..ctor() [Invoke]";0.01919999;0.01919999;0.01919999;1;1;1;8;8;0.0191999995877268;0.0192;0.01919999;0.01919999;54;54;54;54;1;1;0;0.0017;1;1;0
"Inl_Forward+ Upload";0.019;0.0152;0.074;116;1079;1618;10;10;38.2065997887403;0.02056329;0.018;0.0219;1858;1;1;1;1858;1;0.0152;0.074;1079;1618;0.0197
"GC.Alloc";0.01889999;0.0012;27.54535;2;4;1;5;11;27.6333993781955;9.211133;0.0012;0.01889999;565072;99;15;564958;3;1;0;0.1384;1;1;0
"RG_BloomUpsample";0.0185;0.0161;0.0721;1628;1793;1783;10;10;37.7086997870356;0.02029532;0.0178;0.021;1858;1;1;1;1858;1;0.0161;0.0721;1793;1783;0.0189
"CopyColor";0.0184;0.0131;0.3245;1690;1177;782;9;10;37.5473997700028;0.0202085;0.0164;0.022;3716;2;2;2;1858;1;0.0056;0.1643;628;782;0.0218
"Inl_UniversalRenderPipeline.CreateShadowData";0.0175;0.0133;0.0567;792;686;1474;8;8;34.9021998560056;0.01878482;0.016;0.0204;1858;1;1;1;1858;1;0.0133;0.0567;686;1474;0.019
"Assembly-CSharp.dll!WFC_Sudoku::CellularAutomataModifier..ctor() [Invoke]";0.0165;0.0165;0.0165;1;1;1;8;8;0.0164999997941777;0.0165;0.0165;0.0165;9;9;9;9;1;1;0.0015;0.0025;1;1;0
"Inl_UniversalRenderPipeline.InitializeAdditionalCameraData";0.0165;0.0135;1.4577;1508;685;1;6;6;33.6951998537406;0.0181352;0.0156;0.0176;1858;1;1;1;1858;1;0.0135;1.4577;685;1;0.0259
"Setup Forward Lights";0.0163;0.0106;0.062;160;1420;561;9;9;31.2625998295844;0.01682594;0.0145;0.018;1858;1;1;1;1858;1;0.0106;0.062;1420;561;0.0131
"UnityEngine.CoreModule.dll!::ExecuteJobFunction.Invoke() [Invoke]";0.0155;0.0155;0.0155;2;2;2;11;11;0.0154999997466803;0.0155;0.0155;0.0155;1;1;1;1;1;2;0.0155;0.0155;2;2;0
"PostLateUpdate.UpdateAudio";0.015;0.0097;0.0703;321;745;1477;3;3;29.4912998517975;0.01587261;0.0139;0.0166;1858;1;1;1;1858;1;0.0097;0.0703;745;1477;0.014
"CullAllVisibleLights";0.0148;0.0093;0.2424;1655;1016;889;9;9;32.381499864161;0.01742815;0.0138;0.016;1858;1;1;1;1858;1;0.0093;0.2424;1016;889;0.0174
"UnityEngine.InputModule.dll!UnityEngineInternal.Input::NativeInputSystem.NotifyBeforeUpdate() [Invoke]";0.0146;0.0085;7.3665;1033;1815;1;4;4;40.4527997700498;0.02177223;0.0122;0.0185;1858;1;1;1;1858;1;0.0085;7.3665;1815;1;0.0112
"TileRangeExpansionJob (Burst)";0.0142;0.0142;0.0142;2;2;2;10;10;0.0142000000923872;0.0142;0.0142;0.0142;1;1;1;1;1;2;0.0142;0.0142;2;2;0
"Unity.RenderPipelines.Core.Runtime.dll!UnityEngine.Rendering::DebugUpdater.Update() [Invoke]";0.0138;0.0115;4.4279;504;52;1;5;5;31.5339996898547;0.01697201;0.0131;0.015;1858;1;1;1;1858;1;0.0115;4.4279;52;1;0.0125
"FixedUpdate.Physics2DFixedUpdate";0.0138;0.0099;0.423;1801;1140;1;3;3;27.2837998669129;0.0146845;0.0119;0.0153;2861;2;1;17;1858;1;0.0018;0.423;3;1;0.0136
"AudioManager.Update";0.0137;0.0087;0.0686;469;412;1477;4;4;26.9632998546585;0.014512;0.0127;0.0151;1858;1;1;1;1858;1;0.0087;0.0686;412;1477;0.0132
"Inl_UniversalRenderPipeline.CreateLightData";0.0136;0.01;0.0647;1706;686;235;8;8;27.7882998706773;0.01495603;0.0122;0.0163;1858;1;1;1;1858;1;0.01;0.0647;686;235;0.0142
"Inl_RG_UberPost";0.0135;0.0119;0.0486;646;934;106;8;8;26.9991998393089;0.01453132;0.0129;0.0148;1858;1;1;1;1858;1;0.0119;0.0486;934;106;0.0138
"EditorConnection.PollAllCustomMessages";0.0135;0.0053;0.1189;1241;1536;1749;5;5;24.6734998580068;0.0132796;0.0099;0.0157;1858;1;1;1;1858;1;0.0053;0.1189;1536;1749;0.0089
"PlayerEndOfFrame";0.0134;0.0085;0.2402;1328;1628;1471;3;3;32.5617998233065;0.01752519;0.0124;0.0155;1858;1;1;1;1858;1;0.0085;0.2402;1628;1471;0.0263
"EditorConnection.CheckForIncomingConnections";0.0131;0.007;0.0598;1557;854;145;5;5;24.5590998800471;0.01321803;0.0108;0.015;1858;1;1;1;1858;1;0.007;0.0598;854;145;0.0113
"ApplyPass.PrepareKeywords";0.0131;0.008899999;0.6661999;1409;1674;1072;12;15;25.6979995425208;0.013831;0.0121;0.0142;83610;45;45;45;1858;1;0;0.654;1676;1072;0.0134
"Assembly-CSharp.dll!WFC_Sudoku::ShrinkModifier..ctor() [Invoke]";0.013;0.013;0.013;1;1;1;8;8;0.0130000001518056;0.013;0.013;0.013;9;9;9;9;1;1;0.0009;0.0037;1;1;0
"Blit Color LUT";0.013;0.0087;0.0692;858;968;1116;9;9;24.9900998482481;0.01345;0.011;0.0146;1858;1;1;1;1858;1;0.0087;0.0692;968;1116;0.0113
"UpdateReflectionProbeAtlas";0.0126;0.008;0.0536;640;57;1158;10;10;24.3392998855561;0.01309973;0.0111;0.0141;1858;1;1;1;1858;1;0.008;0.0536;57;1158;0.0104
"ColorGradingLUT";0.0123;0.0082;0.0684;1124;968;1116;10;10;23.6714998772368;0.01274031;0.0103;0.0138;1858;1;1;1;1858;1;0.0082;0.0684;968;1116;0.0106
"Shadows.CullingCallbacks";0.0122;0.0073;0.2127;453;600;1391;8;8;26.7449998543598;0.01439451;0.0106;0.0168;1858;1;1;1;1858;1;0.0073;0.2127;600;1391;0.0104
"AssetDatabase.GetGUIDFromAssetPathV2";0.0122;0.0053;0.0545;1071;927;11;5;5;24.6206998742418;0.01325118;0.0099;0.0156;3716;2;2;2;1858;1;0.001;0.0371;557;1646;0.0094
"Inl_RG_BloomSetup";0.012;0.0104;0.1475;656;892;1855;9;9;23.8208998879418;0.01282072;0.0116;0.0128;1858;1;1;1;1858;1;0.0104;0.1475;892;1855;0.0116
"Inl_NRPRGComp_CullNodes";0.0117;0.0117;0.0117;1;1;1;8;8;0.0116999996826053;0.0117;0.0117;0.0117;1;1;1;1;1;1;0.0117;0.0117;1;1;0
"Inl_RG_UberPostSetupBloomPass";0.0115;0.0096;0.0409;1495;557;675;9;9;23.4416998755187;0.01261663;0.0109;0.0131;1858;1;1;1;1858;1;0.0096;0.0409;557;675;0.0112
"Inl_CopyColor";0.0112;0.0097;0.0735;1097;1728;116;8;9;22.0137999069411;0.01184812;0.0107;0.012;3716;2;2;2;1858;1;0.0037;0.0381;456;116;0.0111
"enterPlayModePostStart.Invoke";0.0111;0.0111;0.0111;1;1;1;3;3;0.0110999997705221;0.0111;0.0111;0.0111;1;1;1;1;1;1;0.0111;0.0111;1;1;0
"ScheduleUpdateRendererBoundingVolumes";0.0111;0.0111;0.0111;1;1;1;4;4;0.0110999997705221;0.0111;0.0111;0.0111;1;1;1;1;1;1;0.0111;0.0111;1;1;0
"Inl_UniversalRenderPipeline.SetupPerCameraShaderConstants";0.0109;0.0089;0.0394;964;170;585;7;7;21.0282998867333;0.01131771;0.0104;0.0116;1858;1;1;1;1858;1;0.0089;0.0394;170;585;0.0146
"Assembly-CSharp.dll!WFC_Sudoku::WFCBuildLayer..ctor() [Invoke]";0.0109;0.0109;0.0109;1;1;1;8;8;0.010899999702815;0.0109;0.0109;0.0109;18;18;18;18;1;1;0.0002;0.0012;1;1;0
"ZBinningJob (Burst)";0.0108;0.0108;0.0108;2;2;2;10;10;0.0108000002801418;0.0108;0.0108;0.0108;1;1;1;1;1;2;0.0108;0.0108;2;2;0
"Profiler.CollectLegacyStats";0.0107;0.0063;0.043;1274;1859;409;2;2;20.8705999017693;0.01122679;0.0101;0.0116;1859;1;1;1;1859;1;0.0063;0.043;1859;409;0.0102
"PhysX.ScScene.postBroadPhase2";0.0105;0.0038;0.2415;936;726;2;7;7;18.1952999313362;0.009792949;0.0064;0.0118;2861;2;1;17;1858;1;0.0027;0.2415;1834;2;0.0114
"PreLateUpdate.UIElementsUpdatePanels";0.0098;0.0073;1.8322;1286;1532;2;3;3;21.4700999339111;0.01155549;0.0088;0.0113;1858;1;1;1;1858;1;0.0073;1.8322;1532;2;0.0085
"Physics.FetchPhysXResults";0.0098;0.0073;0.3981;1305;1106;1;7;7;19.7795999161899;0.01064564;0.0086;0.0109;2861;2;1;17;1858;1;0.0011;0.3981;3;1;0.0092
"Inl_UniversalRenderPipeline.GetMainLightIndex";0.0096;0.0068;0.0603;46;686;235;9;9;19.6618999014609;0.01058229;0.0087;0.0113;1858;1;1;1;1858;1;0.0068;0.0603;686;235;0.0102
"Inl_Initialize Frame";0.0096;0.0084;0.0445;1549;363;1604;8;8;19.2186999171972;0.01034376;0.0092;0.0107;1858;1;1;1;1858;1;0.0084;0.0445;363;1604;0.0099
"Profiler.FlushCountersWithFlushOnEndOfFrame";0.0094;0.0078;0.0353;534;651;203;2;2;18.2095998870209;0.009795374;0.0089;0.0099;1859;1;1;1;1859;1;0.0078;0.0353;651;203;0.0086
"Shadows.Sort";0.0093;0.0002;0.0522;632;1024;1135;16;16;3.76559998855373;0.009051923;0.0013;0.0105;738;1;1;4;416;7;0.0001;0.0421;703;1135;0.016
"RG_BloomPrefilter";0.0093;0.0068;0.0385;1538;743;1481;10;10;18.862299897708;0.01015194;0.0085;0.0108;1858;1;1;1;1858;1;0.0068;0.0385;743;1481;0.0108
"UnityEngine.InputModule.dll!UnityEngineInternal.Input::NativeInputSystem.NotifyUpdate() [Invoke]";0.009;0.0059;16.3412;377;1654;2;4;4;43.2544996645302;0.02328014;0.0076;0.0113;1858;1;1;1;1858;1;0.0059;16.3412;1654;2;0.0065
"mscorlib.dll!System.Runtime.CompilerServices::AsyncTaskMethodBuilder`1..cctor()";0.0089;0.0089;0.0089;1;1;1;5;5;0.00889999978244305;0.0089;0.0089;0.0089;1;1;1;1;1;1;0.0089;0.0089;1;1;0
"EarlyUpdate.PhysicsResetInterpolatedTransformPosition";0.0088;0.0066;0.0864;1836;864;120;3;3;16.9053999232128;0.009098709;0.0079;0.0097;1858;1;1;1;1858;1;0.0066;0.0864;864;120;0.0074
"Assembly-CSharp.dll!WFC_Sudoku::AddModifier..ctor() [Invoke]";0.0087;0.0087;0.0087;1;1;1;8;8;0.00869999988935888;0.0087;0.0087;0.0087;9;9;9;9;1;1;0.0008;0.0012;1;1;0
"Inl_UniversalRenderPipeline.InitializeStackedCameraData";0.0087;0.0073;0.1153;225;246;1;7;7;17.1548999063671;0.009232992;0.0083;0.0092;1858;1;1;1;1858;1;0.0073;0.1153;246;1;0.0131
"UnityEngine.UIElementsModule.dll!UnityEngine.UIElements::UIElementsRuntimeUtilityNative.UpdatePanels() [Invoke]";0.0087;0.0064;1.8297;854;1532;2;4;4;19.1882998980582;0.0103274;0.0079;0.0099;1858;1;1;1;1858;1;0.0064;1.8297;1532;2;0.0077
"RG_UberPost";0.0086;0.0067;0.032;1679;1418;409;9;9;17.3621998876333;0.009344564;0.0082;0.0095;1858;1;1;1;1858;1;0.0067;0.032;1418;409;0.009
"UnityEngine.InputLegacyModule.dll!UnityEngine::SendMouseEvents..cctor()";0.0084;0.0084;0.0084;1;1;1;7;7;0.00839999970048666;0.0084;0.0084;0.0084;1;1;1;1;1;1;0.0084;0.0084;1;1;0
"Inl_Setup Main Shadowmap";0.0083;0.0069;0.0949;1157;1352;1;9;9;17.7211999287829;0.009537783;0.0078;0.0099;1858;1;1;1;1858;1;0.0069;0.0949;1352;1;0.0077
"UnityEngine.IMGUIModule.dll!UnityEngine::Event.Internal_MakeMasterEventCurrent() [Invoke]";0.0083;0.0047;0.1258;1371;1054;1303;5;11;16.2133999087382;0.008726264;0.0076;0.0091;1859;1;1;2;1858;1;0.0029;0.1258;2;1303;0.0086
"Physics.Raycast";0.008;0.0066;0.1051;1460;530;654;6;6;15.9831999409944;0.008602368;0.0076;0.0087;1858;1;1;1;1858;1;0.0066;0.1051;530;654;0.0069
"Profiler.CollectPhysicsStats";0.0078;0.0055;0.0854;141;864;120;4;4;14.8906999244355;0.008014371;0.0069;0.0086;1858;1;1;1;1858;1;0.0055;0.0854;864;120;0.0066
"Physics.PublishResultsStage";0.0078;0.0045;0.9068;704;660;1;4;4;17.0454998915084;0.009174112;0.0066;0.0099;2861;2;1;17;1858;1;0.001;0.9068;844;1;0.0068
"Inl_DrawOpaqueObjects";0.0078;0.006;0.0267;815;887;4;8;8;15.2378999223001;0.008201238;0.0074;0.0084;1858;1;1;1;1858;1;0.006;0.0267;887;4;0.0072
"VolumeManager.ReplaceData";0.0077;0.0064;0.0322;1846;304;486;8;8;15.4674999467097;0.008324811;0.0074;0.0084;1858;1;1;1;1858;1;0.0064;0.0322;304;486;0.0129
"UnityEngine.InputModule.dll!UnityEngineInternal.Input::NativeInputSystem.ShouldRunUpdate() [Invoke]";0.0075;0.0051;0.0428;1730;1777;934;4;4;14.6996999231487;0.007911571;0.0066;0.0087;6577;4;3;19;1858;1;0.0002;0.0392;3;934;0.007
"Audio.FMODSystemUpdate";0.0075;0.0033;0.0511;689;1680;1682;5;5;14.4531999207102;0.007778902;0.007;0.0082;1858;1;1;1;1858;1;0.0033;0.0511;1680;1682;0.0075
"LowLevelPhysics2D.PhysicsWorld.SimulateBatch";0.0075;0.0053;0.4147;1006;1538;1;4;4;14.814199914661;0.007973197;0.0063;0.0082;4719;3;2;18;1858;1;0;0.4146;3;1;0.0077
"InputSystemPlayerLoopRunnerInitializationSystem";0.0074;0.0047;0.3159;1345;977;1;3;3;14.6759999315254;0.007898816;0.0062;0.0086;1858;1;1;1;1858;1;0.0047;0.3159;977;1;0.0074
"CullSceneDynamicObjectsCombineJob";0.0072;0.0045;0.0178;584;113;1428;10;10;1.34839999256656;0.007059686;0.007;0.0074;191;1;1;1;191;2;0.0045;0.0178;113;1428;0
"InputUpdate";0.0071;0.0045;16.334;272;1216;2;5;5;39.2902994169854;0.02114655;0.0059;0.0088;1858;1;1;1;1858;1;0.0045;16.334;1216;2;0.0052
"Inl_UpdateReflectionProbeAtlas";0.0069;0.0058;0.0283;943;455;577;10;10;13.8880999335088;0.007474758;0.0066;0.0078;1858;1;1;1;1858;1;0.0058;0.0283;455;577;0.007
"Physics.SwapPhysXBuffersJob";0.0068;0.005;0.3942;762;1504;1;8;8;13.8378999222768;0.00744774;0.006;0.0075;2861;2;1;17;1858;1;0.0007;0.3942;844;1;0.0061
"Profiler.ScreenshotUpdate";0.0068;0.0021;0.233;1300;1628;1471;4;4;20.4570998994168;0.01101028;0.0061;0.008;1858;1;1;1;1858;1;0.0021;0.233;1628;1471;0.0165
"UpdateScreenManagerAndInput";0.0068;0.0025;0.0974;1535;326;642;3;3;14.1541999247856;0.007617976;0.0053;0.0093;1858;1;1;1;1858;1;0.0025;0.0974;326;642;0.0065
"Inl_ScriptableRenderer.AddRenderPasses";0.0062;0.0048;0.1421;240;285;555;7;7;12.6954999337904;0.006832885;0.0058;0.0071;1858;1;1;1;1858;1;0.0048;0.1421;285;555;0.006
"LowLevelPhysics2D.PhysicsWorld.Simulate";0.0062;0.0044;0.4127;1273;688;1;5;5;12.3392999226926;0.006641173;0.0052;0.0068;2861;2;1;17;1858;1;0.0011;0.4127;3;1;0.0065
"GI.OnEnterPlaymode";0.0061;0.0061;0.0061;1;1;1;4;4;0.00609999988228083;0.0061;0.0061;0.0061;1;1;1;1;1;1;0.0061;0.0061;1;1;0
"GUI.ProcessEvents";0.0061;0.0061;0.0061;2;2;2;4;4;0.00609999988228083;0.0061;0.0061;0.0061;1;1;1;1;1;2;0.0061;0.0061;2;2;0
"Unity.RenderPipelines.Universal.Runtime.dll!UnityEngine.Rendering.Universal::TaaHistory..cctor()";0.006;0.006;0.006;1;1;1;7;7;0.00600000005215406;0.006;0.006;0.006;1;1;1;1;1;1;0.006;0.006;1;1;0
"Material.SetPassFast";0.006;0.0045;0.033;1805;1135;924;11;11;12.2899999199435;0.006614639;0.0057;0.0066;1858;1;1;1;1858;1;0.0045;0.033;1135;924;0.0063
"Gfx.EndAsyncJobFrame";0.0059;0.0036;0.0317;683;370;996;3;6;11.4284999418451;0.006150969;0.0054;0.0066;5584;3;3;11;1858;1;0.0001;0.0264;2;996;0.0052
"Inl_NRPRGComp_PrepareNativePass";0.0059;0.0059;0.0059;1;1;1;8;8;0.00589999989460921;0.0059;0.0059;0.0059;9;9;9;9;1;1;0.0001;0.0017;1;1;0
"TimeUpdate.WaitForLastPresentationAndUpdateTime";0.0057;0.0039;0.0508;547;1189;657;3;3;11.0598999331705;0.005952583;0.0051;0.0064;1858;1;1;1;1858;1;0.0039;0.0508;1189;657;0.005
"Shadows.CullDirectionalShadowCasters";0.0057;0.0033;0.2108;818;618;1366;10;10;13.4746999654453;0.007252261;0.0051;0.0063;1858;1;1;1;1858;1;0.0033;0.2108;618;1366;0.0063
"UnityEngine.CoreModule.dll!UnityEngine.Rendering::SupportedRenderingFeatures.IsLightmapBakeTypeSupportedByRef() [Invoke]";0.0057;0.0034;0.0579;1071;415;1855;9;9;11.5231999503449;0.006201937;0.0049;0.0069;1858;1;1;1;1858;1;0.0034;0.0579;415;1855;0.0069
"FrameEvents.NewInputBeforeRenderUpdate";0.0057;0.0039;0.0518;1282;52;84;3;3;13.0557998968288;0.007026803;0.0049;0.0089;1858;1;1;1;1858;1;0.0039;0.0518;52;84;0.0094
"PrepareSceneCullingParameters";0.0056;0.0038;0.0505;471;443;176;8;8;10.7053999337368;0.005761787;0.0052;0.006;1858;1;1;1;1858;1;0.0038;0.0505;443;176;0.0077
"WaitForRenderJobs";0.0055;0.0033;0.0309;447;370;996;4;7;10.5363999573674;0.005670829;0.005;0.006;5584;3;3;11;1858;1;0.0001;0.0261;2;996;0.0048
"Physics.SendEvents";0.0055;0.003;0.9043;971;1203;1;5;5;12.5927999261767;0.00677761;0.0046;0.0074;2861;2;1;17;1858;1;0.0006;0.9043;3;1;0.0047
"UnityEngine.CoreModule.dll!::UpdateFunction.Invoke() [Invoke]";0.0055;0.0033;0.3127;1325;1552;1;4;4;11.0743999485858;0.005960388;0.0047;0.0064;1858;1;1;1;1858;1;0.0033;0.3127;1552;1;0.0058
"Update.ScriptRunDelayedTasks";0.0054;0.0039;7.1768;1488;3;1;3;3;18.2093996931799;0.009800538;0.005;0.0061;1858;1;1;1;1858;1;0.0039;7.1768;3;1;0.0047
"Profiler.SessionMetadata";0.0054;0.0054;0.008400001;2;2;1;1;1;0.0137999999642489;0.0069;0.0054;0.0054;28;14;14;14;2;1;0.0001;0.0013;2;1;0
"PreLateUpdate.ParticleSystemBeginUpdateAll";0.0053;0.0044;0.05;1661;273;774;3;3;10.5895999590866;0.005699462;0.0051;0.0058;1858;1;1;1;1858;1;0.0044;0.05;273;774;0.0047
"EarlyUpdate.InsightsUpdate";0.0053;0.0032;0.6603;1689;430;1450;3;3;11.1265999621246;0.005988482;0.0049;0.0058;1858;1;1;1;1858;1;0.0032;0.6603;430;1450;0.0057
"Image.AllocateImageData";0.0052;0.004;0.0361;31;121;46;6;6;0.0920999995432794;0.008372727;0.0043;0.0066;11;1;1;1;11;1;0.004;0.0361;121;46;0
"ParticleSystem.Update";0.0052;0.0043;0.0498;880;303;774;4;4;10.326499953866;0.005557858;0.0049;0.0056;1858;1;1;1;1858;1;0.0043;0.0498;303;774;0.0045
"UnityEngine.CoreModule.dll!UnityEngine.Experimental.Rendering::ScriptableRuntimeReflectionSystemWrapper.Internal_ScriptableRuntimeReflectionSystemWrapper_TickRealtimeProbes() [Invoke]";0.0052;0.0038;0.4695;1157;170;1;3;3;10.9445999409072;0.005890527;0.0048;0.0058;1858;1;1;1;1858;1;0.0038;0.4695;170;1;0.0044
"Inl_RG_BloomPrefilter";0.0052;0.0044;0.0315;1480;142;250;9;9;10.1492999512702;0.005462486;0.005;0.0056;1858;1;1;1;1858;1;0.0044;0.0315;142;250;0.0051
"Unity.RenderPipelines.Core.Runtime.dll!UnityEngine.Rendering.RenderGraphModule::RasterRenderGraphPass`1..cctor()";0.0051;0.0051;0.0051;1;1;1;9;9;0.0050999999511987;0.0051;0.0051;0.0051;3;3;3;3;1;1;0.0014;0.0022;1;1;0
"Inl_ScriptableRenderer.SetupCullingParameters";0.005;0.0041;0.0754;19;162;231;7;7;9.71729993121698;0.005229978;0.0047;0.0052;1858;1;1;1;1858;1;0.0041;0.0754;162;231;0.0068
"Inl_LightCookies";0.005;0.0038;0.0226;1492;1331;183;10;10;9.94589993264526;0.005353014;0.0047;0.0055;1858;1;1;1;1858;1;0.0038;0.0226;1331;183;0.0052
"PreLateUpdate.EndGraphicsJobsAfterScriptUpdate";0.0049;0.0026;0.0175;473;1468;1088;3;3;9.31489996565506;0.005013402;0.0044;0.0054;1858;1;1;1;1858;1;0.0026;0.0175;1468;1088;0.0038
"UnityEngine.CoreModule.dll!UnityEngine::UnitySynchronizationContext.ExecuteTasks() [Invoke]";0.0049;0.0033;7.167;1378;3;1;4;4;17.2110997587442;0.00926324;0.0045;0.0055;1858;1;1;1;1858;1;0.0033;7.167;3;1;0.0043
"RenderTarget.GrabPixels";0.0049;0.0004;0.0098;1546;1;856;6;6;0.619399995572167;0.004995161;0.0045;0.0053;124;1;1;1;124;1;0.0004;0.0098;1;856;0
"EndGraphicsJobs";0.0048;0.0028;0.0173;1342;1468;1088;3;4;9.23699994535127;0.004971475;0.0043;0.0054;5574;3;3;3;1858;1;0;0.0173;2;1088;0.0038
"PostLateUpdate.UpdateCustomRenderTextures";0.0047;0.0023;0.0244;1378;1468;105;3;3;9.04219995252788;0.004866631;0.0044;0.0052;1858;1;1;1;1858;1;0.0023;0.0244;1468;105;0.0038
"EarlyUpdate.ProcessRemoteInput";0.0047;0.0031;0.0247;1495;652;696;3;3;9.0780999569688;0.004885952;0.0042;0.0053;1858;1;1;1;1858;1;0.0031;0.0247;652;696;0.0041
"Assembly-CSharp.dll!::PathPoint..ctor() [Invoke]";0.004699999;0.004699999;0.004699999;1;1;1;8;8;0.00469999985216418;0.0047;0.004699999;0.004699999;27;27;27;27;1;1;0;0.0004;1;1;0
"Physics.PrepareSimulationStage";0.0046;0.0029;0.2031;1296;666;2;4;4;9.27759996824898;0.004993326;0.0039;0.0055;2861;2;1;17;1858;1;0.0009;0.2031;3;2;0.0042
"Unity.RenderPipelines.Core.Runtime.dll!UnityEngine.Rendering::Volume.Update() [Invoke]";0.0046;0.0034;0.1584;1460;745;1;5;5;9.21369995968416;0.004958934;0.0043;0.0051;1858;1;1;1;1858;1;0.0034;0.1584;745;1;0.0045
"ProcessRemoteInput";0.0046;0.0031;0.0245;1816;652;696;4;4;8.89429996930994;0.004787029;0.0041;0.0052;1858;1;1;1;1858;1;0.0031;0.0245;652;696;0.004
"CullShadowCastersScriptable";0.0046;0.0031;0.0357;1819;206;2;7;7;9.40749996597879;0.00506324;0.0042;0.0053;1858;1;1;1;1858;1;0.0031;0.0357;206;2;0.0055
"Inl_UniversalRenderPipeline.SetupPerFrameShaderConstants";0.0045;0.0033;0.1574;24;334;116;5;5;8.85829997295514;0.004767654;0.004;0.005;1858;1;1;1;1858;1;0.0033;0.1574;334;116;0.0071
"UnityEditor.CoreModule.dll!UnityEditor::Selection.Internal_NonSelectedObjectWasDestroyed() [Invoke]";0.0044;0.0026;78.60663;2;4;1;6;6;79.0200980590598;26.34003;0.0026;0.0044;618623;8;1;618614;3;1;0;0.0788;1;1;0
"PostUpdateScreenManagerAndInput";0.0043;0.0016;0.0457;32;1093;295;3;3;8.32579997053836;0.004481055;0.0038;0.0049;1858;1;1;1;1858;1;0.0016;0.0457;1093;295;0.0036
"PrepareSceneNodesSetUp";0.0043;0.0031;0.0214;66;130;486;12;12;0.0287999994397978;0.0096;0.0031;0.0043;4;1;1;2;3;66;0.0001;0.0213;486;486;0
"Profiler.CollectAudioStats";0.0043;0.0019;0.0336;159;1859;409;3;3;8.2265999687952;0.004425283;0.0039;0.0047;3718;2;2;2;1859;1;0.0006;0.0307;1859;409;0.0043
"Inl_DrawTransparentObjects";0.0043;0.0039;0.0127;1222;1421;1096;8;8;8.33599998662248;0.004486545;0.0042;0.0044;1858;1;1;1;1858;1;0.0039;0.0127;1421;1096;0.0042
"CustomRenderTextures.Update";0.0043;0.002;0.0239;1351;1781;105;4;4;8.25189997511916;0.004441281;0.004;0.0047;1858;1;1;1;1858;1;0.002;0.0239;1781;105;0.0034
"Unity.RenderPipelines.Universal.Runtime.dll!::TypeId`1..cctor()";0.0042;0.0042;0.0042;1;1;1;7;9;0.00419999996665865;0.0042;0.0042;0.0042;3;3;3;3;1;1;0.0007;0.0019;1;1;0
"EarlyUpdate.UpdatePreloading";0.0042;0.0019;0.0212;288;498;1109;3;3;7.78559997468255;0.004190312;0.0037;0.0046;1858;1;1;1;1858;1;0.0019;0.0212;498;1109;0.0044
"PhysX.FinalizeUpdateTask";0.0042;0.0007;0.3121;1408;1570;1;7;7;8.06929997319821;0.004343003;0.003;0.0049;2861;2;1;17;1858;1;0.0007;0.3121;1570;1;0.0045
"FixedUpdate.NewInputFixedUpdate";0.0042;0.0021;0.0322;1465;828;25;3;3;8.87999995914288;0.004779333;0.0034;0.0057;2861;2;1;17;1858;1;0.0005;0.029;3;25;0.0044
"Physics.SendContactEvents";0.0041;0.0021;0.902;871;800;1;6;6;9.74589997937437;0.005245371;0.0033;0.0057;2861;2;1;17;1858;1;0.0004;0.902;583;1;0.0033
"PhysX.ScScene.updateDynamics";0.0041;0.0016;0.0642;1106;754;356;7;7;8.5617999494425;0.004608073;0.0034;0.0054;2861;2;1;17;1858;1;0.0006;0.0614;3;356;0.0044
"Loading.UpdatePreloading";0.004;0.0018;0.021;684;260;1109;4;4;7.46589997271076;0.004018245;0.0036;0.0044;1858;1;1;1;1858;1;0.0018;0.021;260;1109;0.0042
"Physics.SyncTransforms";0.0039;0.0023;0.2026;1104;727;2;5;5;7.85219998692628;0.004226157;0.0033;0.0047;2861;2;1;17;1858;1;0.0008;0.2026;3;2;0.0036
"Inl_ScriptableRenderer.ClearRenderingState";0.0038;0.0032;0.0303;1351;288;130;9;9;7.52389996382408;0.004049462;0.0036;0.0042;1858;1;1;1;1858;1;0.0032;0.0303;288;130;0.004
"PostLateUpdate.PlayerUpdateCanvases";0.0038;0.0027;0.1877;1803;312;1;3;3;7.64169998699799;0.004112863;0.0036;0.0042;1858;1;1;1;1858;1;0.0027;0.1877;312;1;0.0039
"PhysX.ScScene.destroyManagers";0.0037;0.0012;0.0361;1606;125;252;7;7;7.55569996125996;0.004066577;0.0027;0.0053;2861;2;1;17;1858;1;0.0004;0.0225;336;1717;0.0054
"LowLevelPhysics2D.PhysicsWorld.RenderWorlds";0.0037;0.0028;0.0485;265;164;1677;7;7;7.24539996753447;0.003899569;0.0034;0.004;1858;1;1;1;1858;1;0.0028;0.0485;164;1677;0.0058
"ScheduleShadowSplitMasksComputation";0.0037;0.0019;0.0346;516;240;2;8;8;7.39559997827746;0.003980409;0.0033;0.0042;1858;1;1;1;1858;1;0.0019;0.0346;240;2;0.0044
"PrepareSceneNodes";0.0037;0.0029;0.125;1359;753;2;9;9;7.41709996713325;0.003991981;0.0035;0.004;1858;1;1;1;1858;1;0.0029;0.125;753;2;0.0043
"RenderingCommandBuffer.PrepareKeywords";0.0036;0.0023;0.02289999;495;1413;1009;10;11;7.37989985894819;0.003971959;0.0033;0.004000001;42734;23;23;23;1858;1;0;0.0201;1;1009;0.0031
"UpdatePreloading";0.0036;0.0014;0.0205;365;1460;1109;5;5;6.64569998369552;0.003576803;0.0031;0.004;1858;1;1;1;1858;1;0.0014;0.0205;1460;1109;0.0037
"EarlyUpdate.ExecuteMainThreadJobs";0.0036;0.0009;0.3955;1241;3;1;3;3;7.29649998655077;0.003927072;0.0033;0.004;1858;1;1;1;1858;1;0.0009;0.3955;3;1;0.0031
"FindBrightestDirectionalLight";0.0035;0.0022;0.0321;645;1693;237;10;11;6.87209996354068;0.003698654;0.0032;0.0039;3716;2;2;2;1858;1;0.0008;0.0297;451;237;0.0057
"Inl_DrawScreenSpaceUI";0.0034;0.0029;0.3282;482;39;1;8;8;6.96099998161662;0.003746502;0.0032;0.0036;3716;2;2;2;1858;1;0.0011;0.1662;39;1;0.0033
"PostLateUpdate.MemoryFrameMaintenance";0.0034;0.0003;0.165;1014;1;1266;3;3;6.9956999719434;0.003765178;0.0031;0.0038;1858;1;1;1;1858;1;0.0003;0.165;1;1266;0.0027
"UnityEngine.CoreModule.dll!::<>c..cctor()";0.0033;0.0033;0.0043;1;1;2;6;7;0.00760000012814999;0.0038;0.0033;0.0033;2;1;1;1;2;1;0.0033;0.0043;1;2;0
"ReflectionProbes.Update";0.0033;0.0022;0.0302;16;170;1237;4;4;6.51629996998236;0.003507158;0.003;0.0037;1858;1;1;1;1858;1;0.0022;0.0302;170;1237;0.0027
"Inl_Set Motion Vector Global Matrices";0.0033;0.0026;0.2531;1342;1431;1;8;8;6.80489997984841;0.003662487;0.0031;0.0037;1858;1;1;1;1858;1;0.0026;0.2531;1431;1;0.0029
"Find dependency chain";0.0033;0.0016;0.1833;807;2;450;7;14;6.59359987641801;0.003548762;0.003;0.0037;15924;9;3;43;1858;1;0;0.1811;126;450;0.0038
"Application.Integrate Assets in Background";0.0032;0.0011;0.0202;519;260;1109;6;6;5.88799996511079;0.003168999;0.0027;0.0035;1858;1;1;1;1858;1;0.0011;0.0202;260;1109;0.0033
"PostLateUpdate.UpdateAllRenderers";0.0032;0.0023;2.8285;680;247;1;3;3;9.04070000979118;0.004865823;0.0029;0.0035;1858;1;1;1;1858;1;0.0023;2.8285;247;1;0.0032
"EarlyUpdate.AnalyticsCoreStatsUpdate";0.0032;0.0005;0.1718;1163;1;776;3;3;6.43599997687852;0.00346394;0.0029;0.0036;1858;1;1;1;1858;1;0.0005;0.1718;1;776;0.0026
"Inl_Draw Additional Lights Shadowmap";0.0032;0.0026;0.0234;1615;81;810;8;8;6.35939998924732;0.003422713;0.003;0.0035;1858;1;1;1;1858;1;0.0026;0.0234;81;810;0.0029
"Audibility computation";0.0032;0.001;0.0455;1706;1680;1682;6;6;6.22379996918608;0.003349731;0.003;0.0036;1858;1;1;1;1858;1;0.001;0.0455;1680;1682;0.0033
"FrameEvents.OnBeforeRenderCallback";0.0031;0.0024;0.4305;1524;315;1;3;3;6.72059997962788;0.003617115;0.0029;0.0035;1858;1;1;1;1858;1;0.0024;0.4305;315;1;0.0032
"Cleanup Unused Cached Data";0.003;0.0019;0.018;148;185;48;4;4;5.66909996955656;0.003051184;0.0027;0.0033;1858;1;1;1;1858;1;0.0019;0.018;185;48;0.0022
"CompileRenderGraph";0.003;0.0015;0.0343;404;289;1562;8;8;5.83569997816812;0.00314085;0.0026;0.0035;1858;1;1;1;1858;1;0.0015;0.0343;289;1562;0.002
"EarlyUpdate.PlayerCleanupCachedData";0.003;0.002;0.018;1219;185;48;3;3;5.77929997234605;0.003110495;0.0028;0.0033;1858;1;1;1;1858;1;0.002;0.018;185;48;0.0022
"Inl_DrawDepthNormalPrepass";0.003;0.0027;0.0345;1779;45;884;8;8;5.93819997995161;0.003196017;0.0029;0.0032;1858;1;1;1;1858;1;0.0027;0.0345;45;884;0.0029
"Initialization.DirectorSampleTime";0.0029;0.0018;0.0215;1373;1211;547;3;3;5.72539997799322;0.003081485;0.0026;0.0033;1858;1;1;1;1858;1;0.0018;0.0215;1211;547;0.0026
"PhysX.NpScene.execution";0.0028;0.0017;0.0485;106;1723;119;7;7;5.51569994901365;0.002968622;0.0024;0.0032;2861;2;1;17;1858;1;0.0001;0.0451;3;119;0.0025
"JobDebuggerFrameMaintenance";0.0028;0.0001;0.0152;298;2;4;4;4;5.29649996486842;0.002850646;0.0025;0.0031;1858;1;1;1;1858;1;0.0001;0.0152;2;4;0.0022
"PhysX.ScScene.islandInsertion";0.0028;0.0019;0.0362;596;734;1734;7;7;5.47689995063411;0.00294774;0.0025;0.0031;2861;2;1;17;1858;1;0.0002;0.0359;561;1734;0.0027
"Profiler.CollectEditorStats";0.0028;0.0011;0.0281;943;1859;1025;1;1;5.57739996304736;0.003000215;0.0026;0.0032;1859;1;1;1;1859;1;0.0011;0.0281;1859;1025;0.0023
"PlayerCleanupCachedData";0.0028;0.0019;0.0179;976;185;48;5;5;5.38689996488392;0.0028993;0.0026;0.0031;1858;1;1;1;1858;1;0.0019;0.0179;185;48;0.0021
"PhysX.ScScene.islandGen";0.0028;0.0009;0.2539;1511;754;2;7;7;6.00049993957509;0.003229548;0.0023;0.0033;2861;2;1;17;1858;1;0.0004;0.2539;1717;2;0.0028
"PhysX.ScScene.rigidBodyNarrowPhase";0.0028;0.0019;0.021;1712;131;1118;7;7;5.47669995363685;0.002947632;0.0026;0.0032;2861;2;1;17;1858;1;0.0002;0.021;3;1118;0.0028
"UnityEngine.CoreModule.dll!UnityEngine.Rendering::SupportedRenderingFeatures.IsUIOverlayRenderedBySRP() [Invoke]";0.0027;0.0016;0.1213;361;612;1;3;3;5.72169996378943;0.003079494;0.0024;0.0032;1858;1;1;1;1858;1;0.0016;0.1213;612;1;0.005
"PostLateUpdate.RenderAs2DUpdate";0.0027;0.0017;0.0231;1264;1654;1647;3;3;5.30119997041766;0.002853175;0.0024;0.0031;1858;1;1;1;1858;1;0.0017;0.0231;1654;1647;0.0023
"UIEvents.WillRenderCanvases";0.0026;0.0018;0.1861;674;312;1;4;4;5.22879996965639;0.002814209;0.0024;0.0029;1858;1;1;1;1858;1;0.0018;0.1861;312;1;0.0029
"InputSystem.onBeforeUpdate";0.0026;0.0012;3.1709;1041;1216;1;5;5;9.11750007607043;0.004907158;0.0021;0.0032;1858;1;1;1;1858;1;0.0012;3.1709;1216;1;0.0022
"UnityEngine.CoreModule.dll!UnityEngine.Rendering::RenderPipelineManager.HandleRenderPipelineChange() [Invoke]";0.0026;0.0019;0.2398;1068;76;1;3;3;5.34009993739892;0.002874112;0.0024;0.0029;3716;2;2;2;1858;1;0.0009;0.2377;25;1;0.0025
"Graphics.DrawProcedural";0.0025;0.0013;0.0206;133;1138;853;10;11;5.51999988557509;0.002970936;0.002299999;0.0029;42734;23;23;23;1858;1;0;0.0177;1;853;0.0023
"PreLateUpdate.AccessibilityUpdate";0.0025;0.0019;0.5112;862;51;1;3;3;5.36209997395054;0.002885953;0.0023;0.0028;1858;1;1;1;1858;1;0.0019;0.5112;51;1;0.0025
"FixedUpdate.AudioFixedUpdate";0.0025;0.0015;0.0316;877;103;330;3;3;5.0346999795438;0.002709742;0.0021;0.003;2861;2;1;17;1858;1;0.0002;0.0202;3;385;0.0023
"Director.SampleTime";0.0025;0.0016;0.021;1466;1637;547;4;4;5.00409997627139;0.002693272;0.0022;0.0029;1858;1;1;1;1858;1;0.0016;0.021;1637;547;0.0023
"PreUpdate.InputForUIUpdate";0.0025;0.0017;0.1829;1508;826;1;3;3;5.19419996032957;0.002795587;0.0023;0.0029;1858;1;1;1;1858;1;0.0017;0.1829;826;1;0.0023
"PhysX.ScScene.processLostContact2";0.0025;0.0006;0.0269;1640;364;232;7;7;5.40950002873433;0.002911464;0.0019;0.0038;2861;2;1;17;1858;1;0.0004;0.0269;1169;232;0.0035
"LowLevelPhysics2D.PhysicsWorld.PreSimulate";0.0024;0.0016;0.2962;1754;170;1;6;6;5.18269999505719;0.002789397;0.0022;0.0028;2861;2;1;17;1858;1;0.0003;0.2962;3;1;0.0028
"ReflectionProbeAnchorManagerUpdate";0.0024;0.0014;0.0121;805;1147;1260;8;10;4.55639995240199;0.002452314;0.0021;0.0027;5574;3;3;3;1858;1;0.0002;0.0112;75;1260;0.0029
"UGUI.Rendering.UpdateBatches";0.0024;0.0017;0.1855;1324;312;1;5;5;4.9233999614371;0.002649839;0.0022;0.0027;1858;1;1;1;1858;1;0.0017;0.1855;312;1;0.0027
"PreUpdate.AIUpdate";0.0023;0.0017;0.0551;204;336;1;3;3;4.44989998103119;0.002394995;0.0021;0.0025;1858;1;1;1;1858;1;0.0017;0.0551;336;1;0.0018
"PhysX.ScScene.processLostContact";0.0023;0.0005;0.0333;600;993;295;7;7;5.04759999504313;0.002716685;0.0017;0.0035;2861;2;1;17;1858;1;0.0003;0.0333;1000;295;0.0034
"UnityEngine.CoreModule.dll!UnityEngine::Application.InvokeOnBeforeRender() [Invoke]";0.0023;0.0017;0.4238;936;1104;1;4;4;5.05939996335655;0.002723035;0.0021;0.0025;1858;1;1;1;1858;1;0.0017;0.4238;1104;1;0.0024
"Inl_Setup Additional Shadows";0.0023;0.0012;0.0218;1353;952;122;9;9;4.54869997140486;0.00244817;0.0021;0.0026;1858;1;1;1;1858;1;0.0012;0.0218;952;122;0.0019
"PreUpdate.WindUpdate";0.0022;0.0015;0.0255;373;296;896;3;3;4.23239999217913;0.002277933;0.002;0.0025;1858;1;1;1;1858;1;0.0015;0.0255;296;896;0.0017
"Initialization.AsyncUploadTimeSlicedUpdate";0.0022;0.0004;0.0148;1579;1683;1575;3;3;3.7129999732424;0.001998385;0.001;0.0027;1858;1;1;1;1858;1;0.0004;0.0148;1683;1575;0.0025
"UnityEngine.PhysicsModule.dll!UnityEngine::Physics.OnSceneContact() [Invoke]";0.0021;0.001;0.8947;48;810;1;7;7;5.24869995700283;0.002824919;0.0016;0.0029;2861;2;1;17;1858;1;0.0001;0.8947;252;1;0.0018
"Inl_Forward+ Complete";0.0021;0.0015;0.0142;172;532;1592;10;10;4.31130000110716;0.002320398;0.0019;0.0025;1858;1;1;1;1858;1;0.0015;0.0142;532;1592;0.0024
"Physics2D.Simulate";0.0021;0.0012;0.0207;309;103;1714;4;4;4.07589999109041;0.002193703;0.0018;0.0024;2861;2;1;17;1858;1;0.0003;0.0203;3;850;0.0022
"RenderTexture.GarbageCollectTemporary";0.0021;0.0012;0.0451;459;1593;1753;3;6;4.08299995100242;0.002197524;0.0019;0.0024;3716;2;2;2;1858;1;0.0003;0.0428;184;1753;0.0016
"CoroutinesDelayedCalls";0.0021;0.0011;4873.367;619;1125;1;4;4;4877.57204086377;2.625173;0.0018;0.0024;10293;6;5;21;1858;1;0;2341.743;3;1;0.0038
"PrepareSceneNodesCombineJob";0.0021;0.001;0.0189;1515;1785;1126;12;12;2.27499999222346;0.002146226;0.0019;0.0023;1060;1;1;1;1060;3;0.001;0.0189;1785;1126;0.0022
"Preload Single Step";0.002;0.0001;0.0189;398;47;1109;7;7;3.52199998293509;0.001895587;0.0015;0.0022;1858;1;1;1;1858;1;0.0001;0.0189;47;1109;0.0021
"PhysX.PostBroadPhaseStage2Task";0.002;0.0012;0.021;448;100;361;7;7;3.98609998999746;0.002145371;0.0017;0.0024;2861;2;1;17;1858;1;0.0003;0.0205;3;361;0.002
"PhysX.DirtyShapeUpdatesTask";0.0019;0.0019;0.0019;1;1;1;7;7;0.0019000000320375;0.0019;0.0019;0.0019;1;1;1;1;1;1;0.0019;0.0019;1;1;0
"Unity.RenderPipelines.Core.Runtime.dll!UnityEngine.Rendering.RenderGraphModule::UnsafeRenderGraphPass`1..cctor()";0.0019;0.0019;0.0019;1;1;1;9;9;0.0019000000320375;0.0019;0.0019;0.0019;1;1;1;1;1;1;0.0019;0.0019;1;1;0
"Profiler.CollectUIStats";0.0019;0.0009;0.0269;414;1859;1025;2;2;3.77059999655467;0.002028295;0.0017;0.0021;1859;1;1;1;1859;1;0.0009;0.0269;1859;1025;0.0016
"SpeedTreeWindManager.Update";0.0019;0.0013;0.025;513;296;896;4;4;3.65360000124201;0.001966415;0.0017;0.0021;1858;1;1;1;1858;1;0.0013;0.025;296;896;0.0014
"PrepareUpdateRendererBoundingVolumes";0.0019;0.0009999999;0.0297;674;217;957;4;10;3.6409999575335;0.001959634;0.0017;0.0021;9290;5;5;5;1858;1;0.0001;0.0285;3;957;0.0018
"AudioManager.FixedUpdate";0.0019;0.0011;0.0308;986;103;330;4;4;3.76339997445757;0.002025511;0.0016;0.0023;2861;2;1;17;1858;1;0.0001;0.0198;252;385;0.0017
"Physics.ReadTransforms";0.0018;0.001;0.0206;73;100;1019;5;5;3.55039996447158;0.001910872;0.0015;0.0021;2861;2;1;17;1858;1;0.0003;0.0201;3;1019;0.0018
"FindActiveLights";0.0018;0.001;0.1954;146;725;1721;10;10;3.65099999774247;0.001965016;0.0016;0.002;1858;1;1;1;1858;1;0.001;0.1954;725;1721;0.0022
"PhysX.NpScene.completion";0.0018;0.0011;0.0215;524;1121;665;7;7;3.49189996678615;0.001879386;0.0016;0.002;2861;2;1;17;1858;1;0.0002;0.0188;3;290;0.0017
"TimeManager.Update";0.0018;0.0007;0.02;693;1;1612;4;4;3.51079999213107;0.001889559;0.0015;0.002;1858;1;1;1;1858;1;0.0007;0.02;1;1612;0.0015
"PhysX.AABBManager::postBroadPhaseStage3";0.0018;0.0011;0.0499;1616;393;1082;7;7;3.68329997456021;0.0019824;0.0016;0.0021;2861;2;1;17;1858;1;0.0001;0.0496;613;1082;0.0018
"TransformChangeSystem";0.0018;0.0009;0.1029;1190;194;1110;4;9;3.65039992353559;0.001964693;0.0016;0.0021;22593;14;10;74;1858;1;0;0.1009;1;1110;0.0014
"UnityEngine.InputForUIModule.dll!UnityEngine.InputForUI::EventProvider.NotifyUpdate() [Invoke]";0.0017;0.001;0.1741;567;1263;1;4;4;3.51369998103473;0.00189112;0.0015;0.002;1858;1;1;1;1858;1;0.001;0.1741;1263;1;0.0016
"Profiler.SerializeStats";0.0017;0.0009;0.0201;1705;1859;705;3;3;3.49039999395609;0.001877569;0.0016;0.0019;1859;1;1;1;1859;1;0.0009;0.0201;1859;705;0.0021
"Shadows.CullShadowCastersDirectionalDetail";0.0017;0.0017;0.0017;2;2;2;13;13;0.00169999996433035;0.0017;0.0017;0.0017;2;2;2;2;1;2;0.0006;0.0011;2;2;0
"PhysX.ScScene.advanceStep";0.0017;0.0008;0.0145;1313;2;10;7;7;3.31539997374057;0.001784392;0.0014;0.0021;2861;2;1;17;1858;1;0.0003;0.0128;3;10;0.0015
"UnityEngine.CoreModule.dll!UnityEngine.Experimental.Rendering::ScriptableRuntimeReflectionSystemSettings.get_Internal_ScriptableRuntimeReflectionSystemSettings_instance() [Invoke]";0.0016;0.0016;0.0016;1;1;1;3;3;0.0015999999595806;0.0016;0.0016;0.0016;1;1;1;1;1;1;0.0016;0.0016;1;1;0
"PhysX.ScScene.collideStep";0.0016;0.0011;0.055;487;1;13;7;7;3.11799995725596;0.001678149;0.0014;0.0018;2861;2;1;17;1858;1;0.0001;0.055;3;13;0.0015
"PhysX.ScScene.broadPhase";0.0016;0.0008;0.0384;651;874;138;7;7;3.17459996864636;0.001708611;0.0014;0.0018;2861;2;1;17;1858;1;0.0001;0.0381;3;138;0.0014
"UnityEngine.AccessibilityModule.dll!UnityEngine.Accessibility::AccessibilityManager.Internal_Update() [Invoke]";0.0016;0.0012;0.5023;1454;635;1;4;4;3.69600001245271;0.001989236;0.0015;0.0018;1858;1;1;1;1858;1;0.0012;0.5023;635;1;0.0014
"UnityEngine.UnityAnalyticsModule.dll!UnityEngine::RemoteSettings.RemoteSettingsUpdateCompleted() [Invoke]";0.0015;0.0015;0.0015;1;1;1;4;4;0.00150000001303852;0.0015;0.0015;0.0015;1;1;1;1;1;1;0.0015;0.0015;1;1;0
"UIElements.CollectLayoutNodes";0.0015;0.0006;0.0426;475;261;1304;5;5;2.92379998008255;0.001574475;0.0012;0.0018;1857;1;1;1;1857;2;0.0006;0.0426;261;1304;0.0012
"JobHandle.Complete";0.0015;0.0009;14.3039;595;1065;1;7;11;17.452200199361;0.009393004;0.0013;0.0018;1894;1;1;37;1858;1;0.0009;12.345;1065;1;0.0018
"PhysX.ScScene.preRigidBodyNarrowPhase";0.0015;0.0009;0.0122;1279;529;413;7;7;3.01249995689432;0.001621367;0.0013;0.0018;2861;2;1;17;1858;1;0.0001;0.0122;3;413;0.0014
"CullResultsToNativeArrays";0.0015;0.0008;0.0551;1430;660;66;8;8;3.29369998141192;0.001772713;0.0013;0.0019;1858;1;1;1;1858;1;0.0008;0.0551;660;66;0.0013
"PhysX.ScScene.afterIntegration";0.0015;0.001;0.0203;1702;681;372;7;7;3.12589995759481;0.0016824;0.0014;0.0018;2861;2;1;17;1858;1;0.0001;0.0203;3;372;0.0012
"Inl_ScriptableRenderer.InternalFinishRenderingCommon";0.0014;0.0008;0.0122;221;1576;339;7;7;2.72579997236608;0.001467061;0.0012;0.0016;1858;1;1;1;1858;1;0.0008;0.0122;1576;339;0.0013
"Inl_DrawSkybox";0.0014;0.001;0.1867;1315;919;1;8;8;2.99019996658899;0.001609365;0.0013;0.0016;1858;1;1;1;1858;1;0.001;0.1867;919;1;0.0012
"PreUpdate.Physics2DUpdate";0.0014;0.0011;0.0169;1769;1156;326;3;3;2.8838999705622;0.001552153;0.0014;0.0016;1858;1;1;1;1858;1;0.0011;0.0169;1156;326;0.0012
"PhysX.ScScene.rigidBodySolver";0.0013;0.0009;0.0202;80;1;1054;7;7;2.53459997824393;0.00136489;0.0011;0.0014;2856;2;1;17;1857;1;0.0001;0.0197;3;8;0.0013
"EarlyUpdate.UpdateContentLoading";0.0013;0.0008;0.0253;399;279;1082;3;3;2.49359997309512;0.001342088;0.0011;0.0014;1858;1;1;1;1858;1;0.0008;0.0253;279;1082;0.0013
"FrameEvents.XRBeginFrame";0.0013;0.0008;0.0116;673;554;87;3;3;2.51309996924829;0.001352583;0.0011;0.0014;1858;1;1;1;1858;1;0.0008;0.0116;554;87;0.0011
"Inl_RG_SetupPostFX";0.0013;0.001;0.0037;1256;882;594;8;8;2.58689995785244;0.001392304;0.0012;0.0014;1858;1;1;1;1858;1;0.001;0.0037;882;594;0.0014
"LOD.ComputeLOD";0.0012;0.0007;0.0217;664;1166;500;9;10;2.37349998891295;0.001277449;0.0011;0.0013;3716;2;2;2;1858;1;0.0001;0.0112;5;500;0.002
"AudioProfiler.CaptureFrame";0.0012;0.0006;0.0287;278;20;409;4;4;2.28349997394253;0.001228349;0.001;0.0013;1859;1;1;1;1859;1;0.0006;0.0287;20;409;0.001
"EarlyUpdate.ClearLines";0.0012;0.0006;0.0045;364;1612;1652;3;3;2.24889997777063;0.001210387;0.001;0.0013;1858;1;1;1;1858;1;0.0006;0.0045;1612;1652;0.0011
"UnityEngine.CoreModule.dll!UnityEngine.Rendering::OnDemandRendering.GetRenderFrameInterval() [Invoke]";0.0012;0.0007;0.3645;746;503;1;3;3;2.68869997485308;0.001447094;0.001;0.0014;1858;1;1;1;1858;1;0.0007;0.3645;503;1;0.0011
"Initialization.XREarlyUpdate";0.0012;0.0008;0.0265;1041;130;1672;3;3;2.41489997453755;0.001299731;0.0011;0.0014;1858;1;1;1;1858;1;0.0008;0.0265;130;1672;0.001
"Draw Additional Lights Shadowmap";0.0012;0.0006;0.0464;1240;229;849;9;9;2.4561999795842;0.001321959;0.001;0.0015;1858;1;1;1;1858;1;0.0006;0.0464;229;849;0.0008
"AddDirectionalLights";0.0012;0.0004;0.0326;1493;1096;122;10;10;2.41459997979109;0.001299569;0.001;0.0014;1858;1;1;1;1858;1;0.0004;0.0326;1096;122;0.0018
"LowLevelPhysics2D.PhysicsWorld.PostSimulate";0.0011;0.0006;0.1108;43;566;1;6;6;2.12499995871622;0.001143703;0.0008;0.0012;2861;2;1;17;1858;1;0.0002;0.1108;3;1;0.0009999999
"SpeedTreeWindManager.UpdateGlobalAndLocalWinds";0.0011;0.0006;0.0029;111;296;1213;5;5;2.02989998459816;0.001092519;0.0009;0.0012;1858;1;1;1;1858;1;0.0006;0.0029;296;1213;0.0008
"updateScene.Invoke";0.0011;0.0006;0.0237;269;1317;1266;3;3;2.11909998807823;0.001140527;0.0009;0.0013;1858;1;1;1;1858;1;0.0006;0.0237;1317;1266;0.0008
"ReflectionProbeAnchorPositionUpdate";0.0011;0.0006;0.011;272;40;1260;9;11;2.08669997182733;0.001123089;0.0009;0.0012;5574;3;3;3;1858;1;0.0001;0.0107;3;1260;0.0015
"Physics2D.SyncTransformChanges";0.0011;0.0006;0.0186;468;37;1714;5;5;2.16839997717761;0.001167061;0.0008;0.0014;2861;2;1;17;1858;1;0.0003;0.0171;3;1714;0.0011
"PreLateUpdate.Physics2DLateUpdate";0.0011;0.0007;0.0121;503;1066;654;3;3;2.19829999451758;0.001183154;0.001;0.0013;1858;1;1;1;1858;1;0.0007;0.0121;1066;654;0.0009
"PhysX.ScScene.updateCCDMultiPass";0.0011;0.0007;0.0061;708;118;1636;7;7;2.14059998595621;0.001152099;0.0009;0.0012;2861;2;1;17;1858;1;0.0001;0.0058;3;1636;0.0009999999
"FixedUpdate.ScriptRunBehaviourFixedUpdate";0.0011;0.0007;0.0038;867;85;252;3;3;2.1841999856988;0.001175565;0.0009;0.0014;2861;2;1;17;1858;1;0.0001;0.0025;3;471;0.0009999999
"Inl_Setup Debug Properties";0.0011;0.0008;0.0199;1193;715;136;8;8;2.26049999753013;0.001216631;0.001;0.0013;1858;1;1;1;1858;1;0.0008;0.0199;715;136;0.0013
"PreLateUpdate.ConstraintManagerUpdate";0.0011;0.0008;0.0195;1441;1796;10;3;3;2.25829999084817;0.001215447;0.001;0.0013;1858;1;1;1;1858;1;0.0008;0.0195;1796;10;0.0011
"PhysX.ScScene.postBroadPhase";0.001;0.001;0.001;1;1;1;7;7;0.00100000004749745;0.001;0.001;0.001;1;1;1;1;1;1;0.001;0.001;1;1;0
"EarlyUpdate.ScriptRunDelayedStartupFrame";0.001;0.0005;1690.348;551;1468;1;3;3;1692.25965624384;0.9107963;0.0009;0.0011;1858;1;1;1;1858;1;0.0005;1690.348;1468;1;0.0009
"Initialize Frame";0.001;0.0006;0.0609;1319;124;177;9;9;1.95489999116398;0.001052153;0.0009;0.0011;1858;1;1;1;1858;1;0.0006;0.0609;124;177;0.0007
"PreLateUpdate.ScriptRunBehaviourLateUpdate";0.001;0.0007;0.007;1617;555;1006;3;3;2.04589999775635;0.00110113;0.0009;0.0012;1858;1;1;1;1858;1;0.0007;0.007;555;1006;0.001
"PhysX.ScScene.postSolver";0.0009999999;0.0005;0.0243;54;113;1237;7;7;1.94389996027166;0.001046233;0.0008;0.0011;2861;2;1;17;1858;1;0.0001;0.0239;252;1237;0.0013
"FixedUpdate.DirectorFixedUpdate";0.0009999999;0.0005;0.0419;1763;746;91;3;3;2.09189996633359;0.001125888;0.0008;0.0012;2861;2;1;17;1858;1;0.0001;0.0418;3;91;0.0009
"TextureStreamingManager.RemoveTexture";0.0009;0.0009;0.0009;2;2;2;6;6;0.000899999977264088;0.0009;0.0009;0.0009;8;8;8;8;1;2;0.0001;0.0002;2;2;0
"Unity.AppUI.dll!Unity.AppUI.Core::AppUIManagerBehaviour.Update() [Invoke]";0.0009;0.0006;0.056;339;22;1;5;5;1.78469997248612;0.000960549;0.0008;0.001;1858;1;1;1;1858;1;0.0006;0.056;22;1;0.0007
"PhysX.ScScene.postNarrowPhase";0.0009;0.0004;0.0108;572;257;437;7;7;1.75999996476457;0.0009472551;0.0007;0.0011;2861;2;1;17;1858;1;0.0001;0.0106;3;437;0.0008
"GarbageCollector.CollectIncremental";0.0009;0.0001;0.0153;731;1;704;4;4;1.75289998074732;0.0009434338;0.0007;0.0011;1858;1;1;1;1858;1;0.0001;0.0153;1;704;0.0009
"UnityEngine.Physics2DModule.dll!UnityEngine.LowLevelPhysics2D::PhysicsEvents.InvokePreSimulate() [Invoke]";0.0009;0.0005;0.2913;748;61;1;7;7;2.08159995839378;0.001120344;0.0007;0.0011;2861;2;1;17;1858;1;0.0001;0.2913;3;1;0.0008
"PhysX.ScScene.secondPassNarrowPhase";0.0009;0.0006;0.0341;990;53;711;7;7;1.85579996070737;0.0009988159;0.0008;0.0011;2861;2;1;17;1858;1;0.0001;0.0339;3;711;0.0009999999
"EarlyUpdate.UpdateInputManager";0.0009;0.0003;0.0117;1210;6;1301;3;3;1.75939998310059;0.0009469322;0.0007;0.0011;1858;1;1;1;1858;1;0.0003;0.0117;6;1301;0.0009
"UnityEngine.AIModule.dll!UnityEngine.AI::NavMesh.Internal_CallOnNavMeshPreUpdate() [Invoke]";0.0009;0.0007;0.0465;1420;170;1;4;4;1.89529998862417;0.001020075;0.0009;0.001;1858;1;1;1;1858;1;0.0007;0.0465;170;1;0.0008
"PreUpdate.PhysicsUpdate";0.0009;0.0005;0.0186;1505;587;1793;3;3;1.86639998469036;0.001004521;0.0008;0.0011;1858;1;1;1;1858;1;0.0005;0.0186;587;1793;0.0007
"PostLateUpdate.PhysicsSkinnedClothBeginUpdate";0.0009;0.0006;0.045;1620;21;351;3;3;1.90109998866683;0.001023197;0.0008;0.0011;1858;1;1;1;1858;1;0.0006;0.045;21;351;0.0007
"Profiler.CollectVideoStats";0.0009;0.0006;0.0068;1851;29;246;3;3;1.8891999872867;0.001016245;0.0009;0.0011;1859;1;1;1;1859;1;0.0006;0.0068;29;246;0.0006
"Inl_NRPRGComp_DetectMemorylessResources";0.0008;0.0008;0.0008;1;1;1;8;8;0.0007999999797903;0.0008;0.0008;0.0008;1;1;1;1;1;1;0.0008;0.0008;1;1;0
"TerrainManager.CullAllTerrains";0.0008;0.0004;0.0111;71;162;1356;8;8;1.46159996677306;0.0007866523;0.0007;0.0008;1858;1;1;1;1858;1;0.0004;0.0111;162;1356;0.0008
"Physics.CalculateChangedColliderTransforms";0.0008;0.0003;0.0314;402;393;1491;6;6;1.53489997650468;0.0008261033;0.0006;0.0009;2861;2;1;17;1858;1;0;0.0314;520;1491;0.0004
"Camera.Render";0.0008;0.0002;0.0192;578;42;1710;3;3;2.24029998808692;0.001205759;0.0005;0.0018;1858;1;1;1;1858;1;0.0002;0.0192;42;1710;0.0019
"AddCustomActiveLocalLights";0.0008;0.0005;0.0205;760;1021;831;10;10;1.61089996766532;0.0008670075;0.0007;0.0009;1858;1;1;1;1858;1;0.0005;0.0205;1021;831;0.0009
"PostLateUpdate.ProfilerEndFrame";0.0008;0.0003;0.0466;1121;343;1236;3;3;1.69589997633011;0.0009127556;0.0007;0.001;1858;1;1;1;1858;1;0.0003;0.0466;343;1236;0.0011
"Renderers.OncePerFrameUpdate";0.0008;0.0004;0.004;1207;259;1123;4;4;1.59669997770106;0.0008593649;0.0007;0.001;1858;1;1;1;1858;1;0.0004;0.004;259;1123;0.0009
"PostLateUpdate.AccessibilityLateUpdate";0.0008;0.0006;0.0698;1468;242;1;3;3;1.72959996858845;0.0009308934;0.0008;0.0009;1858;1;1;1;1858;1;0.0006;0.0698;242;1;0.0008
"PreUpdate.UpdateVideo";0.0008;0.0004;0.0082;1505;1808;481;3;3;1.64739997449215;0.0008866523;0.0007;0.001;1858;1;1;1;1858;1;0.0004;0.0082;1808;481;0.0006
"Physics.UpdateRigidbodies";0.0008;0.0004;0.0195;1718;761;1019;6;6;1.74479996166338;0.0009390743;0.0007;0.001;2861;2;1;17;1858;1;0.0001;0.0192;3;1019;0.0008
"PhysX.ScScene.finalizationPhase";0.0007;0.0004;0.0074;162;1;1798;7;7;1.41449998469034;0.0007613025;0.0006;0.0009;2861;2;1;17;1858;1;0.0001;0.0069;3;1798;0.0006
"Physics.UpdateArticulations";0.0007;0.0004;0.0187;205;31;64;6;6;1.45689997348381;0.0007841227;0.0006;0.0009;2861;2;1;17;1858;1;0;0.0187;3;64;0.0008
"UGUI.Rendering.EmitWorldScreenspaceCameraGeometry";0.0007;0.0004;0.0238;698;296;1584;3;4;1.42479998170165;0.0007668461;0.0006;0.0008;3716;2;2;2;1858;1;0.0001;0.0235;8;1584;0.0007
"FixedUpdate.PhysicsClothFixedUpdate";0.0007;0.0003;0.0265;1143;32;215;3;3;1.51689997615176;0.0008164155;0.0006;0.0009;2861;2;1;17;1858;1;0;0.0264;252;215;0.0006
"EarlyUpdate.XRUpdate";0.0007;0.0004;0.0049;196;101;751;3;3;1.30569996673148;0.0007027449;0.0006;0.0007;1858;1;1;1;1858;1;0.0004;0.0049;101;751;0.0005
"ClothManager.LateUpdate";0.0007;0.0004;0.0445;807;50;351;4;4;1.41729997491348;0.0007628095;0.0006;0.0008;1858;1;1;1;1858;1;0.0004;0.0445;50;351;0.0005
"Physics2D.CollectProfileInfo";0.0007;0.0004;0.007;868;260;653;4;4;1.39079997199588;0.0007485468;0.0006;0.0008;1858;1;1;1;1858;1;0.0004;0.007;260;653;0.0006
"EarlyUpdate.ClearIntermediateRenderers";0.0007;0.0003;0.0046;1216;182;984;3;3;1.3874999707914;0.0007467707;0.0006;0.0008;1858;1;1;1;1858;1;0.0003;0.0046;182;984;0.0006
"Inl_RenderPipeline.BeginContextRendering";0.0007;0.0004;0.0023;1340;1357;1601;5;5;1.50789996780804;0.0008115715;0.0006;0.0009;1858;1;1;1;1858;1;0.0004;0.0023;1357;1601;0.0012
"PostLateUpdate.VFXUpdate";0.0007;0.0004;0.0025;1584;341;1297;3;3;1.45359996927436;0.0007823466;0.0006;0.0009;1858;1;1;1;1858;1;0.0004;0.0025;341;1297;0.0006
"Physics.Interpolation";0.0007;0.0004;0.0192;1836;358;547;4;4;1.47259996650246;0.0007925726;0.0007;0.0009;3716;2;2;2;1858;1;0;0.0192;2;547;0.0005
"LowLevelPhysics2D.PhysicsWorld.Transform.WriteTweens";0.0007;0.0005;0.0112;1858;72;1085;4;4;1.48619996529305;0.0007998924;0.0007;0.0008;1858;1;1;1;1858;1;0.0005;0.0112;72;1085;0.0007
"PhysX.ScScene.postBroadPhaseCont";0.0006;0.0003;0.0311;753;206;1682;7;7;1.30189998088463;0.0007006997;0.0005;0.0008;2861;2;1;17;1858;1;0.0001;0.0311;3;1682;0.0005
"UnityEngine.Physics2DModule.dll!UnityEngine.LowLevelPhysics2D::PhysicsEvents.InvokePostSimulate() [Invoke]";0.0006;0.0004;0.1063;975;22;1;7;7;1.3753999844339;0.0007402583;0.0005;0.0008;2861;2;1;17;1858;1;0.0001;0.1063;3;1;0.0006
"LightCookies";0.0006;0.0003;0.0075;3;57;27;10;10;1.09029998752521;0.0005868138;0.0005;0.0006;1858;1;1;1;1858;1;0.0003;0.0075;57;27;0.0006
"PostLateUpdate.UpdateAllSkinnedMeshes";0.0006;0.0003;0.0075;278;298;1590;3;3;1.13489998807199;0.0006108181;0.0005;0.0007;1858;1;1;1;1858;1;0.0003;0.0075;298;1590;0.0006
"EarlyUpdate.UpdateStreamingManager";0.0006;0.0002;0.0034;349;22;155;3;3;1.08979998288851;0.0005865447;0.0005;0.0007;1858;1;1;1;1858;1;0.0002;0.0034;22;155;0.0007
"PhysX.ScScene.postBroadPhase3";0.0006;0.0003;0.0228;549;139;695;7;7;1.15919999437756;0.0006238967;0.0005;0.0007;2861;2;1;17;1858;1;0.0001;0.0228;3;695;0.0009
"PostLateUpdate.ShaderHandleErrors";0.0006;0.0003;0.0023;696;17;1;3;3;1.14449998480268;0.0006159849;0.0005;0.0007;1858;1;1;1;1858;1;0.0003;0.0023;17;1;0.0005
"UIR.Free";0.0006;0.0003;0.0196;737;21;1541;5;5;1.2279999848397;0.0006612816;0.0004;0.0008;1857;1;1;1;1857;2;0.0003;0.0196;21;1541;0.0003
"RenderTarget.SetActive";0.0006;0;0.0133;826;659;800;6;11;1.96859996335115;0.001059526;0.0005;0.0008;41031;22;22;43;1858;1;0;0.0126;1;800;0.0001
"PhysX.ScScene.processLostContact3";0.0006;0.0002;0.1431;934;1580;1;7;7;0.342299989424646;0.001111364;0.0004;0.0008;329;1;1;2;308;1;0.0001;0.1431;391;1;0
"UnityEngine.UIModule.dll!UnityEngine::Canvas.SendPreWillRenderCanvases() [Invoke]";0.0006;0.0004;0.1505;966;32;1;6;6;1.34259997706977;0.0007226049;0.0005;0.0007;1858;1;1;1;1858;1;0.0004;0.1505;32;1;0.0006
"suspendPointHook.Invoke";0.0006;0.0003;0.0068;1008;316;954;7;7;1.1925999824598;0.000641873;0.0005;0.0007;1858;1;1;1;1858;1;0.0003;0.0068;316;954;0.0006
"LateBehaviourUpdate";0.0006;0.0004;0.0063;1254;37;1006;4;4;1.22529997560196;0.0006594725;0.0006;0.0007;1858;1;1;1;1858;1;0.0004;0.0063;37;1006;0.0005
"PostLateUpdate.UpdateRectTransform";0.0006;0.0003;0.1022;1418;1491;1110;3;3;1.34279997757403;0.0007227126;0.0006;0.0007;1858;1;1;1;1858;1;0.0003;0.1022;1491;1110;0.0007
"Initialization.SynchronizeInputs";0.0006;0.0003;0.0447;1465;422;466;3;3;1.27929997548927;0.000688536;0.0006;0.0007;1858;1;1;1;1858;1;0.0003;0.0447;422;466;0.0006
"FixedUpdate.ScriptRunDelayedFixedFrameRate";0.0006;0.0002;2341.745;1616;21;1;3;3;2343.19942887891;1.261141;0.0004;0.0009;2861;2;1;17;1858;1;0.0001;2341.745;12;1;0.0006
"Physics2D.SyncRigidbodyTransformChanges";0.0006;0.0003;0.0048;1677;31;252;6;6;1.2645999677552;0.0006806243;0.0005;0.0008;2861;2;1;17;1858;1;0.0001;0.0025;3;301;0.0004
"PreUpdate.IMGUISendQueuedEvents";0.0006;0.0003;0.0289;1720;345;1090;3;3;1.30809998422046;0.0007040366;0.0005;0.0008;1858;1;1;1;1858;1;0.0003;0.0289;345;1090;0.0005
"EarlyUpdate.UnityWebRequestUpdate";0.0006;0.0002;0.0036;1721;1119;1690;3;3;1.24109997598862;0.0006679763;0.0005;0.0007;1858;1;1;1;1858;1;0.0002;0.0036;1119;1690;0.0005
"PostLateUpdate.UpdateResolution";0.0006;0.0004;0.0197;1784;115;783;3;3;1.30629996946664;0.0007030678;0.0006;0.0007;1858;1;1;1;1858;1;0.0004;0.0197;115;783;0.0005
"MeshRendererPrepareDispatchUpdate";0.0005;0.0005;0.0005;1;1;1;5;5;0.000500000023748726;0.0005;0.0005;0.0005;1;1;1;1;1;1;0.0005;0.0005;1;1;0
"webRequestStop.Invoke";0.0005;0.0003;0.0013;2;1721;916;4;4;0.00340000001597218;0.00068;0.0005;0.0008;5;1;1;1;5;1;0.0003;0.0013;1721;916;0
"PostLateUpdate.TriggerEndOfFrameCallbacks";0.0005;0.0002;0.0021;37;89;783;3;3;0.881999996738159;0.000474704;0.0004;0.0005;1858;1;1;1;1858;1;0.0002;0.0021;89;783;0.0004
"PostLateUpdate.SortingGroupsUpdate";0.0005;0.0002;0.0108;184;178;1680;3;3;0.904699999649893;0.0004869214;0.0004;0.0005;1858;1;1;1;1858;1;0.0002;0.0108;178;1680;0.0003
"EarlyUpdate.UpdateAsyncInstantiate";0.0005;0.0002;0.0068;399;427;276;3;3;0.931199989194283;0.0005011841;0.0004;0.0006;1858;1;1;1;1858;1;0.0002;0.0068;427;276;0.0007
"UI.RenderOverlays";0.0005;0.0003;0.0025;412;41;1186;10;10;0.943499999993946;0.0005078041;0.0004;0.0005;1858;1;1;1;1858;1;0.0003;0.0025;41;1186;0.0005
"FrameEvents.XREndFrame";0.0005;0.0002;0.0039;447;165;222;4;4;0.932799991904176;0.0005020452;0.0004;0.0006;1858;1;1;1;1858;1;0.0002;0.0039;165;222;0.0005
"FixedBehaviourUpdate";0.0005;0.0002;0.002099999;554;1425;252;4;4;1.04839998525858;0.0005642626;0.0004;0.0007;2861;2;1;17;1858;1;0;0.0013;3;1819;0.0005
"UIEvents.CanvasManagerEmitOffScreenGeometry";0.0005;0.0003;0.0238;563;47;1584;3;3;0.985899996769149;0.0005306243;0.0004;0.0006;1858;1;1;1;1858;1;0.0003;0.0238;47;1584;0.0005
"EarlyUpdate.UpdateTextureStreamingManager";0.0005;0.0003;0.0025;693;1;149;3;3;0.941200005210703;0.0005065662;0.0004;0.0005;1858;1;1;1;1858;1;0.0003;0.0025;1;149;0.0006
"GeneralConnection.Poll";0.0005;0.0002;0.0187;877;1208;778;5;5;1.0002999939461;0.0005383746;0.0004;0.0006;1858;1;1;1;1858;1;0.0002;0.0187;1208;778;0.0004
"Profiler.CollectGIStats";0.0005;0.0001;0.0057;969;1845;369;3;3;0.979999997573032;0.0005271651;0.0004;0.0006;1859;1;1;1;1859;1;0.0001;0.0057;1845;369;0.0003
"FixedUpdate.LegacyFixedAnimationUpdate";0.0005;0.0002;0.026;1085;77;177;3;3;1.11139999079751;0.0005981701;0.0004;0.0006;2861;2;1;17;1858;1;0;0.026;3;177;0.0006
"ContentLoadFrontend.IntegrateUpdate";0.0005;0.0003;0.0046;1291;3;209;4;4;1.01559999774327;0.0005466093;0.0005;0.0006;1858;1;1;1;1858;1;0.0003;0.0046;3;209;0.0008
"EarlyUpdate.DispatchEventQueueEvents";0.0005;0.0003;0.0029;1559;4;155;3;3;1.056899990479;0.0005688375;0.0005;0.0006;1858;1;1;1;1858;1;0.0003;0.0029;4;155;0.0006
"CombineJobResults";0.0005;0.0001;0.1785;1678;23;1528;10;11;1.53879999851051;0.00308996;0.0003;0.0065;561;1;1;3;498;1;0.0001;0.172;23;1528;0.0005
"QueuePrepareIntegrateMainThreadObjects";0.0005;0.0002;0.0205;624;658;65;9;10;1.11839997001516;0.0006019375;0.0004;0.0005;3716;2;2;2;1858;1;0.0001;0.0203;37;65;0.0003
"PhysX.ThirdPassIslandGenTask";0.0005;0.0002;0.0065;706;87;1569;7;7;0.940999980339257;0.0005064586;0.0004;0.0006;2861;2;1;17;1858;1;0.0001;0.0063;3;1569;0.0004
"FixedUpdate.DirectorFixedUpdatePostPhysics";0.0005;0.0001;0.003499999;1296;1103;252;3;3;1.0090999694221;0.0005431108;0.0003;0.0007;2861;2;1;17;1858;1;0.0001;0.0028;3;327;0.0003
"PhysX.ScScene.processLostSolverPatchesTask";0.0005;0.0001;0.0107;1557;1552;186;7;7;1.00079998887668;0.0005395148;0.0004;0.0006;2851;2;1;17;1855;1;0;0.0107;3;186;0.0004
"Physics.SendTriggerEvents";0.0005;0.0002;0.0019;1571;1246;796;6;6;1.02569998095714;0.0005520452;0.0004;0.0006;2861;2;1;17;1858;1;0;0.0018;3;325;0.0005
"UnityEngine.CoreModule.dll!UnityEngine.Rendering::OnDemandRendering..cctor()";0.0004;0.0004;0.0004;1;1;1;4;4;0.00039999998989515;0.0004;0.0004;0.0004;1;1;1;1;1;1;0.0004;0.0004;1;1;0
"Inl_RenderPipeline.BeginCameraRendering";0.0004;0.0002;0.0029;93;33;1248;6;6;0.707399978113244;0.0003807319;0.0003;0.0004;1858;1;1;1;1858;1;0.0002;0.0029;33;1248;0.0005
"Flush DSP connections";0.0004;0.0001;0.0198;165;374;615;7;7;0.730999982719368;0.0003934338;0.0003;0.0004;1858;1;1;1;1858;1;0.0001;0.0198;374;615;0.0005
"GlobalEventQueue";0.0004;0.0001;0.0028;300;122;155;4;4;0.742399984803342;0.0003995694;0.0003;0.0005;1858;1;1;1;1858;1;0.0001;0.0028;122;155;0.0004
"addCustomLights.Invoke";0.0004;0.0001;0.0139;410;166;235;11;11;0.716299982654164;0.0003855221;0.0003;0.0004;13006;7;7;7;1858;1;0;0.0137;1;235;0.0005
"Inl_RenderPipeline.EndContextRendering";0.0004;0.0001;0.0055;440;22;885;5;5;0.735599984480359;0.0003959096;0.0003;0.0004;1858;1;1;1;1858;1;0.0001;0.0055;22;885;0.0003
"ParticleSystem.EndUpdateAll";0.0004;0.0002;0.0188;533;234;1111;4;5;0.775799974420806;0.0004175457;0.0003;0.0005;5574;3;3;3;1858;1;0;0.0187;1;1111;0.0003
"PhysX.ScScene.postIslandGen";0.0004;0.0001;0.011;544;583;812;7;7;0.81959997623926;0.0004415948;0.0003;0.0005;2844;2;1;15;1856;1;0;0.0109;3;812;0.0003
"CleanUp.TextRenderingGarbageCollect";0.0004;0.0002;0.0034;606;65;481;6;6;0.756699985591695;0.0004072659;0.0003;0.0004;1858;1;1;1;1858;1;0.0002;0.0034;65;481;0.0003
"EarlyUpdate.UpdateCanvasRectTransform";0.0004;0.0002;0.0027;632;19;176;3;3;0.74859998744796;0.0004029064;0.0003;0.0004;1858;1;1;1;1858;1;0.0002;0.0027;19;176;0.0003
"Physics2D.GetRayIntersection";0.0004;0.0002;0.0189;661;179;812;6;6;0.776299983233912;0.0004178149;0.0003;0.0004;1858;1;1;1;1858;1;0.0002;0.0189;179;812;0.0004
"Inl_UniversalRenderPipeline.GetPerObjectLightFlags";0.0004;0.0002;0.0649;689;580;1445;8;8;0.879199984949082;0.000473197;0.0003;0.0004;1858;1;1;1;1858;1;0.0002;0.0649;580;1445;0.0004
"Set Motion Vector Global Matrices";0.0004;0.0001;0.1486;782;140;1143;9;9;0.919499985197035;0.0004948869;0.0003;0.0005;1858;1;1;1;1858;1;0.0001;0.1486;140;1143;0.0009
"Director.PrepareFrame";0.0004;0;0.0112;809;48;993;4;4;0.78439998110116;0.0004221744;0.0003;0.0005;15012;9;7;39;1858;1;0;0.0109;1;993;0.0003
"PostLateUpdate.ParticleSystemEndUpdateAll";0.0004;0.0003;0.0188;900;10;1111;3;3;0.80299998112605;0.0004321851;0.0004;0.0004;1858;1;1;1;1858;1;0.0003;0.0188;10;1111;0.0004
"LowLevelPhysics2D.PhysicsWorld.WriteTransformTweens";0.0004;0.0003;0.0107;1012;8;1085;5;5;0.799399985407945;0.0004302476;0.0004;0.0004;1858;1;1;1;1858;1;0.0003;0.0107;8;1085;0.0004
"PhysX.ScScene.postThirdPassIslandGenTask";0.0004;0.0002;0.0027;1185;22;3;7;7;0.824599975327146;0.0004438105;0.0003;0.0005;2861;2;1;17;1858;1;0;0.0019;546;466;0.0004
"Inl_Sort Render Passes";0.0004;0.0003;0.0029;1204;2;831;8;8;0.845799987990176;0.0004552207;0.0004;0.0005;1858;1;1;1;1858;1;0.0003;0.0029;2;831;0.0003
"Application.FlushRenderStats";0.0004;0.0001;0.0027;1256;608;1061;2;2;0.824599989420676;0.0004435718;0.0003;0.0005;1859;1;1;1;1859;1;0.0001;0.0027;608;1061;0.0003
"Initialization.UpdateCameraMotionVectors";0.0004;0.0002;0.007;1408;93;1672;3;3;0.853499991018907;0.0004593649;0.0004;0.0005;1858;1;1;1;1858;1;0.0002;0.007;93;1672;0.0005
"UnityEngine.AccessibilityModule.dll!UnityEngine.Accessibility::AccessibilityManager.Internal_LateUpdate() [Invoke]";0.0004;0.0003;0.0678;1444;4;1;4;4;0.930999993783189;0.0005010764;0.0004;0.0005;1858;1;1;1;1858;1;0.0003;0.0678;4;1;0.0005
"Profiler.FlushFileIOCounters";0.0004;0.0002;0.0221;1511;25;1785;2;2;0.84619999366987;0.000455191;0.0004;0.0005;1859;1;1;1;1859;1;0.0002;0.0221;25;1785;0.0003
"PostLateUpdate.UpdateVideoTextures";0.0004;0.0003;0.0419;1565;90;200;3;3;0.899999999877764;0.0004843918;0.0004;0.0005;1858;1;1;1;1858;1;0.0003;0.0419;90;200;0.0004
"PhysX.ScScene.preallocateContactManagers";0.0004;0.0003;0.0191;1576;21;1141;7;7;0.897999978049484;0.0004833154;0.0004;0.0005;2861;2;1;17;1858;1;0;0.0189;4;1141;0.0005
"PhysX.ScScene.ccdBroadPhase";0.0004;0.0002;0.003;1825;1405;1636;7;7;0.898499981005443;0.0004835845;0.0004;0.0005;2861;2;1;17;1858;1;0;0.0029;4;1636;0.0005
"ClothScene.Update";0.0003;0.0001;0.006;36;107;953;5;5;0.514999982551672;0.0002771798;0.0002;0.0003;1858;1;1;1;1858;1;0.0001;0.006;107;953;0.0002
"Director.ProcessFrame";0.0003;0;0.0011;101;15;1416;4;4;0.503199987746484;0.0002708288;0.0002;0.0004;15012;9;7;39;1858;1;0;0.0008;1;327;0.0002
"PreLateUpdate.DirectorDeferredEvaluate";0.0003;0.0001;0.0018;135;383;432;3;3;0.513599982827145;0.0002764263;0.0002;0.0003;1858;1;1;1;1858;1;0.0001;0.0018;383;432;0.0002
"RG_SetupPostFX";0.0003;0.0001;0.0068;137;22;30;9;9;0.526999983536371;0.0002836383;0.0002;0.0003;1858;1;1;1;1858;1;0.0001;0.0068;22;30;0.0003
"FixedUpdate.DirectorFixedSampleTime";0.0003;0.0001;0.0027;305;19;1815;3;3;0.555199984562933;0.0002988159;0.0002;0.0004;2861;2;1;17;1858;1;0;0.0025;3;1815;0.0003
"EarlyUpdate.Physics2DEarlyUpdate";0.0003;0.0001;0.0014;473;2;721;3;3;0.565499985248607;0.0003043595;0.0002;0.0004;1858;1;1;1;1858;1;0.0001;0.0014;2;721;0.0002
"SceneNodesInitJob";0.0003;0.0003;0.0005;486;486;2;11;12;0.000800000008894131;0.0004;0.0003;0.0003;2;1;1;1;2;2;0.0003;0.0005;486;2;0
"PhysX.ScScene.fetchPatchEventsTask";0.0003;0.0001;0.0208;568;179;1641;7;7;0.589299982966622;0.000317169;0.0002;0.0003;2861;2;1;17;1858;1;0;0.0205;3;1641;0.0003
"SkinnedMeshOncePerFrameUpdate";0.0003;0;0.0023;588;76;1123;5;5;0.532099983320222;0.0002863832;0.0002;0.0003;1858;1;1;1;1858;1;0;0.0023;76;1123;0.0006
"FindDirectionalShadowCastingLights";0.0003;0.0001;0.0151;608;406;214;10;10;0.554299980074575;0.0002983315;0.0002;0.0003;1858;1;1;1;1858;1;0.0001;0.0151;406;214;0.0003
"Update Lights";0.0003;0.0001;0.0016;613;758;1;4;4;0.549799981519755;0.0002959096;0.0002;0.0003;1858;1;1;1;1858;1;0.0001;0.0016;758;1;0.0003
"PostLateUpdate.GUIClearEvents";0.0003;0.0001;0.0339;793;320;1110;3;3;0.627499982176232;0.0003377287;0.0002;0.0003;1858;1;1;1;1858;1;0.0001;0.0339;320;1110;0.0002
"UnityEngine.UIModule.dll!UnityEngine::Canvas.SendWillRenderCanvases() [Invoke]";0.0003;0.0001;0.0291;855;520;1;6;6;0.599499977259256;0.0003226588;0.0003;0.0003;1858;1;1;1;1858;1;0.0001;0.0291;520;1;0.0006
"TextRendering.CollectGarbage";0.0003;0;0.0228;875;373;1266;4;4;0.62949998654949;0.0003388052;0.0002;0.0004;1858;1;1;1;1858;1;0;0.0228;373;1266;0.0002
"FinalizeUpdateRendererBoundingVolumes";0.0003;0.0001;2.8033;967;66;1;4;5;3.38500005850074;0.001821851;0.0003;0.0003;1859;1;1;2;1858;1;0.0001;2.8022;66;1;0.0003
"PhysX.ScScene.constraintProjection";0.0003;0.0002;0.0016;1020;12;1213;7;7;0.605799980396114;0.0003260495;0.0002;0.0004;2861;2;1;17;1858;1;0;0.0014;3;751;0.0003
"EarlyUpdate.UpdateAsyncReadbackManager";0.0003;0.0001;0.0025;1073;205;506;3;3;0.611899976378481;0.0003293326;0.0003;0.0003;1858;1;1;1;1858;1;0.0001;0.0025;205;506;0.0002
"Physics2D.SyncColliderTransformChanges";0.0003;0.0001;0.0168;1152;523;1714;6;6;0.654399980448943;0.0003522067;0.0002;0.0004;2861;2;1;17;1858;1;0.0001;0.0163;3;1714;0.0003
"PreLateUpdate.AIUpdatePostScript";0.0003;0.0002;0.0133;1186;32;339;3;3;0.654599978326587;0.0003523143;0.0003;0.0004;1858;1;1;1;1858;1;0.0002;0.0133;32;339;0.0003
"Update.DirectorUpdate";0.0003;0.0002;0.0057;1316;25;229;3;3;0.641199980964302;0.0003451022;0.0003;0.0004;1858;1;1;1;1858;1;0.0002;0.0057;25;229;0.0003
"PostLateUpdate.UpdateVideo";0.0003;0.0002;0.0031;1336;26;1823;3;3;0.667699978817836;0.0003593649;0.0003;0.0004;1858;1;1;1;1858;1;0.0002;0.0031;26;1823;0.0004
"ConstraintManager::Update";0.0003;0.0002;0.0103;1355;71;98;4;4;0.672399979506736;0.0003618945;0.0003;0.0004;1858;1;1;1;1858;1;0.0002;0.0103;71;98;0.0003
"EarlyUpdate.TilemapRendererEarlyUpdate";0.0003;0.0001;0.0018;1403;346;1294;3;3;0.647499978949782;0.000348493;0.0003;0.0004;1858;1;1;1;1858;1;0.0001;0.0018;346;1294;0.0004
"Terrain.Trees.OnWillRender";0.0003;0;0.0089;1678;247;901;9;11;0.687699982656341;0.0003701292;0.0003;0.0004;3716;2;2;2;1858;1;0;0.0087;6;901;0.0003
"TextureStreamingManager.Update";0.0002;0;0.0023;121;1;149;4;4;0.300999992643483;0.0001620022;0.0001;0.0002;1858;1;1;1;1858;1;0;0.0023;1;149;0.0002
"PreLateUpdate.DirectorUpdateAnimationBegin";0.0002;0.0001;0.0007;235;1;409;3;3;0.302699991792906;0.0001629171;0.0001;0.0002;1858;1;1;1;1858;1;0.0001;0.0007;1;409;0.0001
"ParticleSystem.WaitForPreviousRenderingToFinish";0.0002;0.0001;0.0007;285;1;1656;5;5;0.302199992314854;0.000162648;0.0001;0.0002;1858;1;1;1;1858;1;0.0001;0.0007;1;1656;0.0001
"ScheduleCullingGroups";0.0002;0;0.0011;295;1083;1161;8;8;0.327399990885169;0.000176211;0.0001;0.0002;1858;1;1;1;1858;1;0;0.0011;1083;1161;0.0004
"PostLateUpdate.BatchModeUpdate";0.0002;0;0.0045;440;244;1609;3;3;0.335299990918429;0.0001804629;0.0001;0.0002;1858;1;1;1;1858;1;0;0.0045;244;1609;0.0002
"PhysX.PostThirdPassTask";0.0002;0;0.0021;442;24;252;7;7;0.337599991333263;0.0001828819;0.0001;0.0002;2803;1;1;17;1846;1;0;0.0005;3;668;0.0003
"EarlyUpdate.UpdateMainGameViewRect";0.0002;0;0.0009;465;4;1;3;3;0.363399989888421;0.0001955866;0.0001;0.0002;1858;1;1;1;1858;1;0;0.0009;4;1;0.0001
"PreLateUpdate.DirectorUpdateAnimationEnd";0.0002;0.0001;0.0009;467;2;1623;3;3;0.332599990251765;0.0001790097;0.0001;0.0002;1858;1;1;1;1858;1;0.0001;0.0009;2;1623;0.0003
"NavMeshManager";0.0002;0.0001;0.013;473;3;339;4;4;0.373299990111263;0.000200915;0.0001;0.0002;1858;1;1;1;1858;1;0.0001;0.013;3;339;0.0002
"PostLateUpdate.XRPreEndFrame";0.0002;0.0001;0.0231;560;6;114;3;3;0.36849999086553;0.0001983315;0.0001;0.0002;1858;1;1;1;1858;1;0.0001;0.0231;6;114;0.0002
"Update.ScriptRunDelayedDynamicFrameRate";0.0002;0.0001;841.277;719;15;1;3;3;841.636677529743;0.4529799;0.0002;0.0002;1858;1;1;1;1858;1;0.0001;841.277;15;1;0.0001
"Initialization.SynchronizeState";0.0002;0.0001;0.0078;731;3;709;3;3;0.373199990448484;0.0002008611;0.0002;0.0002;1858;1;1;1;1858;1;0.0001;0.0078;3;709;0.0002
"EarlyUpdate.GpuTimestamp";0.0002;0;0.003;842;182;219;3;3;0.378199989638233;0.0002035522;0.0002;0.0002;1858;1;1;1;1858;1;0;0.003;182;219;0.0001
"EditorConnection.RefreshObservablePlayerList";0.0002;0;0.0012;854;22;265;5;5;0.374799988698214;0.0002017223;0.0001;0.0002;1858;1;1;1;1858;1;0;0.0012;22;265;0.0001
"Physics.CalculateChangedBodyTransforms";0.0002;0;0.0036;866;382;252;6;6;0.372499990633514;0.0002004844;0.0001;0.0002;2861;2;1;17;1858;1;0;0.0019;3;252;0.0002
"UpdateRendererBoundingVolumes";0.0002;0.0001;0.4068;906;3;1;5;8;0.795300001067517;0.0004280409;0.0002;0.0002;1859;1;1;2;1858;1;0.0001;0.4065;3;1;0.0002
"PreLateUpdate.LegacyAnimationUpdate";0.0002;0;0.002;941;565;1213;3;3;0.406999987790186;0.0002190527;0.0001;0.0003;1858;1;1;1;1858;1;0;0.002;565;1213;0.0001
"FixedUpdate.ClearLines";0.0002;0;0.0101;961;11;1473;3;3;0.539799991311156;0.0002905274;0.0001;0.0003;2861;2;1;17;1858;1;0;0.01;6;1473;0.0003
"UIEvents.UpdateCanvasRectTransform";0.0002;0;0.0019;969;30;1829;4;4;0.409699988100328;0.0002205059;0.0001;0.0003;1858;1;1;1;1858;1;0;0.0019;30;1829;0.0002
"PostLateUpdate.DirectorRenderImage";0.0002;0.0001;0.0043;973;14;1;3;3;0.393399989225145;0.000211733;0.0002;0.0002;1858;1;1;1;1858;1;0.0001;0.0043;14;1;0.0002
"PhysX.ScScene.updateBodiesAndShapes";0.0002;0.0001;0.0104;975;2;665;7;7;0.40149999067944;0.0002162089;0.0002;0.0003;2860;2;1;17;1857;1;0;0.0104;3;665;0.0003
"FixedUpdate.XRFixedUpdate";0.0002;0;0.0111;1011;36;169;3;3;0.424699989671353;0.0002285791;0.0001;0.0003;2861;2;1;17;1858;1;0;0.0109;3;169;0.0001
"FindShadowCastingLights";0.0002;0.0001;0.0022;1052;16;363;11;11;0.40009998845926;0.0002153391;0.0002;0.0002;1858;1;1;1;1858;1;0.0001;0.0022;16;363;0.0003
"EarlyUpdate.ResetFrameStatsAfterPresent";0.0002;0;0.0017;1154;83;1028;3;3;0.417999986799259;0.0002249731;0.0002;0.0003;1858;1;1;1;1858;1;0;0.0017;83;1028;0.0003
"PostLateUpdate.XRPostLateUpdate";0.0002;0.0001;0.0013;1606;50;11;3;3;0.473999984838883;0.000255113;0.0002;0.0003;1858;1;1;1;1858;1;0.0001;0.0013;50;11;0.0002
"Profiler.FrameMetadata";0.0002;0.0001;0.0272;1658;16;1052;5;5;2.30999997773324;0.001243272;0.0002;0.0003;1980;1;1;2;1858;1;0.0001;0.0269;16;1052;0.0015
"PhysX.ScScene.ccdBroadPhaseAABB";0.0002;0.0001;0.0062;1681;13;936;7;7;0.48249998796382;0.0002596878;0.0002;0.0003;2861;2;1;17;1858;1;0;0.0061;3;936;0.0003
"PostLateUpdate.InputEndFrame";0.0002;0.0001;0.002;1691;14;1;3;3;0.494099985007779;0.0002659311;0.0002;0.0003;1858;1;1;1;1858;1;0.0001;0.002;14;1;0.0002
"EarlyUpdate.PerformanceAnalyticsUpdate";0.0002;0.0001;0.0023;1697;87;996;3;3;0.493999984726543;0.0002658773;0.0002;0.0003;1858;1;1;1;1858;1;0.0001;0.0023;87;996;0.0002
"SoundManager.Update";0.0002;0;0.002;1698;303;1623;4;4;0.482199984806357;0.0002595264;0.0002;0.0003;1858;1;1;1;1858;1;0;0.002;303;1623;0.0002
"EarlyUpdate.SpriteAtlasManagerUpdate";0.0002;0.0001;0.0026;1748;634;1646;3;3;0.484299981988443;0.0002606566;0.0002;0.0003;1858;1;1;1;1858;1;0.0001;0.0026;634;1646;0.0003
"PhysX.ScScene.updateSimulationController";0.0001;0.0001;0.0001;2;2;2;9;9;9.99999974737875E-05;0.0001;0.0001;0.0001;1;1;1;1;1;2;0.0001;0.0001;2;2;0
"Physics.WriteRigidbodyPoses";0.0001;0;0.0006;84;1;1387;6;6;0.112699997225718;6.065662E-05;0;0.0001;2861;2;1;17;1858;1;0;0.0006;1;1387;0.0001
"PostLateUpdate.ResetInputAxis";0.0001;0;0.0032;131;8;1249;3;3;0.107999997315346;5.812702E-05;0;0.0001;1858;1;1;1;1858;1;0;0.0032;8;1249;0
"Send messages";0.0001;0;0.0005;429;1;66;5;5;0.136599996803852;7.351991E-05;0;0.0001;1858;1;1;1;1858;1;0;0.0005;1;66;0
"PhysX.Completion Task";0.0001;0;0.0008;649;2;3;7;7;0.156799996038899;8.439182E-05;0;0.0001;2861;2;1;17;1858;1;0;0.0004;2;792;0.0001
"ClothManager.UploadSimulatedSkinData";0.0001;0;0.0014;714;10;1;4;4;0.155099996052741;8.347686E-05;0.0001;0.0001;1858;1;1;1;1858;1;0;0.0014;10;1;0.0001
"Setup Debug Properties";0.0001;0;0.0006;755;3;1005;9;9;0.161599995910365;8.697524E-05;0.0001;0.0001;1858;1;1;1;1858;1;0;0.0006;3;1005;0.0001
"PostLateUpdate.EndGraphicsJobsAfterScriptLateUpdate";0.0001;0;0.0003;875;14;1683;3;3;0.174699995579431;9.402583E-05;0.0001;0.0001;1858;1;1;1;1858;1;0;0.0003;14;1683;0.0001
"PhysX.ScScene.processNpLostTouchTask";0.0001;0;0.0023;1031;2;694;7;7;0.212999994706479;0.0001146394;0.0001;0.0002;2861;2;1;17;1858;1;0;0.0023;2;694;0.0001
"Semaphore.WaitForSignal";0.0001;0;0.0105;1059;31;10;3;3;0.225899994657084;0.0001216478;0.0001;0.0001;1857;1;1;1;1857;2;0;0.0105;31;10;0
"PreUpdate.CheckTexFieldInput";0.0001;0;0.0008;1125;3;1448;3;3;0.226199993718183;0.0001217438;0.0001;0.0002;1858;1;1;1;1858;1;0;0.0008;3;1448;0
"SortingGroupManager.Update";0.0001;0.0001;0.0106;1292;2;1680;4;4;0.270099993955228;0.0001453714;0.0001;0.0002;1858;1;1;1;1858;1;0.0001;0.0106;2;1680;0.0001
"PhysX.ScScene.unblockNarrowPhase";0.0001;0;0.0203;1462;7;119;7;7;0.294199992335052;0.0001583423;0.0001;0.0002;2861;2;1;17;1858;1;0;0.0201;3;119;0.0001
"PostLateUpdate.ScriptRunDelayedDynamicFrameRate";0.0001;0.0001;0.001;1464;5;1;3;3;0.25619999353512;0.0001378902;0.0001;0.0002;1858;1;1;1;1858;1;0.0001;0.001;5;1;0.0001
"PostLateUpdate.PhysicsSkinnedClothFinishUpdate";0.0001;0.0001;0.0016;1482;2;1;3;3;0.258799993418506;0.0001392896;0.0001;0.0002;1858;1;1;1;1858;1;0.0001;0.0016;2;1;0.0001
"Profiler.CollectUICanvasStats";0.0001;0;0.0006;1800;166;864;3;3;0.286699993303046;0.0001542227;0.0001;0.0002;1859;1;1;1;1859;1;0;0.0006;166;864;0.0002
"PhysX.ScScene.lostTouchReports";0.0001;0;0.0011;1835;32;1287;7;7;0.302499992110825;0.0001628095;0.0001;0.0002;2861;2;1;17;1858;1;0;0.0009;3;1287;0.0002
"PostLateUpdate.DirectorLateUpdate";0.0001;0.0001;0.0009;1841;5;2;3;3;0.287499992715311;0.0001547363;0.0001;0.0002;1858;1;1;1;1858;1;0.0001;0.0009;5;2;0.0002
"Component.SetGameObject";0;0;0;1;1;1;7;8;0;0;0;0;494284;494284;494284;494284;1;1;0;0;1;1;0
"GfxResource.Unregister";0;0;0;2;2;2;6;6;0;0;0;0;11;3;3;8;2;2;0;0;2;2;0
"Object.Unregister";0;0;0;2;1;1;6;6;0;0;0;0;618623;8;1;618614;3;1;0;0;1;1;0
"GfxResource.Register";0;0;0;76;1;1;6;9;0;0;0;0;101;3;3;68;11;1;0;0;1;1;0
"Object.Register";0;0;0;76;1;1;6;9;0;0;0;0;735405;1;1;735394;11;1;0;0;1;1;0
"Object.SetName";0;0;0;76;1;1;6;9;0;0;0;0;122469;1;1;122458;11;1;0;0;1;1;0
"BeginJob";0;0;0;929;1;1;7;14;0;0;0;0;20814;11;2;36;1858;1;0;0;1;1;0
"EndJob";0;0;0;929;1;1;7;14;0;0;0;0;20814;11;2;36;1858;1;0;0;1;1;0
"KickJobs";0;0;0;929;1;1;5;12;0;0;0;0;40089;17;17;8484;1858;1;0;0;1;1;0
"ScheduleAllocJob";0;0;0;929;1;1;7;12;0;0;0;0;20465;11;10;47;1858;1;0;0;1;1;0
"ScheduleJob";0;0;0;929;1;1;4;13;0;0;0;0;82390;49;37;232;1858;1;0;0;1;1;0
"WaitForCompleted";0;0;0;929;1;1;3;13;0;0;0;0;41919;23;22;62;1858;1;0;0;1;1;0
"Active Constraints";0;0;0;930;1;1;3;5;0;0;0;0;3717;2;1;2;1859;1;0;0;1;1;0
"Active Dynamic Bodies";0;0;0;930;1;1;3;5;0;0;0;0;3717;2;1;2;1859;1;0;0;1;1;0
"Active Kinematic Bodies";0;0;0;930;1;1;3;5;0;0;0;0;3717;2;1;2;1859;1;0;0;1;1;0
"Added Contacts";0;0;0;930;1;1;3;3;0;0;0;0;1859;1;1;1;1859;1;0;0;1;1;0
"AnimationClip Count";0;0;0;930;1;1;3;3;0;0;0;0;1859;1;1;1;1859;1;0;0;1;1;0
"AnimationClip Memory";0;0;0;930;1;1;3;3;0;0;0;0;1859;1;1;1;1859;1;0;0;1;1;0
"App Committed Memory";0;0;0;930;1;1;3;3;0;0;0;0;1859;1;1;1;1859;1;0;0;1;1;0
"App Resident Memory";0;0;0;930;1;1;3;3;0;0;0;0;1859;1;1;1;1859;1;0;0;1;1;0
"Articulation Bodies";0;0;0;930;1;1;3;5;0;0;0;0;3717;2;1;2;1859;1;0;0;1;1;0
"Asleep Bodies";0;0;0;930;1;1;3;3;0;0;0;0;1859;1;1;1;1859;1;0;0;1;1;0
"Asleep Shapes";0;0;0;930;1;1;3;3;0;0;0;0;1859;1;1;1;1859;1;0;0;1;1;0
"Asset Count";0;0;0;930;1;1;3;3;0;0;0;0;1859;1;1;1;1859;1;0;0;1;1;0
"Atlases";0;0;0;930;1;1;3;3;0;0;0;0;1859;1;1;1;1859;1;0;0;1;1;0
"Audio Reads";0;0;0;930;1;1;3;3;0;0;0;0;1859;1;1;1;1859;1;0;0;1;1;0
"Audio Reserved Memory";0;0;0;930;1;1;3;3;0;0;0;0;1859;1;1;1;1859;1;0;0;1;1;0
"Audio Used Memory";0;0;0;930;1;1;3;3;0;0;0;0;1859;1;1;1;1859;1;0;0;1;1;0
"AudioClip Count";0;0;0;930;1;1;3;3;0;0;0;0;1859;1;1;1;1859;1;0;0;1;1;0
"AudioClip Memory";0;0;0;930;1;1;3;3;0;0;0;0;1859;1;1;1;1859;1;0;0;1;1;0
"Awake Bodies";0;0;0;930;1;1;3;3;0;0;0;0;1859;1;1;1;1859;1;0;0;1;1;0
"Awake Shapes";0;0;0;930;1;1;3;3;0;0;0;0;1859;1;1;1;1859;1;0;0;1;1;0
"Broadphase Adds";0;0;0;930;1;1;3;5;0;0;0;0;3717;2;1;2;1859;1;0;0;1;1;0
"Broadphase Adds/Removes";0;0;0;930;1;1;3;5;0;0;0;0;3717;2;1;2;1859;1;0;0;1;1;0
"Broadphase Pairs";0;0;0;930;1;1;3;3;0;0;0;0;1859;1;1;1;1859;1;0;0;1;1;0
"Broadphase Removes";0;0;0;930;1;1;3;5;0;0;0;0;3717;2;1;2;1859;1;0;0;1;1;0
"Broadphase Updates";0;0;0;930;1;1;3;3;0;0;0;0;1859;1;1;1;1859;1;0;0;1;1;0
"Colliders Synced";0;0;0;930;1;1;3;5;0;0;0;0;3717;2;1;2;1859;1;0;0;1;1;0
"Collision Enter";0;0;0;930;1;1;3;3;0;0;0;0;1859;1;1;1;1859;1;0;0;1;1;0
"Collision Exit";0;0;0;930;1;1;3;3;0;0;0;0;1859;1;1;1;1859;1;0;0;1;1;0
"Collision Stay";0;0;0;930;1;1;3;3;0;0;0;0;1859;1;1;1;1859;1;0;0;1;1;0
"Continuous Bodies";0;0;0;930;1;1;3;3;0;0;0;0;1859;1;1;1;1859;1;0;0;1;1;0
"Continuous Overlaps";0;0;0;930;1;1;3;5;0;0;0;0;3717;2;1;2;1859;1;0;0;1;1;0
"CPU Main Thread Frame Time";0;0;0;930;1;1;3;3;0;0;0;0;1859;1;1;1;1859;1;0;0;1;1;0
"CPU Render Thread Frame Time";0;0;0;930;1;1;3;3;0;0;0;0;1859;1;1;1;1859;1;0;0;1;1;0
"CPU Total Frame Time";0;0;0;930;1;1;3;3;0;0;0;0;1859;1;1;1;1859;1;0;0;1;1;0
"Discreet Overlaps";0;0;0;930;1;1;3;5;0;0;0;0;3717;2;1;2;1859;1;0;0;1;1;0
"Discrete Bodies";0;0;0;930;1;1;3;3;0;0;0;0;1859;1;1;1;1859;1;0;0;1;1;0
"Dynamic Bodies";0;0;0;930;1;1;3;5;0;0;0;0;5576;3;2;3;1859;1;0;0;1;1;0
"Dynamic Shapes";0;0;0;930;1;1;3;3;0;0;0;0;1859;1;1;1;1859;1;0;0;1;1;0
"Entities Reads";0;0;0;930;1;1;3;3;0;0;0;0;1859;1;1;1;1859;1;0;0;1;1;0
"File Bytes Read";0;0;0;930;1;1;3;3;0;0;0;0;1859;1;1;1;1859;1;0;0;1;1;0
"File Bytes Written";0;0;0;930;1;1;3;3;0;0;0;0;1859;1;1;1;1859;1;0;0;1;1;0
"File Handles Open";0;0;0;930;1;1;3;3;0;0;0;0;1859;1;1;1;1859;1;0;0;1;1;0
"File Reads Finished";0;0;0;930;1;1;3;3;0;0;0;0;1859;1;1;1;1859;1;0;0;1;1;0
"File Reads Started";0;0;0;930;1;1;3;3;0;0;0;0;1859;1;1;1;1859;1;0;0;1;1;0
"File Seeks";0;0;0;930;1;1;3;3;0;0;0;0;1859;1;1;1;1859;1;0;0;1;1;0
"Files Closed";0;0;0;930;1;1;3;3;0;0;0;0;1859;1;1;1;1859;1;0;0;1;1;0
"Files Opened";0;0;0;930;1;1;3;3;0;0;0;0;1859;1;1;1;1859;1;0;0;1;1;0
"Game Object Count";0;0;0;930;1;1;3;3;0;0;0;0;1859;1;1;1;1859;1;0;0;1;1;0
"GC Allocated In Frame";0;0;0;930;1;1;3;3;0;0;0;0;1859;1;1;1;1859;1;0;0;1;1;0
"GC Allocation In Frame Count";0;0;0;930;1;1;3;3;0;0;0;0;1859;1;1;1;1859;1;0;0;1;1;0
"GC Reserved Memory";0;0;0;930;1;1;3;3;0;0;0;0;1859;1;1;1;1859;1;0;0;1;1;0
"GC Used Memory";0;0;0;930;1;1;3;3;0;0;0;0;1859;1;1;1;1859;1;0;0;1;1;0
"GetContacts Queries";0;0;0;930;1;1;3;3;0;0;0;0;1859;1;1;1;1859;1;0;0;1;1;0
"Gfx Reserved Memory";0;0;0;930;1;1;3;3;0;0;0;0;1859;1;1;1;1859;1;0;0;1;1;0
"Gfx Used Memory";0;0;0;930;1;1;3;3;0;0;0;0;1859;1;1;1;1859;1;0;0;1;1;0
"Global Illumination Support";0;0;0;930;1;1;3;3;0;0;0;0;1859;1;1;1;1859;1;0;0;1;1;0
"GPU Frame Time";0;0;0;930;1;1;3;3;0;0;0;0;1859;1;1;1;1859;1;0;0;1;1;0
"IsTouching Queries";0;0;0;930;1;1;3;3;0;0;0;0;1859;1;1;1;1859;1;0;0;1;1;0
"Kinematic Bodies";0;0;0;930;1;1;3;3;0;0;0;0;1859;1;1;1;1859;1;0;0;1;1;0
"Kinematic Shapes";0;0;0;930;1;1;3;3;0;0;0;0;1859;1;1;1;1859;1;0;0;1;1;0
"Material Count";0;0;0;930;1;1;3;3;0;0;0;0;1859;1;1;1;1859;1;0;0;1;1;0
"Material Memory";0;0;0;930;1;1;3;3;0;0;0;0;1859;1;1;1;1859;1;0;0;1;1;0
"Max Cache Demand";0;0;0;930;1;1;3;3;0;0;0;0;1859;1;1;1;1859;1;0;0;1;1;0
"Max Cache Mip Bias";0;0;0;930;1;1;3;3;0;0;0;0;1859;1;1;1;1859;1;0;0;1;1;0
"Mesh Count";0;0;0;930;1;1;3;3;0;0;0;0;1859;1;1;1;1859;1;0;0;1;1;0
"Mesh Memory";0;0;0;930;1;1;3;3;0;0;0;0;1859;1;1;1;1859;1;0;0;1;1;0
"Mesh Reads";0;0;0;930;1;1;3;3;0;0;0;0;1859;1;1;1;1859;1;0;0;1;1;0
"Missing Disk Data";0;0;0;930;1;1;3;3;0;0;0;0;1859;1;1;1;1859;1;0;0;1;1;0
"Missing Streaming Tiles";0;0;0;930;1;1;3;3;0;0;0;0;1859;1;1;1;1859;1;0;0;1;1;0
"Modified Overlaps";0;0;0;930;1;1;3;5;0;0;0;0;3717;2;1;2;1859;1;0;0;1;1;0
"Narrowphase Lost Touches";0;0;0;930;1;1;3;5;0;0;0;0;3717;2;1;2;1859;1;0;0;1;1;0
"Narrowphase New Touches";0;0;0;930;1;1;3;5;0;0;0;0;3717;2;1;2;1859;1;0;0;1;1;0
"Narrowphase Touches";0;0;0;930;1;1;3;5;0;0;0;0;3717;2;1;2;1859;1;0;0;1;1;0
"Object Count";0;0;0;930;1;1;3;3;0;0;0;0;1859;1;1;1;1859;1;0;0;1;1;0
"Other Reads";0;0;0;930;1;1;3;3;0;0;0;0;1859;1;1;1;1859;1;0;0;1;1;0
"Overlap Queries";0;0;0;930;1;1;3;3;0;0;0;0;1859;1;1;1;1859;1;0;0;1;1;0
"Overlaps";0;0;0;930;1;1;3;5;0;0;0;0;3717;2;1;2;1859;1;0;0;1;1;0
"Particle Queries";0;0;0;930;1;1;3;3;0;0;0;0;1859;1;1;1;1859;1;0;0;1;1;0
"Physics Queries";0;0;0;930;1;1;3;5;0;0;0;0;3717;2;1;2;1859;1;0;0;1;1;0
"Physics Used Memory";0;0;0;930;1;1;3;5;0;0;0;0;3717;2;1;2;1859;1;0;0;1;1;0
"Physics Used Memory (2D)";0;0;0;930;1;1;3;3;0;0;0;0;1859;1;1;1;1859;1;0;0;1;1;0
"Profiler Reserved Memory";0;0;0;930;1;1;3;3;0;0;0;0;1859;1;1;1;1859;1;0;0;1;1;0
"Profiler Used Memory";0;0;0;930;1;1;3;3;0;0;0;0;1859;1;1;1;1859;1;0;0;1;1;0
"Raycast Queries";0;0;0;930;1;1;3;3;0;0;0;0;1859;1;1;1;1859;1;0;0;1;1;0
"Read From Disk";0;0;0;930;1;1;3;3;0;0;0;0;1859;1;1;1;1859;1;0;0;1;1;0
"Reads in Flight";0;0;0;930;1;1;3;3;0;0;0;0;1859;1;1;1;1859;1;0;0;1;1;0
"Removed Contacts";0;0;0;930;1;1;3;3;0;0;0;0;1859;1;1;1;1859;1;0;0;1;1;0
"Render Textures Bytes";0;0;0;930;1;1;3;3;0;0;0;0;1859;1;1;1;1859;1;0;0;1;1;0
"Render Textures Count";0;0;0;930;1;1;3;3;0;0;0;0;1859;1;1;1;1859;1;0;0;1;1;0
"Required Tiles";0;0;0;930;1;1;3;3;0;0;0;0;1859;1;1;1;1859;1;0;0;1;1;0
"Rigidbodies Synced";0;0;0;930;1;1;3;5;0;0;0;0;3717;2;1;2;1859;1;0;0;1;1;0
"Scene Object Count";0;0;0;930;1;1;3;3;0;0;0;0;1859;1;1;1;1859;1;0;0;1;1;0
"Scripting Reads";0;0;0;930;1;1;3;3;0;0;0;0;1859;1;1;1;1859;1;0;0;1;1;0
"Shapecast Queries";0;0;0;930;1;1;3;3;0;0;0;0;1859;1;1;1;1859;1;0;0;1;1;0
"Solver Continuous Islands";0;0;0;930;1;1;3;3;0;0;0;0;1859;1;1;1;1859;1;0;0;1;1;0
"Solver Discrete Islands";0;0;0;930;1;1;3;3;0;0;0;0;1859;1;1;1;1859;1;0;0;1;1;0
"Solver Simulation Count";0;0;0;930;1;1;3;3;0;0;0;0;1859;1;1;1;1859;1;0;0;1;1;0
"Solver World Count";0;0;0;930;1;1;3;3;0;0;0;0;1859;1;1;1;1859;1;0;0;1;1;0
"Static Bodies";0;0;0;930;1;1;3;3;0;0;0;0;1859;1;1;1;1859;1;0;0;1;1;0
"Static Colliders";0;0;0;930;1;1;3;5;0;0;0;0;3717;2;1;2;1859;1;0;0;1;1;0
"Static Shapes";0;0;0;930;1;1;3;3;0;0;0;0;1859;1;1;1;1859;1;0;0;1;1;0
"System Total Used Memory";0;0;0;930;1;1;3;3;0;0;0;0;1859;1;1;1;1859;1;0;0;1;1;0
"System Used Memory";0;0;0;930;1;1;3;3;0;0;0;0;1859;1;1;1;1859;1;0;0;1;1;0
"Texture Count";0;0;0;930;1;1;3;3;0;0;0;0;1859;1;1;1;1859;1;0;0;1;1;0
"Texture Memory";0;0;0;930;1;1;3;3;0;0;0;0;1859;1;1;1;1859;1;0;0;1;1;0
"Texture Reads";0;0;0;930;1;1;3;3;0;0;0;0;1859;1;1;1;1859;1;0;0;1;1;0
"Total Bodies";0;0;0;930;1;1;3;3;0;0;0;0;1859;1;1;1;1859;1;0;0;1;1;0
"Total Callbacks";0;0;0;930;1;1;3;3;0;0;0;0;1859;1;1;1;1859;1;0;0;1;1;0
"Total Contacts";0;0;0;930;1;1;3;3;0;0;0;0;1859;1;1;1;1859;1;0;0;1;1;0
"Total CPU Cache Size";0;0;0;930;1;1;3;3;0;0;0;0;1859;1;1;1;1859;1;0;0;1;1;0
"Total GPU Cache Size";0;0;0;930;1;1;3;3;0;0;0;0;1859;1;1;1;1859;1;0;0;1;1;0
"Total Joints";0;0;0;930;1;1;3;3;0;0;0;0;1859;1;1;1;1859;1;0;0;1;1;0
"Total Queries";0;0;0;930;1;1;3;3;0;0;0;0;1859;1;1;1;1859;1;0;0;1;1;0
"Total Reserved Memory";0;0;0;930;1;1;3;3;0;0;0;0;1859;1;1;1;1859;1;0;0;1;1;0
"Total Shapes";0;0;0;930;1;1;3;3;0;0;0;0;1859;1;1;1;1859;1;0;0;1;1;0
"Total Transform Sync Calls";0;0;0;930;1;1;3;3;0;0;0;0;1859;1;1;1;1859;1;0;0;1;1;0
"Total Used Memory";0;0;0;930;1;1;3;3;0;0;0;0;1859;1;1;1;1859;1;0;0;1;1;0
"Transform Parent Sync Bodies";0;0;0;930;1;1;3;3;0;0;0;0;1859;1;1;1;1859;1;0;0;1;1;0
"Transform Parent Sync Colliders";0;0;0;930;1;1;3;3;0;0;0;0;1859;1;1;1;1859;1;0;0;1;1;0
"Transform Sync Bodies";0;0;0;930;1;1;3;3;0;0;0;0;1859;1;1;1;1859;1;0;0;1;1;0
"Transform Sync Colliders";0;0;0;930;1;1;3;3;0;0;0;0;1859;1;1;1;1859;1;0;0;1;1;0
"Trigger Enter";0;0;0;930;1;1;3;3;0;0;0;0;1859;1;1;1;1859;1;0;0;1;1;0
"Trigger Exit";0;0;0;930;1;1;3;3;0;0;0;0;1859;1;1;1;1859;1;0;0;1;1;0
"Trigger Overlaps";0;0;0;930;1;1;3;5;0;0;0;0;5575;3;1;3;1859;1;0;0;1;1;0
"Trigger Stay";0;0;0;930;1;1;3;3;0;0;0;0;1859;1;1;1;1859;1;0;0;1;1;0
"Video Reserved Memory";0;0;0;930;1;1;3;3;0;0;0;0;1859;1;1;1;1859;1;0;0;1;1;0
"Video Used Memory";0;0;0;930;1;1;3;3;0;0;0;0;1859;1;1;1;1859;1;0;0;1;1;0
"Virtual Texture Reads";0;0;0;930;1;1;3;3;0;0;0;0;1859;1;1;1;1859;1;0;0;1;1;0
"PostLateUpdate.UpdateCaptureScreenshot";0;0;0.0003;1311;2;257;3;3;0.0548999985767296;2.95479E-05;0;0.0001;1858;1;1;1;1858;1;0;0.0003;2;257;0
"Connections.Poll";0;0;0.0089;1417;1;1109;6;6;0.0724999981684959;3.902045E-05;0;0.0001;1858;1;1;1;1858;1;0;0.0089;1;1109;0
"ConstraintManager::Update::JobSetup";0;0;0.002;1441;2;155;5;5;0.0754999982600566;4.063509E-05;0;0.0001;1858;1;1;1;1858;1;0;0.002;2;155;0.0001
"Physics.WriteColliderPoses";0;0;0.0005;1444;1;184;6;6;0.0754999981290894;4.063509E-05;0;0.0001;2861;2;1;17;1858;1;0;0.0005;1;184;0
"CullingGroupSendEvents";0;0;0.0001;1518;1;3;8;8;0.0711999982013367;3.832077E-05;0;0.0001;1858;1;1;1;1858;1;0;0.0001;1;3;0
"UIEvents.AlignCanvasRectTransformWithCamera";0;0;0.0004;1518;1;729;4;4;0.0766999980551191;4.128095E-05;0;0.0001;1858;1;1;1;1858;1;0;0.0004;1;729;0.0001
"PreLateUpdate.PhysicsLateUpdate";0;0;0.0002;1575;5;2;3;3;0.0763999980699737;4.111948E-05;0;0.0001;1858;1;1;1;1858;1;0;0.0002;5;2;0
"Physics.SendJointBreakEvents";0;0;0.0008;1588;1;1714;6;6;0.0939999976180843;5.059203E-05;0;0.0001;2861;2;1;17;1858;1;0;0.0008;1;1714;0
"Terrain.UpdateSplatProperties";0;0;0.0002;1766;2;1327;9;9;0.0875999977870379;4.714747E-05;0;0.0001;1858;1;1;1;1858;1;0;0.0002;2;1327;0
"Connections.Process";0;0;0.0002;1857;2;496;6;6;0.0930999976480962;5.010764E-05;0;0.0001;1858;1;1;1;1858;1;0;0.0002;2;496;0
