Name; Median Time; Min Time; Max Time; Median Frame Index; Min Frame Index; Max Frame Index; Min Depth; Max Depth; Total Time; Mean Time; Time Lower Quartile; Time Upper Quartile; Count Total; Count Median; Count Min; Count Max; Number of frames containing Marker; First Frame Index; Time Min Individual; Time Max Individual; Min Individual Frame; Max Individual Frame; Time at Median Frame
"Instantiate";2607.784;2607.784;2607.784;1;1;1;6;6;2607.79719102569;2607.797;2607.784;2607.784;64809;64809;64809;64809;1;1;0.0056;26.1221;1;1;0
"Assembly-CSharp.dll!WFC_Sudoku::WFCWorldManager.Start() [Invoke]";2221.839;2221.839;2221.839;1;1;1;5;5;2221.83911132813;2221.839;2221.839;2221.839;1;1;1;1;1;1;2221.839;2221.839;1;1;0
"Instantiate.Produce";1980.527;1980.527;1980.527;1;1;1;7;7;1980.46809412912;1980.468;1980.527;1980.527;64809;64809;64809;64809;1;1;0.003;26.0738;1;1;0
"Assembly-CSharp.dll!WFC_Sudoku::WFCBuilder.Start() [Invoke]";1962.627;1962.627;1962.627;1;1;1;5;5;1962.62745666504;1962.627;1962.627;1962.627;9;9;9;9;1;1;177.9023;277.557;1;1;0
"Instantiate.Awake";297.7022;297.7022;297.7022;1;1;1;7;7;297.716698776465;297.7167;297.7022;297.7022;64809;64809;64809;64809;1;1;0.0014;0.4052;1;1;0
"Instantiate.Copy";237.744;237.744;237.744;1;1;1;7;7;237.745598575435;237.7456;237.744;237.744;64809;64809;64809;64809;1;1;0.0001;0.5493;1;1;0
"Assembly-CSharp.dll!WFC_Sudoku::WFCBuilder.Run() [Coroutine: MoveNext] [Invoke]";169.8401;169.8401;169.8401;1;1;1;6;6;169.840104818344;169.8401;169.8401;169.8401;18;18;18;18;1;1;1.345;137.5852;1;1;0
"GameObject.Deactivate";145.4908;145.4908;145.4908;1;1;1;6;6;145.4840990745;145.4841;145.4908;145.4908;49662;49662;49662;49662;1;1;0.0006;0.2099;1;1;0
"GameObject.ActivateAwakeRecursively";130.7004;130.7004;130.7004;1;1;1;7;7;130.678699015116;130.6787;130.7004;130.7004;49698;49698;49698;49698;1;1;0.0005;0.2084;1;1;0
"CheckAllowDestructionRecursive [Editor Only]";81.33871;81.33871;81.33871;1;1;1;6;8;81.4019990120578;81.402;81.33871;81.33871;297457;297457;297457;297457;1;1;0;0.0562;1;1;0
"Burst.Compiler.IL.dll!Burst.Compiler.IL.Jit::JitCompilerService.CompileInternal() [Invoke]";61.9565;61.9565;61.9565;1;1;1;7;10;61.9565011262894;61.9565;61.9565;61.9565;7;7;7;7;1;1;0.5966;55.9896;1;1;0
"Inl_NRPRGComp_SetupContextData";59.9428;59.9428;59.9428;1;1;1;8;8;59.942798614502;59.9428;59.9428;59.9428;1;1;1;1;1;1;59.9428;59.9428;1;1;0
"WFCPropagateJob (Burst)";32.5729;32.5729;32.5729;1;1;1;9;9;32.5729005597532;32.5729;32.5729;32.5729;18;18;18;18;1;1;0.0377;31.8101;1;1;0
"UnityEngine.CoreModule.dll!::TypeFlagsCache`1..cctor()";32.4434;32.4434;32.4434;1;1;1;4;11;32.443400664255;32.4434;32.4434;32.4434;29;29;29;29;1;1;0.0281;30.971;1;1;0
"Unity.Collections.dll!::ChildAllocators..cctor()";31.668;31.668;31.668;1;1;1;10;10;31.6679992675781;31.668;31.668;31.668;1;1;1;1;1;1;31.668;31.668;1;1;0
"EditorLoop";23.4087;1.4086;8959.363;287;5;238;1;1;25356.3665651437;84.24042;20.368;98.6444;1000;4;2;4;301;1;0.0226;8937.208;3;238;22.6466
"gameObjectChangedScene.Invoke";22.15878;22.15878;22.15878;1;1;1;7;8;22.1573995639847;22.1574;22.15878;22.15878;64827;64827;64827;64827;1;1;0.0001;0.0585;1;1;0
"TransformHandle.SetHierarchyCapacity";18.6209;18.6209;18.6209;1;1;1;8;8;18.620899863774;18.6209;18.6209;18.6209;16;16;16;16;1;1;0.0028;9.4698;1;1;0
"Unaccounted time between: Profiler.SessionMetadata and PlayerLoop";17.4456;17.4456;17.4456;1;1;1;1;1;17.4456005096436;17.4456;17.4456;17.4456;1;1;1;1;1;1;17.4456;17.4456;1;1;0
"RenderLoop.ScheduleDraw";13.8371;10.7854;75.0687;141;245;105;10;11;2969.48609498382;14.92204;13.1344;14.8853;1592;8;8;8;199;1;0.0005;19.8386;226;105;16.2925
"PlayerLoop";12.1549;0.0005;6410.369;236;84;1;1;1;9054.10720270322;30.08009;0.0011;12.9716;699;3;1;3;301;1;0.0003;5803.438;191;1;14.269
"RenderPlayModeViewCameras";11.9556;10.5982;606.9297;282;283;1;2;2;3093.4211397171;15.54483;11.4893;12.6673;199;1;1;1;199;1;10.5982;606.9297;283;1;13.4675
"UnityEngine.CoreModule.dll!UnityEngine.Rendering::RenderPipelineManager.DoRenderLoop_Internal() [Invoke]";11.594;10.1231;604.9185;188;283;1;3;3;3010.87411308289;15.13002;11.1068;12.1757;199;1;1;1;199;1;10.1231;604.9185;283;1;13.0861
"Inl_UniversalRenderTotal";11.5532;10.0839;411.4518;188;283;1;4;4;2808.28660488129;14.11199;11.0538;12.1358;199;1;1;1;199;1;10.0839;411.4518;283;1;13.0403
"Inl_RenderCameraStack";11.5078;10.0377;404.0367;188;283;1;5;5;2791.51000213623;14.02769;11.0077;12.0942;199;1;1;1;199;1;10.0377;404.0367;283;1;12.9946
"Inl_NRPRGComp_TryMergeNativePasses";10.643;10.643;10.643;1;1;1;8;8;10.6429996490479;10.643;10.643;10.643;1;1;1;1;1;1;10.643;10.643;1;1;0
"SortingGroup.UpdateRenderer";9.638414;9.638414;9.638414;1;1;1;8;8;9.63469978100329;9.6347;9.638414;9.638414;136169;136169;136169;136169;1;1;0;0.0459;1;1;0
"Inl_NRPRGComp_BuildGraph";8.8362;8.8362;8.8362;1;1;1;8;8;8.83619976043701;8.8362;8.8362;8.8362;1;1;1;1;1;1;8.8362;8.8362;1;1;0
"Assembly-CSharp.dll!WFC_Sudoku::WFCCell..ctor() [Invoke]";8.326591;8.326591;8.326591;1;1;1;8;8;8.32649988570483;8.3265;8.326591;8.326591;7200;7200;7200;7200;1;1;0.0007;0.0923;1;1;0
"Inl_ScriptableRenderContext.Submit";8.2825;7.1627;41.8957;282;283;105;6;6;1778.88259840012;8.939109;7.9016;8.8181;199;1;1;1;199;1;7.1627;41.8957;283;105;9.5592
"UniversalRenderPipeline.RenderSingleCameraInternal: Main Camera";7.904;6.7284;41.4997;260;283;105;7;7;1703.34399747849;8.559518;7.5848;8.4845;199;1;1;1;199;1;6.7284;41.4997;283;105;9.2352
"ExecuteRenderGraph";7.8672;6.6821;41.2784;260;283;105;8;8;1695.66039657593;8.520906;7.5513;8.4487;199;1;1;1;199;1;6.6821;41.2784;283;105;9.1962
"VolumeManager.EvaluateVolumeDefaultState";7.3583;7.3583;7.3583;1;1;1;4;4;7.35830020904541;7.3583;7.3583;7.3583;1;1;1;1;1;1;7.3583;7.3583;1;1;0
"LargeAllocation.Free";7.3154;7.3154;7.3154;1;1;1;6;9;7.31539994478226;7.3154;7.3154;7.3154;5;5;5;5;1;1;0.3563;2.4896;1;1;0
"Unity.RenderPipelines.Core.Runtime.dll!UnityEngine.Rendering::TProfilingSampler`1..cctor()";6.114;6.114;6.114;1;1;1;4;8;6.11399984359741;6.114;6.114;6.114;3;3;3;3;1;1;1.3079;2.7033;1;1;0
"Unity.RenderPipelines.Core.Runtime.dll!::SharedObjectPool`1..cctor()";6.0578;6.0578;6.0578;1;1;1;8;9;6.05779993534088;6.0578;6.0578;6.0578;35;35;35;35;1;1;0.0832;0.9501;1;1;0
"RenderLoop.DrawSRPBatcher";5.884501;4.6093;36.3333;194;283;105;12;12;1278.10989637533;6.422663;5.5345;6.4055;4776;24;24;24;199;1;0.0028;2.725;128;105;7.0125
"RenderLoop.Prepare";5.4348;5.4348;5.4348;2;2;2;8;9;5.43479996919632;5.4348;5.4348;5.4348;6;6;6;6;1;2;0.656;1.064;2;2;0
"MeshRendererFinalizeUpdate";4.5124;4.5124;4.5124;1;1;1;5;5;4.51240015029907;4.5124;4.5124;4.5124;1;1;1;1;1;1;4.5124;4.5124;1;1;0
"DrawDepthNormalPrepass";4.0205;2.5292;17.674;281;245;105;9;9;830.570496559143;4.173721;3.4805;4.4334;199;1;1;1;199;1;2.5292;17.674;245;105;4.2403
"SRPBatcher.Flush";3.8913;3.1972;33.4361;155;283;105;13;14;870.828197736337;4.376021;3.6678;4.2665;9353;47;47;47;199;1;0.0002;2.5435;116;105;4.5952
"LogStringToConsole";3.794;3.794;3.794;1;1;1;6;6;3.79400002211332;3.794;3.794;3.794;12;12;12;12;1;1;0.0949;1.2833;1;1;0
"Unity.RenderPipelines.Core.Runtime.dll!UnityEngine.Rendering::ProbeReferenceVolume..cctor()";3.5564;3.5564;3.5564;1;1;1;8;8;3.55640006065369;3.5564;3.5564;3.5564;1;1;1;1;1;1;3.5564;3.5564;1;1;0
"UnityEngine.CoreModule.dll!::ExtractCompilerFlags.Invoke() [Invoke]";3.1951;3.1951;3.1951;1;1;1;7;10;3.19509997963905;3.1951;3.1951;3.1951;8;8;8;8;1;1;0.1037;1.5343;1;1;0
"DrawOpaqueObjects";3.1306;2.283;19.8459;135;246;105;9;9;663.404098987579;3.333689;2.6654;3.5002;199;1;1;1;199;1;2.283;19.8459;246;105;3.927
"Inl_UniversalRenderPipeline.RenderSingleCameraInternal: Main Camera";3.0118;2.6015;334.9996;233;300;1;6;6;940.754602909088;4.72741;2.8089;3.1946;199;1;1;1;199;1;2.6015;334.9996;300;1;3.191
"TextureStreamingManager.RemoveRenderer";2.827732;2.827732;2.827732;1;1;1;8;8;2.82829993410269;2.8283;2.827732;2.827732;117030;117030;117030;117030;1;1;0;0.0064;1;1;0
"Mono.JIT";2.7001;0.2264;553.4728;2;109;1;4;13;563.552398958243;112.7105;0.3002;6.8535;5029;11;1;4966;5;1;0.0119;31.954;1;1;0
"WaitForJobGroupID";2.5922;1.3634;40.6033;111;291;1;6;13;554.363499020343;2.785746;2.4566;2.7424;1620;8;4;46;199;1;0.0016;31.8226;148;1;2.4751
"Profiler.ParseThreadData";2.4907;2.4907;2.4907;2;2;2;8;12;2.49069999158382;2.4907;2.4907;2.4907;13;13;13;13;1;2;0.1333;0.2584;2;2;0
"Unity.Collections.dll!Unity.Collections::NativeList`1..cctor()";2.4016;2.4016;2.4016;1;1;1;9;9;2.40159999579191;2.4016;2.4016;2.4016;12;12;12;12;1;1;0.1235;0.4563;1;1;0
"InitialActionStateCheck";2.2102;2.2102;2.2102;1;1;1;6;6;2.21019996888936;2.2102;2.2102;2.2102;2;2;2;2;1;1;0.0157;2.1945;1;1;0
"Inl_NRPRGComp_FindResourceUsageRanges";2.0052;2.0052;2.0052;1;1;1;8;8;2.00519990921021;2.0052;2.0052;2.0052;1;1;1;1;1;1;2.0052;2.0052;1;1;0
"UnsafeUtility.Malloc";1.968699;1.968699;1.968699;1;1;1;4;9;1.96869999951014;1.9687;1.968699;1.968699;187;187;187;187;1;1;0.0001;0.2168;1;1;0
"Unity.RenderPipelines.Universal.Runtime.dll!UnityEngine.Rendering.Universal::RenderingUtils..cctor()";1.7928;1.7928;1.7928;1;1;1;5;5;1.792799949646;1.7928;1.7928;1.7928;1;1;1;1;1;1;1.7928;1.7928;1;1;0
"EngineJob";1.7468;0.7636;9.9811;127;268;2;7;14;352.267298750739;1.770187;1.504;1.9946;2178;11;4;30;199;1;0.0001;3.6265;245;2;1.6277
"UnityEngine.CoreModule.dll!UnityEngine::StackTraceUtility.ExtractStackTrace() [Invoke]";1.6098;1.6098;1.6098;1;1;1;7;7;1.60980000346899;1.6098;1.6098;1.6098;12;12;12;12;1;1;0.0558;0.49;1;1;0
"CullScriptable";1.5245;1.291;5.1285;229;282;1;7;7;313.890198945999;1.577338;1.4382;1.6311;199;1;1;1;199;1;1.291;5.1285;282;1;1.4153
"Unity.RenderPipelines.Core.Runtime.dll!::RenderGraphExceptionMessages..cctor()";1.4134;1.4134;1.4134;1;1;1;5;5;1.41340005397797;1.4134;1.4134;1.4134;1;1;1;1;1;1;1.4134;1.4134;1;1;0
"EndRenderQueueExtraction";1.3783;1.1636;2.7047;194;278;2;8;9;279.500199132599;1.404524;1.3011;1.479;398;2;2;2;199;1;0.0062;2.6973;105;2;1.2536
"CullResults.CreateSharedRendererScene";1.2501;1.0608;2.7548;161;264;2;8;8;253.798898220062;1.275371;1.1692;1.3476;199;1;1;1;199;1;1.0608;2.7548;264;2;1.1549
"ExecuteRenderQueueJob";1.2004;0.1173;2.0828;137;268;2;8;12;227.536299347878;1.143399;0.9161;1.3194;518;3;1;3;199;1;0.0878;1.2855;238;250;1.2086
"Inl_NRPRGComp_CullNodes";1.1609;1.1609;1.1609;1;1;1;8;8;1.16089999675751;1.1609;1.1609;1.1609;1;1;1;1;1;1;1.1609;1.1609;1;1;0
"Unity.RenderPipelines.Core.Runtime.dll!UnityEngine.Rendering.RenderGraphModule::UnsafeRenderGraphPass`1..cctor()";1.15;1.15;1.15;1;1;1;8;9;1.14999995718244;1.15;1.15;1.15;5;5;5;5;1;1;0.0017;1.1348;1;1;0
"Unity.RenderPipelines.Core.Runtime.dll!UnityEngine.Rendering::DynamicResolutionHandler..cctor()";1.119;1.119;1.119;1;1;1;5;5;1.11899995803833;1.119;1.119;1.119;1;1;1;1;1;1;1.119;1.119;1;1;0
"UnityEngine.CoreModule.dll!::ForJobStruct`1..cctor()";0.8881999;0.8881999;0.8881999;1;1;1;11;11;0.888199985027313;0.8882;0.8881999;0.8881999;5;5;5;5;1;1;0.1365;0.2681;1;1;0
"Unity.RenderPipelines.Core.Runtime.dll!UnityEngine.Rendering::ListPool`1..cctor()";0.8113;0.8113;0.8113;1;1;1;4;5;0.811300024390221;0.8113;0.8113;0.8113;4;4;4;4;1;1;0.0448;0.367;1;1;0
"Unity.RenderPipelines.Core.Runtime.dll!::<>c..cctor()";0.7397;0.7397;0.7397;1;1;1;4;11;0.739699997007847;0.7397;0.7397;0.7397;54;54;54;54;1;1;0.0014;0.0771;1;1;0
"Unity.RenderPipelines.Core.Runtime.dll!UnityEngine.Rendering::VolumeComponent.OnEnable() [Invoke]";0.6914;0.6914;0.6914;1;1;1;4;5;0.691399994306266;0.6914;0.6914;0.6914;38;38;38;38;1;1;0.0092;0.0519;1;1;0
"UpdateScene";0.6835;0.4774;5803.437;175;199;1;2;2;5960.32692340016;29.95139;0.6071;0.7603;199;1;1;1;199;1;0.4774;5803.437;199;1;0.8006
"WFCFindLowestEntropyJob (Burst)";0.6501;0.6501;0.6501;1;1;1;9;9;0.650099986232817;0.6501;0.6501;0.6501;5;5;5;5;1;1;0.0019;0.6418;1;1;0
"TransformHandle.SetParent";0.6450001;0.6450001;0.6450001;1;1;1;6;6;0.64499999396503;0.645;0.6450001;0.6450001;18;18;18;18;1;1;0.0185;0.2472;1;1;0
"Idle";0.6165;0.0947;5.5262;184;278;1;7;14;130.286699542223;0.654707;0.3591;0.8381;1084;5;2;9;199;1;0.0002;4.2955;178;1;0.64
"Unity.Collections.dll!Unity.Collections::NativeParallelHashMap`2..cctor()";0.5817;0.5817;0.5817;1;1;1;8;8;0.581700026988983;0.5817;0.5817;0.5817;1;1;1;1;1;1;0.5817;0.5817;1;1;0
"Draw Main Light Shadowmap";0.5756;0.3717;4.2663;165;161;1;9;9;130.925999820232;0.6579196;0.4806;0.6785;199;1;1;1;199;1;0.3717;4.2663;161;1;0.6512
"MainLightShadow";0.5725;0.3687;4.2607;165;161;1;10;10;130.029399812222;0.6534141;0.4773;0.672;199;1;1;1;199;1;0.3687;4.2607;161;1;0.6444
"Shadows.ExecuteDrawShadows";0.5619;0.3633;4.22;165;161;1;11;11;127.537099609151;0.6408899;0.4668;0.6587;796;4;4;4;199;1;0.0285;2.2387;237;107;0.63
"Unity.RenderPipelines.Universal.Runtime.dll!::<>c..cctor()";0.5576;0.5576;0.5576;1;1;1;5;10;0.557599995285273;0.5576;0.5576;0.5576;18;18;18;18;1;1;0.0208;0.0664;1;1;0
"Unity.RenderPipelines.Core.Runtime.dll!UnityEngine.Rendering.RenderGraphModule.NativeRenderPassCompiler::FixedAttachmentArray`1..cctor()";0.5522;0.5522;0.5522;1;1;1;9;9;0.552200004458427;0.5522;0.5522;0.5522;2;2;2;2;1;1;0.2027;0.3495;1;1;0
"Inl_RecordRenderGraph";0.5421;0.4686;112.351;135;267;1;7;7;227.053897351027;1.140974;0.5066;0.6259;199;1;1;1;199;1;0.4686;112.351;267;1;0.6887
"Shadows.ScheduleRenderJobs";0.5420001;0.3481;3.7914;156;161;1;12;12;122.145999722183;0.613799;0.449;0.6391;796;4;4;4;199;1;0.026;2.2327;129;107;0.6066
"Inl_ExecuteRenderGraph";0.5393;0.4908;61.2837;260;167;1;7;7;174.022498130798;0.8744849;0.5194;0.5803;199;1;1;1;199;1;0.4908;61.2837;167;1;0.6902
"Inl_On Record Render Graph";0.5293;0.4593;104.0698;165;267;1;8;8;215.68460085988;1.083842;0.4943;0.6045;199;1;1;1;199;1;0.4593;104.0698;267;1;0.6746
"GameObject.AddComponent";0.5158;0.5158;0.5158;1;1;1;6;6;0.515800001099706;0.5158;0.5158;0.5158;18;18;18;18;1;1;0.0157;0.1507;1;1;0
"Unity.RenderPipelines.Universal.Runtime.dll!UnityEngine.Rendering.Universal::ScriptableRenderer..cctor()";0.5115;0.5115;0.5115;1;1;1;5;5;0.511500000953674;0.5115;0.5115;0.5115;1;1;1;1;1;1;0.5115;0.5115;1;1;0
"RenderLoop.Sort";0.5084;0.0463;3.3783;279;134;2;8;14;99.1832996807061;0.5390397;0.4162;0.66;1065;5;1;20;184;2;0.0006;0.8307;172;2;0.2599
"UnityEditor.CoreModule.dll!UnityEditor::EditorApplicationLayout.FinalizePlaymodeLayout() [Invoke]";0.4664;0.4664;0.4664;1;1;1;3;3;0.466399997472763;0.4664;0.4664;0.4664;1;1;1;1;1;1;0.4664;0.4664;1;1;0
"Inl_NRPRGComp_PrepareNativePass";0.4569;0.4569;0.4569;1;1;1;8;8;0.456899989221711;0.4569;0.4569;0.4569;9;9;9;9;1;1;0.0004;0.4448;1;1;0
"Texture2D.GetPixels";0.4353;0.4353;0.4353;1;1;1;6;6;0.435299992095679;0.4353;0.4353;0.4353;54;54;54;54;1;1;0.0024;0.1572;1;1;0
"Unity.RenderPipelines.Core.Runtime.dll!UnityEngine.Rendering::LensFlareCommonSRP..cctor()";0.4155;0.4155;0.4155;1;1;1;5;5;0.415499985218048;0.4155;0.4155;0.4155;1;1;1;1;1;1;0.4155;0.4155;1;1;0
"Profiler.FlushCounters";0.4119;0.3618;1.971;159;215;13;1;1;140.041599243879;0.4652545;0.3863;0.4684;301;1;1;1;301;1;0.3618;1.971;215;13;0.4151
"Unity.RenderPipelines.Universal.Runtime.dll!UnityEngine.Rendering.Universal::PlatformAutoDetect..cctor()";0.3915;0.3915;0.3915;1;1;1;4;4;0.391499996185303;0.3915;0.3915;0.3915;1;1;1;1;1;1;0.3915;0.3915;1;1;0
"Profiler.FlushMemoryCounters";0.3894;0.3418;1.9406;126;215;13;2;2;132.931499540806;0.4416329;0.365;0.4465;301;1;1;1;301;1;0.3418;1.9406;215;13;0.3947
"UnityEditor.CoreModule.dll!UnityEditor::MaterialEditor.ApplyMaterialPropertyDrawersFromNative() [Invoke]";0.3893999;0.3893999;0.3893999;1;1;1;4;9;0.389399999403395;0.3894;0.3893999;0.3893999;60;60;60;60;1;1;0.001;0.0579;1;1;0
"UnityEngine.CoreModule.dll!UnityEngine::HDROutputSettings..cctor()";0.3761;0.3761;0.3761;1;1;1;5;5;0.37610000371933;0.3761;0.3761;0.3761;1;1;1;1;1;1;0.3761;0.3761;1;1;0
"Shadows.DrawSRPBatcher";0.3744;0.2198;2.0425;112;161;107;13;13;79.6517996846233;0.4002603;0.2931;0.442;3184;16;16;16;199;1;0.0017;0.944;129;291;0.4305
"Unity.RenderPipelines.Core.Runtime.dll!UnityEngine.Rendering.RenderGraphModule::RenderGraphObjectPool..cctor()";0.3515;0.3515;0.3515;1;1;1;4;4;0.351500004529953;0.3515;0.3515;0.3515;1;1;1;1;1;1;0.3515;0.3515;1;1;0
"RenderLoop.CleanupNodeQueue";0.3297;0.2776;1.3154;177;179;2;4;10;73.0836998814775;0.3672548;0.2974;0.3967;1394;7;7;8;199;1;0.0001;1.2599;2;2;0.3549
"LargeAllocation.Alloc";0.3293;0.3293;0.3293;1;1;1;6;9;0.329299995675683;0.3293;0.3293;0.3293;7;7;7;7;1;1;0.019;0.0997;1;1;0
"Unity.RenderPipelines.Core.Runtime.dll!UnityEngine.Rendering::XRGraphicsAutomatedTests..cctor()";0.3233;0.3233;0.3233;1;1;1;5;5;0.323300004005432;0.3233;0.3233;0.3233;1;1;1;1;1;1;0.3233;0.3233;1;1;0
"Unity.Burst.dll!::HashCode64`1..cctor()";0.3084;0.3084;0.3084;1;1;1;9;11;0.308399995788932;0.3084;0.3084;0.3084;15;15;15;15;1;1;0.0134;0.0269;1;1;0
"Unity.RenderPipelines.Universal.Runtime.dll!UnityEngine.Rendering.Universal.Internal::ForwardLights..cctor()";0.3074;0.3074;0.3074;1;1;1;4;4;0.307399988174438;0.3074;0.3074;0.3074;1;1;1;1;1;1;0.3074;0.3074;1;1;0
"mscorlib.dll!System::EmptyArray`1..cctor()";0.3017;0.3017;0.3017;1;1;1;4;11;0.301699997275136;0.3017;0.3017;0.3017;14;14;14;14;1;1;0.0016;0.0723;1;1;0
"Unity.RenderPipelines.Core.Runtime.dll!::EnumField`1..cctor()";0.2985;0.2985;0.2985;1;1;1;4;4;0.298500001430511;0.2985;0.2985;0.2985;2;2;2;2;1;1;0.1291;0.1694;1;1;0
"Unity.RenderPipelines.Core.Runtime.dll!UnityEngine.Rendering::DebugDisplaySettings`1..cctor()";0.2977;0.2977;0.2977;1;1;1;4;4;0.297699987888336;0.2977;0.2977;0.2977;1;1;1;1;1;1;0.2977;0.2977;1;1;0
"Unity.RenderPipelines.Core.Runtime.dll!UnityEngine.Rendering.RenderGraphModule.NativeRenderPassCompiler::NativePassCompiler..cctor()";0.2911;0.2911;0.2911;1;1;1;8;8;0.29109999537468;0.2911;0.2911;0.2911;1;1;1;1;1;1;0.2911;0.2911;1;1;0
"DestroyCullResults";0.29;0.241;1.279;174;179;2;3;3;64.2522998899221;0.3228759;0.2605;0.3482;199;1;1;1;199;1;0.241;1.279;179;2;0.3025
"Unity.RenderPipelines.Universal.Runtime.dll!::Pipeline..cctor()";0.2809;0.2809;0.2809;1;1;1;6;6;0.280900001525879;0.2809;0.2809;0.2809;1;1;1;1;1;1;0.2809;0.2809;1;1;0
"SceneCulling";0.247;0.2083;3.325;197;244;1;8;8;55.9173997938633;0.280992;0.2296;0.2772;199;1;1;1;199;1;0.2083;3.325;244;1;0.2355
"Unity.RenderPipelines.Universal.Runtime.dll!UnityEngine.Rendering.Universal::LightCookieManager..cctor()";0.2434;0.2434;0.2434;1;1;1;4;4;0.243399992585182;0.2434;0.2434;0.2434;1;1;1;1;1;1;0.2434;0.2434;1;1;0
"mscorlib.dll!System::Delegate.get_Method() [Invoke]";0.2433;0.2433;0.2433;1;1;1;7;10;0.243299999274313;0.2433;0.2433;0.2433;7;7;7;7;1;1;0.0058;0.1106;1;1;0
"Unity.Collections.dll!Unity.Collections::NativeQueue`1..cctor()";0.2174;0.2174;0.2174;1;1;1;8;8;0.217399999499321;0.2174;0.2174;0.2174;1;1;1;1;1;1;0.2174;0.2174;1;1;0
"UnityEngine.CoreModule.dll!UnityEngine.Pool::GenericPool`1..cctor()";0.2092;0.2092;0.2092;1;1;1;6;6;0.209199994802475;0.2092;0.2092;0.2092;1;1;1;1;1;1;0.2092;0.2092;1;1;0
"Shadows.PrepareDrawShadows";0.2092;0.062;0.5774;175;105;107;7;7;44.6305998037569;0.2242744;0.1923;0.2388;398;2;2;2;199;1;0.0075;0.46;105;107;0.1949
"enterPlayModePostStart.Invoke";0.2059;0.2059;0.2059;1;1;1;3;3;0.205899998545647;0.2059;0.2059;0.2059;1;1;1;1;1;1;0.2059;0.2059;1;1;0
"GI.OnEnterPlaymode";0.1987;0.1987;0.1987;1;1;1;4;4;0.198699995875359;0.1987;0.1987;0.1987;1;1;1;1;1;1;0.1987;0.1987;1;1;0
"Unity.Mathematics.dll!Unity.Mathematics::float4x4..cctor()";0.1981;0.1981;0.1981;1;1;1;10;10;0.198100000619888;0.1981;0.1981;0.1981;1;1;1;1;1;1;0.1981;0.1981;1;1;0
"Destroy";0.1911;0.0718;1559.392;2;105;1;5;5;1559.6435925886;519.8812;0.0718;0.1911;49671;8;1;49662;3;1;0.0039;45.4039;1;1;0
"FixedUpdate.PhysicsFixedUpdate";0.1805;0.1098;2.6235;284;270;1;3;3;43.1393999531865;0.2167809;0.161;0.2138;380;2;1;17;199;1;0.0338;2.6235;239;1;0.2716
"UnityEngine.CoreModule.dll!UnityEngine.Pool::CollectionPool`2..cctor()";0.1746;0.1746;0.3807;1;1;2;4;5;0.555299997329712;0.27765;0.1746;0.1746;2;1;1;1;2;1;0.1746;0.3807;1;2;0
"Unity.RenderPipelines.Universal.Runtime.dll!::CameraMetadataCache..cctor()";0.1722;0.1722;0.1722;1;1;1;7;7;0.172199994325638;0.1722;0.1722;0.1722;1;1;1;1;1;1;0.1722;0.1722;1;1;0
"Physics.RunSimulationStage";0.1638;0.0974;1.5013;243;270;1;4;4;38.4567998424172;0.1932503;0.1471;0.191;380;2;1;17;199;1;0.0316;1.5013;239;1;0.248
"Physics.Simulate";0.1637;0.0973;1.5012;243;270;1;5;5;38.4234998747706;0.1930829;0.1469;0.191;380;2;1;17;199;1;0.0316;1.5012;239;1;0.2478
"PxScene.simulate";0.1628;0.0965;1.5002;243;270;1;6;6;38.2331999354064;0.1921266;0.1461;0.19;380;2;1;17;199;1;0.0314;1.5002;239;1;0.2466
"Unity.Collections.dll!Unity.Collections::NativeReference`1..cctor()";0.1564;0.1564;0.1564;1;1;1;7;7;0.156399995088577;0.1564;0.1564;0.1564;1;1;1;1;1;1;0.1564;0.1564;1;1;0
"TileRangeExpansionJob (Burst)";0.1443;0.1443;0.1443;2;2;2;10;10;0.144299998879433;0.1443;0.1443;0.1443;1;1;1;1;1;2;0.1443;0.1443;2;2;0
"Unity.RenderPipelines.Universal.Runtime.dll!::Profiling..cctor()";0.1374;0.1374;0.1374;1;1;1;8;8;0.13740000128746;0.1374;0.1374;0.1374;1;1;1;1;1;1;0.1374;0.1374;1;1;0
"Assembly-CSharp.dll!WFC_Sudoku::WFCBuilder..ctor() [Invoke]";0.136;0.136;0.136;1;1;1;8;8;0.135999999009073;0.136;0.136;0.136;9;9;9;9;1;1;0.0106;0.0189;1;1;0
"TypeCache.New.Query";0.1352;0.1352;0.1352;1;1;1;4;4;0.135199994896539;0.1352;0.1352;0.1352;2;2;2;2;1;1;0.0017;0.1335;1;1;0
"Unity.RenderPipelines.Universal.Runtime.dll!UnityEngine.Rendering.Universal::UniversalAdditionalCameraData.Start() [Invoke]";0.1333;0.1333;0.1333;1;1;1;5;5;0.133300006389618;0.1333;0.1333;0.1333;1;1;1;1;1;1;0.1333;0.1333;1;1;0
"UnityEngine.CoreModule.dll!UnityEngine::BeforeRenderHelper..cctor()";0.1216;0.1216;0.1216;1;1;1;6;6;0.1216000020504;0.1216;0.1216;0.1216;1;1;1;1;1;1;0.1216;0.1216;1;1;0
"SRPBRender.ApplyShader";0.121;0.0933;0.378;213;283;1;13;13;25.6559998656739;0.1289246;0.1107;0.1332;5572;28;28;28;199;1;0.0007;0.078;126;240;0.1372
"SceneDataContainer.TransformHierarchyChangedSetParentCallback";0.1191;0.1191;0.1191;1;1;1;7;7;0.119099999195896;0.1191;0.1191;0.1191;54;54;54;54;1;1;0.001;0.0061;1;1;0
"UnsafeUtility.Free";0.1185;0.1185;0.1185;1;1;1;7;10;0.118499998090556;0.1185;0.1185;0.1185;144;144;144;144;1;1;0.0001;0.0123;1;1;0
"mscorlib.dll!System.Collections.Generic::List`1..cctor()";0.1161;0.1161;1.7549;2;2;1;4;10;1.87099998781923;0.9355;0.1161;0.1161;68;1;1;67;2;1;0.0014;0.1248;1;1;0
"PhysX.BpSAP.postUpdateWork";0.1151;0.1151;0.1151;1;1;1;7;7;0.115099996328354;0.1151;0.1151;0.1151;1;1;1;1;1;1;0.1151;0.1151;1;1;0
"Unity.RenderPipelines.Universal.Runtime.dll!UnityEngine.Rendering.Universal.Internal::DeferredLights..cctor()";0.1139;0.1139;0.1139;1;1;1;10;10;0.113899998366833;0.1139;0.1139;0.1139;1;1;1;1;1;1;0.1139;0.1139;1;1;0
"Unity.RenderPipelines.Universal.Runtime.dll!UnityEngine.Rendering.Universal::RenderPassEventsEnumValues..cctor()";0.1064;0.1064;0.1064;1;1;1;9;9;0.10639999806881;0.1064;0.1064;0.1064;1;1;1;1;1;1;0.1064;0.1064;1;1;0
"UnityEngine.CoreModule.dll!UnityEngine.Rendering::RasterState..cctor()";0.1063;0.1063;0.1063;1;1;1;5;5;0.106299996376038;0.1063;0.1063;0.1063;1;1;1;1;1;1;0.1063;0.1063;1;1;0
"UnityEngine.CoreModule.dll!::HashCode64`1..cctor()";0.1061;0.1061;0.1061;1;1;1;13;13;0.106100000441074;0.1061;0.1061;0.1061;5;5;5;5;1;1;0.0161;0.0339;1;1;0
"Unity.RenderPipelines.Universal.Runtime.dll!::ShaderConstants..cctor()";0.105;0.105;0.105;1;1;1;10;10;0.10499999858439;0.105;0.105;0.105;3;3;3;3;1;1;0.0153;0.0514;1;1;0
"File.Open";0.1028;0.1028;0.1028;1;1;1;4;4;0.102799996733665;0.1028;0.1028;0.1028;1;1;1;1;1;1;0.1028;0.1028;1;1;0
"Unity.RenderPipelines.Core.Runtime.dll!UnityEngine.Rendering.RenderGraphModule::UnsafeGraphContext..cctor()";0.1001;0.1001;0.1001;1;1;1;9;9;0.100100003182888;0.1001;0.1001;0.1001;1;1;1;1;1;1;0.1001;0.1001;1;1;0
"Unity.RenderPipelines.Universal.Runtime.dll!UnityEngine.Rendering.Universal.Internal::DepthOnlyPass..cctor()";0.0979;0.0979;0.0979;1;1;1;5;5;0.097900003194809;0.0979;0.0979;0.0979;1;1;1;1;1;1;0.0979;0.0979;1;1;0
"Inl_NRPRGComp_DetectMemorylessResources";0.0934;0.0934;0.0934;1;1;1;8;8;0.0934000015258789;0.0934;0.0934;0.0934;1;1;1;1;1;1;0.0934;0.0934;1;1;0
"FindObjectsOfType";0.0896;0.0896;0.0896;1;1;1;4;4;0.089599996805191;0.0896;0.0896;0.0896;1;1;1;1;1;1;0.0896;0.0896;1;1;0
"SceneVisibilityState.IsFlagSetInParents";0.08870004;0.08870004;0.08870004;1;1;1;8;9;0.0886999998911051;0.0887;0.08870004;0.08870004;108;108;108;108;1;1;0.0001;0.0028;1;1;0
"Unity.RenderPipelines.Universal.Runtime.dll!::Strings..cctor()";0.08859999;0.08859999;0.08859999;1;1;1;5;5;0.0885999989695847;0.0886;0.08859999;0.08859999;3;3;3;3;1;1;0.007;0.051;1;1;0
"UnityEngine.PhysicsModule.dll!UnityEngine::Physics..cctor()";0.0878;0.0878;0.0878;1;1;1;9;9;0.087799996137619;0.0878;0.0878;0.0878;1;1;1;1;1;1;0.0878;0.0878;1;1;0
"Unity.RenderPipelines.GPUDriven.Runtime.dll!UnityEngine.Rendering::GPUResidentDrawer..cctor()";0.086;0.086;0.086;1;1;1;4;4;0.0860000029206276;0.086;0.086;0.086;1;1;1;1;1;1;0.086;0.086;1;1;0
"SRPBShadow.ApplyShader";0.08289999;0.04629999;0.7083;252;129;107;14;14;17.6326999592711;0.08860653;0.07449999;0.09299999;3781;19;19;19;199;1;0.0008;0.5838;129;107;0.09510001
"Unity.RenderPipelines.Universal.Runtime.dll!UnityEngine.Rendering.Universal::DebugHandler..cctor()";0.0828;0.0828;0.0828;1;1;1;4;4;0.0828000009059906;0.0828;0.0828;0.0828;1;1;1;1;1;1;0.0828;0.0828;1;1;0
"Profiler.RequestScreenshot";0.0813;0.0323;0.4832;121;271;1;5;5;1.71180000901222;0.11412;0.0383;0.094;15;1;1;1;15;1;0.0323;0.4832;271;1;0
"Inl_Setup Forward Lights";0.0785;0.0683;11.7902;147;272;1;8;8;28.5023002028465;0.1432276;0.0735;0.0879;199;1;1;1;199;1;0.0683;11.7902;272;1;0.1046
"Inl_Setup Light Constants";0.0772;0.067;10.2094;147;272;1;9;9;26.591800108552;0.1336271;0.0719;0.0862;199;1;1;1;199;1;0.067;10.2094;272;1;0.1023
"Unity.RenderPipelines.Core.Runtime.dll!UnityEngine.Rendering.RenderGraphModule.NativeRenderPassCompiler::PassBreakAudit..cctor()";0.0746;0.0746;0.0746;1;1;1;10;10;0.0745999962091446;0.0746;0.0746;0.0746;1;1;1;1;1;1;0.0746;0.0746;1;1;0
"File.Write";0.074;0.074;0.074;1;1;1;4;4;0.0740000009536743;0.074;0.074;0.074;1;1;1;1;1;1;0.074;0.074;1;1;0
"CullSendEvents";0.074;0.0228;2.9618;235;178;1;9;9;17.9270000122488;0.09008542;0.0677;0.0847;199;1;1;1;199;1;0.0228;2.9618;178;1;0.0734
"Inl_Forward+ Setup";0.0682;0.0582;21.2812;175;245;1;9;9;36.102600377053;0.1814201;0.0631;0.0749;199;1;1;1;199;1;0.0582;21.2812;245;1;0.1041
"Inl_NRPRGComp_ExecuteBeginRenderpassCommand";0.0679;0.0614;6.1341;143;167;1;8;8;20.3135999296792;0.1020784;0.06590001;0.0719;1393;7;7;7;199;1;0.0051;5.8922;167;1;0.08199999
"Assembly-CSharp.dll!WFC_Sudoku::WFCBuilder.Awake() [Invoke]";0.0672;0.0672;0.0672;1;1;1;8;8;0.067200000572484;0.0672;0.0672;0.0672;9;9;9;9;1;1;0.0006;0.0566;1;1;0
"Unity.RenderPipelines.Core.Runtime.dll!UnityEngine.Rendering::CommandBufferHelpers..cctor()";0.066;0.066;0.066;1;1;1;10;10;0.0659999996423721;0.066;0.066;0.066;1;1;1;1;1;1;0.066;0.066;1;1;0
"Shadows.CullShadowCastersDirectional";0.0641;0.0641;0.0641;2;2;2;12;12;0.0640999991446733;0.0641;0.0641;0.0641;2;2;2;2;1;2;0.0309;0.0332;2;2;0
"Unity.RenderPipelines.Core.Runtime.dll!UnityEngine.Rendering::CommandBufferPool..cctor()";0.0631;0.0631;0.0631;1;1;1;5;5;0.0631000027060509;0.0631;0.0631;0.0631;1;1;1;1;1;1;0.0631;0.0631;1;1;0
"CullSceneDynamicObjects";0.0619;0.0525;0.192;152;128;268;11;11;15.5793000124395;0.08072176;0.0588;0.1049;260;1;1;2;193;1;0.0451;0.192;258;268;0.0608
"Shadows.CullShadowCastersWithoutUmbra";0.0613;0.0613;0.0613;2;2;2;13;13;0.0612999983131886;0.0613;0.0613;0.0613;2;2;2;2;1;2;0.0299;0.0314;2;2;0
"Unity.RenderPipelines.Universal.Runtime.dll!UnityEngine.Rendering.Universal::ShaderPropertyId..cctor()";0.0595;0.0595;0.0595;1;1;1;6;6;0.0595000013709068;0.0595;0.0595;0.0595;1;1;1;1;1;1;0.0595;0.0595;1;1;0
"Unity.RenderPipelines.Core.Runtime.dll!UnityEngine.Rendering::HashSetPool`1..cctor()";0.0588;0.0588;0.0588;1;1;1;10;10;0.0588000006973743;0.0588;0.0588;0.0588;1;1;1;1;1;1;0.0588;0.0588;1;1;0
"Inl_NRPRGComp_ExecuteDestroyResources";0.0575;0.0536;4.6532;231;167;1;8;8;16.6613998287648;0.08372562;0.0564;0.0602;3980;20;20;20;199;1;0.0003;3.2357;105;1;0.0707
"Bloom";0.0544;0.0473;0.1364;153;152;143;9;9;11.748499955982;0.05903769;0.0513;0.0589;199;1;1;1;199;1;0.0473;0.1364;152;143;0.0563
"Unity.RenderPipelines.GPUDriven.Runtime.dll!::<>c..cctor()";0.0538;0.0538;0.0538;1;1;1;5;5;0.0537999980151653;0.0538;0.0538;0.0538;1;1;1;1;1;1;0.0538;0.0538;1;1;0
"Shadows.SplitAndSortCasters";0.0536;0.0019;0.2919;109;185;1;15;15;2.53320000483654;0.05506957;0.0042;0.0693;68;1;1;4;46;1;0.0019;0.2919;185;1;0.069
"Inl_Bloom";0.0535;0.0478;0.752;155;256;1;8;8;11.834599930793;0.05947035;0.0517;0.0564;199;1;1;1;199;1;0.0478;0.752;256;1;0.0694
"Unity.RenderPipelines.Core.Runtime.dll!UnityEngine.Rendering::CameraCaptureBridge..cctor()";0.0533;0.0533;0.0533;1;1;1;5;5;0.0533000007271767;0.0533;0.0533;0.0533;1;1;1;1;1;1;0.0533;0.0533;1;1;0
"File.Close";0.0529;0.0529;0.0529;1;1;1;4;4;0.0529000014066696;0.0529;0.0529;0.0529;1;1;1;1;1;1;0.0529;0.0529;1;1;0
"Inl_NRPRGComp_ExecuteInitializeResources";0.0528;0.0491;7.399499;198;167;1;8;8;18.522199781386;0.09307638;0.0513;0.055;3980;20;20;20;199;1;0;3.8342;106;1;0.0679
"Unity.RenderPipelines.Universal.Runtime.dll!UnityEngine.Rendering.Universal::MotionVectorRenderPass..cctor()";0.0514;0.0514;0.0514;1;1;1;4;4;0.0513999983668327;0.0514;0.0514;0.0514;1;1;1;1;1;1;0.0514;0.0514;1;1;0
"Unity.RenderPipelines.Universal.Runtime.dll!UnityEngine.Rendering.Universal::ColorCurves..ctor() [Invoke]";0.0509;0.0509;0.0509;1;1;1;4;5;0.0508999992161989;0.0509;0.0509;0.0509;2;2;2;2;1;1;0.0241;0.0268;1;1;0
"Unity.RenderPipelines.Universal.Runtime.dll!::CameraRenderingScope..cctor()";0.0508;0.0508;0.0508;1;1;1;7;7;0.0507999993860722;0.0508;0.0508;0.0508;1;1;1;1;1;1;0.0508;0.0508;1;1;0
"Inl_UniversalRenderPipeline.ComputeShadowCasterCullingInfos";0.0504;0.0455;6.7956;274;245;1;7;7;17.3368998803198;0.0871201;0.0486;0.0538;199;1;1;1;199;1;0.0455;6.7956;245;1;0.0543
"Inl_UniversalRenderPipeline.CreateRenderingData";0.0497;0.0363;6.6946;119;286;1;7;7;16.7290000356734;0.08406533;0.0437;0.0541;199;1;1;1;199;1;0.0363;6.6946;286;1;0.0554
"Texture.AwakeFromLoad";0.0491;0.0491;0.0491;1;1;1;10;10;0.0491000012261793;0.0491;0.0491;0.0491;8;8;8;8;1;1;0.001;0.0344;1;1;0
"Assembly-CSharp.dll!::<>c..cctor()";0.0483;0.0483;0.0483;1;1;1;7;7;0.0482999999076128;0.0483;0.0483;0.0483;2;2;2;2;1;1;0.0238;0.0245;1;1;0
"PreUpdate.NewInputUpdate";0.0474;0.0198;9.6566;137;292;1;3;3;31.6151999086142;0.1588704;0.027;0.0906;199;1;1;1;199;1;0.0198;9.6566;292;1;0.0861
"Unity.RenderPipelines.Universal.Runtime.dll!UnityEngine.Rendering.Universal::ShadowCulling..cctor()";0.0457;0.0457;0.0457;1;1;1;7;7;0.0456999987363815;0.0457;0.0457;0.0457;1;1;1;1;1;1;0.0457;0.0457;1;1;0
"afterCullingOutputReady.Invoke";0.0453;0.0359;3.0817;257;178;1;8;10;12.3631000574678;0.06212613;0.0439;0.048;398;2;2;2;199;1;0.0138;2.9539;296;1;0.0484
"Assembly-CSharp.dll!WFC_Sudoku::TowerDefensePathGenerator..ctor() [Invoke]";0.0444;0.0444;0.0444;1;1;1;8;8;0.0443999995477498;0.0444;0.0444;0.0444;9;9;9;9;1;1;0.0032;0.0095;1;1;0
"Unity.RenderPipelines.Core.Runtime.dll!::Strings..cctor()";0.0443;0.0443;0.0443;1;1;1;5;5;0.0442999992519617;0.0443;0.0443;0.0443;3;3;3;3;1;1;0.0081;0.0247;1;1;0
"ScheduleUpdateRendererBoundingVolumes";0.0439;0.0439;0.0439;1;1;1;4;4;0.0438999980688095;0.0439;0.0439;0.0439;1;1;1;1;1;1;0.0439;0.0439;1;1;0
"Unity.RenderPipelines.Universal.Runtime.dll!UnityEditor.Rendering.Universal::SceneViewDrawMode..cctor()";0.0436;0.0436;0.0436;1;1;1;4;4;0.0436000004410744;0.0436;0.0436;0.0436;1;1;1;1;1;1;0.0436;0.0436;1;1;0
"Inl_UpdateVolumeFramework";0.0432;0.0369;9.4539;164;221;1;6;6;18.6067002899945;0.09350101;0.0411;0.0478;199;1;1;1;199;1;0.0369;9.4539;221;1;0.0553
"Unity.RenderPipelines.Universal.Runtime.dll!::ContextRenderingScope..cctor()";0.0431;0.0431;0.0431;1;1;1;6;6;0.0430999994277954;0.0431;0.0431;0.0431;1;1;1;1;1;1;0.0431;0.0431;1;1;0
"Unity.RenderPipelines.Core.Runtime.dll!UnityEngine.Rendering.RenderGraphModule::RenderGraph..cctor()";0.042;0.042;0.042;1;1;1;5;5;0.0419999994337559;0.042;0.042;0.042;1;1;1;1;1;1;0.042;0.042;1;1;0
"UnityEngine.IMGUIModule.dll!UnityEngine::GUIUtility.SetSkin() [Invoke]";0.0399;0.0212;0.3763;138;265;1;3;3;8.80969997122884;0.04426985;0.0307;0.0495;199;1;1;1;199;1;0.0212;0.3763;265;1;0.0422
"PreUpdate.SendMouseEvents";0.0398;0.0347;4.2183;203;212;1;3;3;12.9407998397946;0.06502914;0.0372;0.0442;199;1;1;1;199;1;0.0347;4.2183;212;1;0.0385
"Monobehaviour.OnMouse_";0.0396;0.0345;4.2175;275;258;1;4;4;12.9048001766205;0.06484824;0.0371;0.044;199;1;1;1;199;1;0.0345;4.2175;258;1;0.0384
"UnityEngine.InputLegacyModule.dll!UnityEngine::SendMouseEvents.DoSendMouseEvents() [Invoke]";0.0389;0.0336;4.2131;184;218;1;5;5;12.7143998891115;0.06389146;0.0363;0.0432;199;1;1;1;199;1;0.0336;4.2131;218;1;0.0376
"mscorlib.dll!System.Collections.Generic::List`1..ctor() [Invoke]";0.03869999;0.03869999;0.03869999;1;1;1;8;8;0.0386999993352219;0.0387;0.03869999;0.03869999;54;54;54;54;1;1;0.0001;0.0166;1;1;0
"Inl_Blit Color LUT";0.0381;0.0326;6.8965;229;298;1;8;8;14.9212000854313;0.07498091;0.0357;0.0415;199;1;1;1;199;1;0.0326;6.8965;298;1;0.0493
"VolumeManager.Update";0.0369;0.0316;8.0931;173;221;1;7;7;15.9309995695949;0.08005527;0.0353;0.0403;199;1;1;1;199;1;0.0316;8.0931;221;1;0.047
"Assembly-CSharp.dll!WFC_Sudoku::WFCSolver..ctor() [Invoke]";0.0365;0.0365;0.0365;1;1;1;8;8;0.0364999999292195;0.0365;0.0365;0.0365;9;9;9;9;1;1;0.002;0.0064;1;1;0
"UnityEditor.CoreModule.dll!UnityEditor::Selection.Internal_NonSelectedObjectWasDestroyed() [Invoke]";0.0365;0.0045;72.51717;2;105;1;6;6;72.9297982368007;24.30993;0.0045;0.0365;657933;8;1;657924;3;1;0;0.0431;1;1;0
"Unity.RenderPipelines.GPUDriven.Runtime.dll!::Strings..cctor()";0.0358;0.0358;0.0358;1;1;1;5;5;0.0357999987900257;0.0358;0.0358;0.0358;2;2;2;2;1;1;0.0167;0.0191;1;1;0
"Unity.RenderPipelines.Core.Runtime.dll!UnityEngine.Rendering.RenderGraphModule::RasterGraphContext..cctor()";0.0355;0.0355;0.0355;1;1;1;10;10;0.0355000011622906;0.0355;0.0355;0.0355;1;1;1;1;1;1;0.0355;0.0355;1;1;0
"Graphics.Blit";0.0349;0.0318;0.08;271;196;1;6;7;0.614100001752377;0.04094;0.0322;0.0396;30;2;2;2;15;1;0.0159;0.04;196;1;0
"Inl_ColorGradingLUT";0.0348;0.0295;5.2557;229;298;1;9;9;12.6570000741631;0.06360301;0.0327;0.0383;199;1;1;1;199;1;0.0295;5.2557;298;1;0.046
"Unity.RenderPipelines.Universal.Runtime.dll!::Renderer..cctor()";0.0344;0.0344;0.0344;1;1;1;7;7;0.034400001168251;0.0344;0.0344;0.0344;1;1;1;1;1;1;0.0344;0.0344;1;1;0
"UnityEngine.CoreModule.dll!UnityEngine.Rendering::RendererList..cctor()";0.034;0.034;0.034;1;1;1;11;11;0.0339999981224537;0.034;0.034;0.034;1;1;1;1;1;1;0.034;0.034;1;1;0
"CullObjectsWithoutUmbra";0.034;0.0291;0.1697;273;292;268;12;12;8.99869994074106;0.04662539;0.0332;0.0648;260;1;1;2;193;1;0.0287;0.1697;234;268;0.0322
"Setup Camera Properties";0.0335;0.0201;0.1401;217;301;142;9;9;7.01449996698648;0.03524875;0.0286;0.0383;398;2;2;2;199;1;0.0077;0.1151;249;142;0.0384
"GameObject.Activate";0.0325;0.0325;0.0325;1;1;1;6;6;0.0324999996228144;0.0325;0.0325;0.0325;18;18;18;18;1;1;0.0009;0.004;1;1;0
"Shadows.ExtractShaderPassContext";0.0322;0.0218;2.588;258;249;1;13;13;11.9800999073777;0.06020151;0.0299;0.0346;3980;20;20;20;199;1;0.0008;0.553;117;1;0.0329
"Inl_Setup Camera Properties";0.0321;0.0289;3.954;199;249;1;8;8;10.7913998402655;0.05422814;0.0311;0.034;398;2;2;2;199;1;0.0097;3.9153;190;1;0.045
"DrawSkybox";0.032;0.0273;0.1268;194;267;176;9;9;6.86899996176362;0.03451759;0.0306;0.0343;199;1;1;1;199;1;0.0273;0.1268;267;176;0.0356
"SSAO";0.032;0.0276;0.0842;217;245;138;9;9;6.89919995516539;0.03466935;0.0307;0.0357;199;1;1;1;199;1;0.0276;0.0842;245;138;0.0355
"Unity.RenderPipelines.Core.Runtime.dll!::<>c__11`1..cctor()";0.0319;0.0319;0.0319;1;1;1;8;8;0.0318999998271465;0.0319;0.0319;0.0319;1;1;1;1;1;1;0.0319;0.0319;1;1;0
"Unity.RenderPipelines.Universal.Runtime.dll!UnityEngine.Rendering.Universal::RenderGraphUtils..cctor()";0.0315;0.0315;0.0315;1;1;1;9;9;0.0315000005066395;0.0315;0.0315;0.0315;1;1;1;1;1;1;0.0315;0.0315;1;1;0
"PrepareSceneNodesJob";0.0302;0.0185;0.1148;291;127;2;11;12;5.14089996926486;0.03274459;0.0279;0.0335;163;1;1;2;157;2;0.0185;0.0845;127;213;0.0278
"Inl_ComputeHashRenderGraph";0.0298;0.0269;4.2369;208;251;1;7;7;11.079199815169;0.05567437;0.0289;0.0331;199;1;1;1;199;1;0.0269;4.2369;251;1;0.0426
"EarlyUpdate.PollPlayerConnection";0.0291;0.0143;0.0656;238;124;114;3;3;5.71679999306798;0.02872764;0.0232;0.0326;199;1;1;1;199;1;0.0143;0.0656;124;114;0.0256
"PlayerConnection.Poll";0.0287;0.0139;0.065;228;124;114;4;4;5.64059996325523;0.02834472;0.023;0.032;199;1;1;1;199;1;0.0139;0.065;124;114;0.0253
"DrawScreenSpaceUI";0.0283;0.022;0.053;193;121;223;9;9;5.8507999596186;0.029401;0.0268;0.03;398;2;2;2;199;1;0.0042;0.046;124;223;0.0341
"Unity.RenderPipelines.Universal.Runtime.dll!UnityEngine.Rendering.Universal::TemporalAA..cctor()";0.0277;0.0277;0.0277;1;1;1;7;7;0.0276999995112419;0.0277;0.0277;0.0277;1;1;1;1;1;1;0.0277;0.0277;1;1;0
"Inl_Draw Main Light Shadowmap";0.0277;0.0258;4.6685;179;267;1;8;8;10.5320999119431;0.05292512;0.0269;0.0299;199;1;1;1;199;1;0.0258;4.6685;267;1;0.038
"Update.ScriptRunBehaviourUpdate";0.0271;0.0225;3.0175;160;276;1;3;3;8.77459989488125;0.04409347;0.0251;0.0303;199;1;1;1;199;1;0.0225;3.0175;276;1;0.0288
"BehaviourUpdate";0.0266;0.0221;3.0162;160;276;1;4;4;8.65040003880858;0.04346935;0.0246;0.0297;199;1;1;1;199;1;0.0221;3.0162;276;1;0.0283
"UnityEngine.AccessibilityModule.dll!::Nested..cctor()";0.0264;0.0264;0.0264;1;1;1;5;5;0.0263999998569489;0.0264;0.0264;0.0264;1;1;1;1;1;1;0.0264;0.0264;1;1;0
"Assembly-CSharp.dll!WFC_Sudoku::WFCBlueprintLayer..ctor() [Invoke]";0.0261;0.0261;0.0261;1;1;1;8;8;0.0260999999591149;0.0261;0.0261;0.0261;18;18;18;18;1;1;0.0003;0.0035;1;1;0
"RG_BloomDownsample";0.026;0.023;0.1086;110;152;143;10;10;5.70019996166229;0.02864422;0.0247;0.0296;199;1;1;1;199;1;0.023;0.1086;152;143;0.027
"Inl_RG_BloomDownsample";0.0258;0.0223;0.0605;195;256;120;9;9;5.38029998168349;0.02703668;0.0245;0.0272;199;1;1;1;199;1;0.0223;0.0605;256;120;0.0351
"Unity.RenderPipelines.Universal.Runtime.dll!::MainLightShadowConstantBuffer..cctor()";0.0256;0.0256;0.0256;1;1;1;10;10;0.0255999993532896;0.0256;0.0256;0.0256;1;1;1;1;1;1;0.0256;0.0256;1;1;0
"Camera.RenderSkybox";0.0252;0.0216;0.1169;287;290;176;10;10;5.44269996322691;0.02735025;0.024;0.0274;199;1;1;1;199;1;0.0216;0.1169;290;176;0.0281
"Inl_UniversalRenderPipeline.CreateCameraData";0.0247;0.0214;5.0953;256;221;1;6;6;10.2823001574725;0.05166985;0.0233;0.0271;199;1;1;1;199;1;0.0214;5.0953;221;1;0.041
"Unity.RenderPipelines.Core.Runtime.dll!UnityEngine.Rendering.RenderGraphModule::RasterRenderGraphPass`1..cctor()";0.0238;0.0238;0.0238;1;1;1;9;9;0.0237999998498708;0.0238;0.0238;0.0238;13;13;13;13;1;1;0.0012;0.0026;1;1;0
"Inl_MainLightShadow";0.0237;0.022;3.9444;285;250;1;9;9;8.97730004228652;0.04511206;0.023;0.0254;199;1;1;1;199;1;0.022;3.9444;250;1;0.0325
"Unity.RenderPipelines.Universal.Runtime.dll!UnityEngine.Rendering.Universal.Internal::DepthNormalOnlyPass..cctor()";0.0236;0.0236;0.0236;1;1;1;5;5;0.0235999990254641;0.0236;0.0236;0.0236;1;1;1;1;1;1;0.0236;0.0236;1;1;0
"Inl_ScriptableRenderer.SetPerCameraShaderVariables";0.0231;0.0207;2.7573;121;220;1;9;9;7.68390005920082;0.03861256;0.0223;0.0246;398;2;2;2;199;1;0.0068;2.7304;190;1;0.0334
"NativeArrayDisposeJob";0.023;0.023;0.023;2;2;2;10;10;0.0230000007431954;0.023;0.023;0.023;2;2;2;2;1;2;0.0015;0.0215;2;2;0
"UnityEngine.InputModule.dll!UnityEngineInternal.Input::NativeInputSystem.NotifyBeforeUpdate() [Invoke]";0.023;0.0111;7.1811;105;269;1;4;4;13.9880999131128;0.07029196;0.0153;0.0408;199;1;1;1;199;1;0.0111;7.1811;269;1;0.0447
"Unity.RenderPipelines.Universal.Runtime.dll!::Context..cctor()";0.0228;0.0228;0.0228;1;1;1;7;7;0.02280000038445;0.0228;0.0228;0.0228;1;1;1;1;1;1;0.0228;0.0228;1;1;0
"EditorResources.Load";0.0228;0.0114;0.1198;244;265;173;4;4;4.82069997955114;0.02422462;0.0174;0.0284;199;1;1;1;199;1;0.0114;0.1198;265;173;0.0239
"Unity.RenderPipelines.Universal.Runtime.dll!::AdditionalShadowsConstantBuffer..cctor()";0.0226;0.0226;0.0226;1;1;1;10;10;0.0226000007241964;0.0226;0.0226;0.0226;1;1;1;1;1;1;0.0226;0.0226;1;1;0
"Unity.RenderPipelines.Core.Runtime.dll!UnityEngine.Rendering::STP..cctor()";0.0224;0.0224;0.0224;1;1;1;5;5;0.0223999992012978;0.0224;0.0224;0.0224;1;1;1;1;1;1;0.0224;0.0224;1;1;0
"BeginRenderQueueExtraction";0.0224;0.0172;0.0623;148;243;110;8;9;4.70779997250065;0.02365729;0.0204;0.0247;398;2;2;2;199;1;0.0065;0.0478;244;110;0.0229
"DrawTransparentObjects";0.0224;0.0191;0.0557;167;194;212;9;9;4.93919996917248;0.0248201;0.021;0.0261;199;1;1;1;199;1;0.0191;0.0557;194;212;0.0229
"Inl_RenderPipeline.EndCameraRendering";0.0224;0.0198;1.352;255;290;1;6;6;6.37169996649027;0.03201859;0.0217;0.0243;199;1;1;1;199;1;0.0198;1.352;290;1;0.0254
"Unity.RenderPipelines.Core.Runtime.dll!::Table..cctor()";0.0209;0.0209;0.0209;1;1;1;4;4;0.0208999998867512;0.0209;0.0209;0.0209;1;1;1;1;1;1;0.0209;0.0209;1;1;0
"CopyColor";0.0209;0.0146;0.0694;226;250;205;9;10;4.44849997060373;0.02235427;0.0193;0.0231;398;2;2;2;199;1;0.0062;0.0366;159;205;0.0225
"GUI.Repaint";0.0207;0.0152;0.043;236;121;223;10;10;4.26679997332394;0.02144121;0.0196;0.0225;199;1;1;1;199;1;0.0152;0.043;121;223;0.025
"EarlyUpdate.RendererNotifyInvisible";0.0205;0.0024;0.0384;284;1;114;3;3;4.15839997888543;0.02089648;0.0182;0.0233;199;1;1;1;199;1;0.0024;0.0384;1;114;0.0165
"Unity.RenderPipelines.Core.Runtime.dll!::BlitShaderIDs..cctor()";0.02;0.02;0.02;1;1;1;11;11;0.0199999995529652;0.02;0.02;0.02;1;1;1;1;1;1;0.02;0.02;1;1;0
"Inl_Forward+ Upload";0.0198;0.0169;1.0042;210;296;1;10;10;5.25279996357858;0.02639598;0.0187;0.0234;199;1;1;1;199;1;0.0169;1.0042;296;1;0.0246
"Inl_SSAO";0.0198;0.0172;2.1216;258;167;1;8;8;6.24599988572299;0.03138693;0.0191;0.0211;199;1;1;1;199;1;0.0172;2.1216;167;1;0.025
"Inl_RG_BloomUpsample";0.0196;0.0173;0.092;168;193;1;9;9;4.15949997678399;0.02090201;0.0188;0.0206;199;1;1;1;199;1;0.0173;0.092;193;1;0.0242
"Shadows.CullingCallbacks";0.0196;0.0115;0.1118;213;123;1;8;8;4.46369998436421;0.02243065;0.0164;0.0255;199;1;1;1;199;1;0.0115;0.1118;123;1;0.0258
"Inl_UniversalRenderPipeline.CreateShadowData";0.019;0.0144;1.3803;259;245;1;8;8;5.29300002381206;0.02659799;0.0168;0.0207;199;1;1;1;199;1;0.0144;1.3803;245;1;0.0239
"Unity.RenderPipelines.Core.Runtime.dll!UnityEngine.Rendering::Blitter..cctor()";0.0189;0.0189;0.0189;1;1;1;5;5;0.0188999995589256;0.0189;0.0189;0.0189;1;1;1;1;1;1;0.0189;0.0189;1;1;0
"Inl_CompileRenderGraph";0.0186;0.0165;100.8798;180;300;1;7;7;104.948098871857;0.5273774;0.0179;0.0212;199;1;1;1;199;1;0.0165;100.8798;300;1;0.025
"Unity.RenderPipelines.Universal.Runtime.dll!UnityEngine.Rendering.Universal::ShaderUtils..cctor()";0.0183;0.0183;0.0183;1;1;1;10;10;0.0183000005781651;0.0183;0.0183;0.0183;1;1;1;1;1;1;0.0183;0.0183;1;1;0
"Setup Forward Lights";0.0175;0.0123;0.0319;239;117;111;9;9;3.59259997308254;0.01805327;0.0159;0.019;199;1;1;1;199;1;0.0123;0.0319;117;111;0.0176
"RG_BloomUpsample";0.0174;0.0154;0.0458;218;142;192;10;10;3.73649998567998;0.01877638;0.0168;0.0186;199;1;1;1;199;1;0.0154;0.0458;142;192;0.0182
"Unity.RenderPipelines.Universal.Runtime.dll!UnityEngine.Rendering.Universal::ScreenSpaceAmbientOcclusionPass..cctor()";0.017;0.017;0.017;1;1;1;4;4;0.0169999990612268;0.017;0.017;0.017;1;1;1;1;1;1;0.017;0.017;1;1;0
"Inl_UniversalRenderPipeline.InitializeAdditionalCameraData";0.0167;0.014;4.0525;228;247;1;6;6;7.5397997489199;0.03788844;0.0158;0.0181;199;1;1;1;199;1;0.014;4.0525;247;1;0.03
"Assembly-CSharp.dll!WFC_Sudoku::CellularAutomataModifier..ctor() [Invoke]";0.0163;0.0163;0.0163;1;1;1;8;8;0.0163000001339242;0.0163;0.0163;0.0163;9;9;9;9;1;1;0.0013;0.0022;1;1;0
"GUI.ProcessEvents";0.0163;0.0163;0.0163;2;2;2;4;4;0.0163000003667548;0.0163;0.0163;0.0163;3;3;3;3;1;2;0.0013;0.0135;2;2;0
"Unity.RenderPipelines.Core.Runtime.dll!UnityEngine.Rendering::DelegateHashCodeUtils..cctor()";0.0161;0.0161;0.0161;1;1;1;9;9;0.016100000590086;0.0161;0.0161;0.0161;1;1;1;1;1;1;0.0161;0.0161;1;1;0
"UnityEngine.CoreModule.dll!::ExecuteJobFunction.Invoke() [Invoke]";0.0159;0.0159;0.0159;2;2;2;11;11;0.0158999999985099;0.0159;0.0159;0.0159;2;2;2;2;1;2;0.0011;0.0148;2;2;0
"PostLateUpdate.UpdateAudio";0.0157;0.0106;0.1324;229;199;1;3;3;3.48449999094009;0.01751005;0.0145;0.0178;199;1;1;1;199;1;0.0106;0.1324;199;1;0.0174
"Unity.RenderPipelines.Universal.Runtime.dll!::ShaderProperties..cctor()";0.0155;0.0155;0.0155;1;1;1;11;11;0.0154999997466803;0.0155;0.0155;0.0155;1;1;1;1;1;1;0.0155;0.0155;1;1;0
"FixedUpdate.Physics2DFixedUpdate";0.0155;0.0112;0.3346;125;195;1;3;3;3.82959998794831;0.01924422;0.0142;0.0179;380;2;1;17;199;1;0.0019;0.3346;239;1;0.0192
"Unity.RenderPipelines.Universal.Runtime.dll!::ShaderProperty..cctor()";0.0154;0.0154;0.0154;1;1;1;12;12;0.0153999999165535;0.0154;0.0154;0.0154;1;1;1;1;1;1;0.0154;0.0154;1;1;0
"ApplyPass.PrepareKeywords";0.0151;0.012;0.03890001;227;220;1;12;15;3.18029994574317;0.01598141;0.0142;0.0168;9552;48;48;48;199;1;0.0001;0.0068;1;116;0.0171
"Mesh.AwakeFromLoad";0.0148;0.0148;0.0148;1;1;1;4;4;0.0148000000044703;0.0148;0.0148;0.0148;1;1;1;1;1;1;0.0148;0.0148;1;1;0
"Shadows.Sort";0.0148;0.0002;0.0952;187;185;167;16;16;0.646600002975902;0.01405652;0.0004;0.0185;68;1;1;4;46;1;0.0002;0.0947;172;167;0.0167
"CullAllVisibleLights";0.0148;0.011;0.8702;247;202;2;9;9;4.75289995223284;0.02388392;0.0136;0.0167;199;1;1;1;199;1;0.011;0.8702;202;2;0.0145
"Unity.RenderPipelines.Core.Runtime.dll!::TypeId`1..cctor()";0.0147;0.0147;0.0147;1;1;1;7;9;0.0146999998250976;0.0147;0.0147;0.0147;7;7;7;7;1;1;0.0011;0.0053;1;1;0
"PlayerEndOfFrame";0.0146;0.0103;0.504;165;195;1;3;3;4.85189998801798;0.02438141;0.0136;0.0178;199;1;1;1;199;1;0.0103;0.504;195;1;0.0144
"Unity.RenderPipelines.Core.Runtime.dll!UnityEngine.Rendering.RenderGraphModule::RenderGraphResourcePool`1..cctor()";0.0145;0.0145;0.0145;1;1;1;4;4;0.0144999995827675;0.0145;0.0145;0.0145;2;2;2;2;1;1;0.0055;0.009;1;1;0
"Inl_UniversalRenderPipeline.CreateLightData";0.0145;0.0109;1.5842;175;212;1;8;8;4.55260001402348;0.02287739;0.0129;0.016;199;1;1;1;199;1;0.0109;1.5842;212;1;0.017
"Blit Color LUT";0.0144;0.01;0.1367;288;161;115;9;9;3.03259999211878;0.0152392;0.0121;0.0163;199;1;1;1;199;1;0.01;0.1367;161;115;0.019
"Unity.RenderPipelines.Core.Runtime.dll!UnityEngine.Rendering::FrameTimeSampleHistory..cctor()";0.0142;0.0142;0.0142;1;1;1;4;4;0.0142000000923872;0.0142;0.0142;0.0142;1;1;1;1;1;1;0.0142;0.0142;1;1;0
"AudioManager.Update";0.0142;0.0095;0.1265;224;199;1;4;4;3.18579996936023;0.01600905;0.0133;0.0164;199;1;1;1;199;1;0.0095;0.1265;199;1;0.0156
"AssetDatabase.GetGUIDFromAssetPathV2";0.014;0.007;0.037;278;265;286;5;5;2.93969998101238;0.01477236;0.0104;0.0177;398;2;2;2;199;1;0.0014;0.0339;193;286;0.0154
"Inl_RG_UberPost";0.0136;0.0119;0.923;196;154;1;8;8;3.84029996022582;0.01929799;0.0129;0.0147;199;1;1;1;199;1;0.0119;0.923;154;1;0.0176
"UpdateReflectionProbeAtlas";0.0136;0.0093;0.0257;225;117;111;10;10;2.79079999215901;0.01402412;0.0121;0.0151;199;1;1;1;199;1;0.0093;0.0257;117;111;0.0138
"ColorGradingLUT";0.0136;0.0093;0.1358;297;161;115;10;10;2.88009999319911;0.01447286;0.0114;0.0156;199;1;1;1;199;1;0.0093;0.1358;161;115;0.0181
"EditorConnection.CheckForIncomingConnections";0.0134;0.0071;0.0413;268;283;2;5;5;2.63769999006763;0.01325477;0.0109;0.0147;199;1;1;1;199;1;0.0071;0.0413;283;2;0.0115
"EditorConnection.PollAllCustomMessages";0.0133;0.0058;0.0283;228;124;114;5;5;2.65569999162108;0.01334523;0.0102;0.0154;199;1;1;1;199;1;0.0058;0.0283;124;114;0.012
"Unity.RenderPipelines.Core.Runtime.dll!UnityEngine.Rendering::DebugUpdater.Update() [Invoke]";0.0131;0.0104;2.7219;146;150;1;5;5;5.49999997206032;0.02763819;0.012;0.0144;199;1;1;1;199;1;0.0104;2.7219;150;1;0.0144
"Unity.RenderPipelines.Universal.Runtime.dll!UnityEngine.Rendering.Universal::StpUtils..cctor()";0.0129;0.0129;0.0129;1;1;1;7;7;0.0128999995067716;0.0129;0.0129;0.0129;1;1;1;1;1;1;0.0129;0.0129;1;1;0
"UnityEngine.InputModule.dll!UnityEngineInternal.Input::NativeInputSystem.NotifyUpdate() [Invoke]";0.0127;0.0066;8.0578;235;123;105;4;4;17.0354001489468;0.08560503;0.0087;0.0482;199;1;1;1;199;1;0.0066;8.0578;123;105;0.0388
"ZBinningJob (Burst)";0.0123;0.0123;0.0123;2;2;2;10;10;0.0122999995946884;0.0123;0.0123;0.0123;1;1;1;1;1;2;0.0123;0.0123;2;2;0
"Unity.Collections.dll!Unity.Collections::AllocatorManager..cctor()";0.0121;0.0121;0.0121;1;1;1;10;10;0.0120999999344349;0.0121;0.0121;0.0121;1;1;1;1;1;1;0.0121;0.0121;1;1;0
"Inl_RG_BloomSetup";0.0119;0.0107;0.6058;121;212;1;9;9;3.11829995829612;0.01566985;0.0114;0.0127;199;1;1;1;199;1;0.0107;0.6058;212;1;0.0157
"PhysX.ScScene.postBroadPhase2";0.0117;0.0058;0.0971;197;221;239;7;7;2.42719998606481;0.01219699;0.0089;0.013;380;2;1;17;199;1;0.002;0.0244;187;288;0.0187
"Unity.RenderPipelines.Universal.Runtime.dll!UnityEngine.Rendering.Universal::XRDepthMotionPass..cctor()";0.0117;0.0117;0.0117;1;1;1;4;4;0.0116999996826053;0.0117;0.0117;0.0117;1;1;1;1;1;1;0.0117;0.0117;1;1;0
"Inl_RG_UberPostSetupBloomPass";0.0117;0.0099;0.1864;260;295;1;9;9;2.70759998448193;0.01360603;0.0111;0.0132;199;1;1;1;199;1;0.0099;0.1864;295;1;0.0141
"Unity.RenderPipelines.Core.Runtime.dll!UnityEngine.Rendering::APVDefinitions..cctor()";0.0114;0.0114;0.0114;1;1;1;8;8;0.011400000192225;0.0114;0.0114;0.0114;1;1;1;1;1;1;0.0114;0.0114;1;1;0
"Unity.RenderPipelines.Core.Runtime.dll!UnityEngine.Rendering::ProbeVolumesOptions..ctor() [Invoke]";0.0111;0.0111;0.0111;1;1;1;4;5;0.0111000002361834;0.0111;0.0111;0.0111;2;2;2;2;1;1;0.0043;0.0068;1;1;0
"Unity.RenderPipelines.Universal.Runtime.dll!UnityEngine.Rendering.Universal::DepthOfField..ctor() [Invoke]";0.0111;0.0111;0.0111;1;1;1;4;5;0.0110999997705221;0.0111;0.0111;0.0111;2;2;2;2;1;1;0.0041;0.007;1;1;0
"Inl_CopyColor";0.0111;0.0098;0.6329;118;123;1;8;9;2.96050001634285;0.01487688;0.0106;0.0118;398;2;2;2;199;1;0.0036;0.5946;251;1;0.0145
"Profiler.CollectLegacyStats";0.0111;0.0089;0.028;127;241;29;2;2;3.60249998793006;0.01196844;0.0103;0.0125;301;1;1;1;301;1;0.0089;0.028;241;29;0.0106
"Physics.FetchPhysXResults";0.0104;0.0077;0.5115;232;195;1;7;7;2.78049999370705;0.01397236;0.0097;0.0122;380;2;1;17;199;1;0.0014;0.5115;106;1;0.0125
"Unity.RenderPipelines.Core.Runtime.dll!UnityEngine.Rendering::SerializedDictionary`4.OnBeforeSerialize() [Invoke]";0.0104;0.0104;0.0104;1;1;1;4;4;0.0104000000283122;0.0104;0.0104;0.0104;4;4;4;4;1;1;0.0019;0.004;1;1;0
"Assembly-CSharp.dll!WFC_Sudoku::WFCBuildLayer..ctor() [Invoke]";0.0103;0.0103;0.0103;1;1;1;8;8;0.0102999998052837;0.0103;0.0103;0.0103;18;18;18;18;1;1;0.0002;0.0011;1;1;0
"Unity.RenderPipelines.Universal.Runtime.dll!UnityEngine.Rendering.Universal::ShadowUtils..cctor()";0.0102;0.0102;0.0102;1;1;1;7;7;0.0102000003680587;0.0102;0.0102;0.0102;1;1;1;1;1;1;0.0102;0.0102;1;1;0
"RG_BloomPrefilter";0.0102;0.0077;0.0383;190;290;182;10;10;2.22969999071211;0.01120452;0.0092;0.0115;199;1;1;1;199;1;0.0077;0.0383;290;182;0.0109
"Unity.RenderPipelines.Universal.Runtime.dll!UnityEngine.Rendering.Universal::ScreenSpaceLensFlare..ctor() [Invoke]";0.0102;0.0102;0.0102;1;1;1;4;5;0.0101999999023974;0.0102;0.0102;0.0102;2;2;2;2;1;1;0.005;0.0052;1;1;0
"mscorlib.dll!System.Runtime.CompilerServices::AsyncTaskMethodBuilder`1..cctor()";0.0101;0.0101;0.0101;1;1;1;5;5;0.0100999996066093;0.0101;0.0101;0.0101;1;1;1;1;1;1;0.0101;0.0101;1;1;0
"Inl_UniversalRenderPipeline.SetupPerCameraShaderConstants";0.0101;0.0085;1.1102;220;147;1;7;7;3.21240003686398;0.01614271;0.0095;0.0109;199;1;1;1;199;1;0.0085;1.1102;147;1;0.0149
"PreLateUpdate.UIElementsUpdatePanels";0.0101;0.0075;3.0617;241;210;2;3;3;5.18420009920374;0.02605126;0.009;0.0112;199;1;1;1;199;1;0.0075;3.0617;210;2;0.011
"Inl_UniversalRenderPipeline.GetMainLightIndex";0.01;0.0073;0.9571;112;212;1;9;9;3.01749996654689;0.01516332;0.0089;0.011;199;1;1;1;199;1;0.0073;0.9571;212;1;0.012
"Unity.RenderPipelines.Universal.Runtime.dll!UnityEngine.Rendering.Universal::Bloom..ctor() [Invoke]";0.0099;0.0099;0.0099;1;1;1;4;5;0.00989999994635582;0.0099;0.0099;0.0099;2;2;2;2;1;1;0.0048;0.0051;1;1;0
"Assembly-CSharp.dll!WFC_Sudoku::ShrinkModifier..ctor() [Invoke]";0.0097;0.0097;0.0097;1;1;1;8;8;0.00970000005327165;0.0097;0.0097;0.0097;9;9;9;9;1;1;0.0008;0.0017;1;1;0
"Profiler.FlushCountersWithFlushOnEndOfFrame";0.0095;0.0081;0.0287;108;115;8;2;2;3.10399998910725;0.01031229;0.009;0.0104;301;1;1;1;301;1;0.0081;0.0287;115;8;0.0087
"Inl_Initialize Frame";0.0095;0.0082;1.6775;120;167;1;8;8;3.8454999960959;0.01932412;0.009;0.0104;199;1;1;1;199;1;0.0082;1.6775;167;1;0.0113
"Unity.RenderPipelines.Core.Runtime.dll!::Styles..cctor()";0.0094;0.0094;0.0094;1;1;1;5;5;0.00939999986439943;0.0094;0.0094;0.0094;1;1;1;1;1;1;0.0094;0.0094;1;1;0
"InputUpdate";0.0094;0.0047;8.0513;245;123;105;5;5;16.4221001192927;0.08252311;0.0066;0.045;199;1;1;1;199;1;0.0047;8.0513;123;105;0.0358
"EarlyUpdate.PhysicsResetInterpolatedTransformPosition";0.0092;0.007;0.2142;190;123;114;3;3;2.05099999159575;0.01030653;0.0081;0.0099;199;1;1;1;199;1;0.007;0.2142;123;114;0.0092
"Unity.RenderPipelines.Core.Runtime.dll!UnityEngine.Rendering.RenderGraphModule.NativeRenderPassCompiler::LoadAudit..cctor()";0.009;0.009;0.009;1;1;1;10;10;0.00899999961256981;0.009;0.009;0.009;1;1;1;1;1;1;0.009;0.009;1;1;0
"Inl_Setup Main Shadowmap";0.009;0.0073;1.136;136;280;1;9;9;3.15070002200082;0.01583266;0.0082;0.0107;199;1;1;1;199;1;0.0073;1.136;280;1;0.0117
"UpdateScreenManagerAndInput";0.009;0.0035;0.0309;293;283;275;3;3;1.91869998374023;0.009641709;0.0064;0.0121;199;1;1;1;199;1;0.0035;0.0309;283;275;0.0103
"Physics.PublishResultsStage";0.0089;0.0053;1.1165;160;120;1;4;4;3.11910000664648;0.01567387;0.0077;0.0114;380;2;1;17;199;1;0.001;1.1165;239;1;0.0136
"CullSceneDynamicObjectsCombineJob";0.0089;0.0066;0.0125;186;183;251;10;10;0.125299999024719;0.00895;0.0087;0.0094;14;1;1;1;14;107;0.0066;0.0125;183;251;0
"Unity.RenderPipelines.Universal.Runtime.dll!UnityEngine.Rendering.Universal::ColorLookup..ctor() [Invoke]";0.0087;0.0087;0.0087;1;1;1;4;5;0.00870000012218952;0.0087;0.0087;0.0087;2;2;2;2;1;1;0.0043;0.0044;1;1;0
"FrameEvents.NewInputBeforeRenderUpdate";0.0087;0.0044;0.0215;141;247;118;3;3;1.62919999472797;0.008186935;0.0055;0.01;199;1;1;1;199;1;0.0044;0.0215;247;118;0.0077
"UnityEngine.UIElementsModule.dll!UnityEngine.UIElements::UIElementsRuntimeUtilityNative.UpdatePanels() [Invoke]";0.0087;0.0066;3.0581;209;210;2;4;4;4.91129996720701;0.0246799;0.0079;0.0097;199;1;1;1;199;1;0.0066;3.0581;210;2;0.0094
"UnityEngine.InputModule.dll!UnityEngineInternal.Input::NativeInputSystem.ShouldRunUpdate() [Invoke]";0.008599999;0.0063;0.0321;176;208;1;4;4;1.82329998901696;0.009162311;0.0076;0.0099;778;4;3;19;199;1;0.0004;0.016;106;1;0.0118
"VolumeManager.ReplaceData";0.0085;0.0069;2.5025;143;245;1;8;8;4.31060004653409;0.02166131;0.0079;0.0092;199;1;1;1;199;1;0.0069;2.5025;245;1;0.0091
"UnityEngine.IMGUIModule.dll!UnityEngine::Event.Internal_MakeMasterEventCurrent() [Invoke]";0.0085;0.0063;0.0206;234;121;248;5;11;1.78629998945689;0.008976382;0.0079;0.0096;202;1;1;4;199;1;0.0002;0.0206;2;248;0.0098
"LowLevelPhysics2D.PhysicsWorld.SimulateBatch";0.0084;0.0058;0.3264;267;270;1;4;4;2.3142999927004;0.01162965;0.0079;0.0097;579;3;2;18;199;1;0;0.3258;106;1;0.0101
"Assembly-CSharp.dll!WFC_Sudoku::AddModifier..ctor() [Invoke]";0.0083;0.0083;0.0083;1;1;1;8;8;0.00829999998677522;0.0083;0.0083;0.0083;9;9;9;9;1;1;0.0008;0.0013;1;1;0
"Inl_UniversalRenderPipeline.InitializeStackedCameraData";0.0083;0.0072;1.4243;217;242;1;7;7;3.21529994113371;0.01615729;0.0079;0.0092;199;1;1;1;199;1;0.0072;1.4243;242;1;0.014
"Mesh.CreateMesh";0.0082;0.0082;0.0082;1;1;1;5;5;0.00820000004023314;0.0082;0.0082;0.0082;1;1;1;1;1;1;0.0082;0.0082;1;1;0
"Unity.RenderPipelines.Universal.Runtime.dll!UnityEngine.Rendering.Universal::ColorAdjustments..ctor() [Invoke]";0.0082;0.0082;0.0082;1;1;1;4;5;0.00819999980740249;0.0082;0.0082;0.0082;2;2;2;2;1;1;0.0035;0.0047;1;1;0
"Profiler.CollectPhysicsStats";0.0082;0.0062;0.2129;169;224;114;4;4;1.84189998591319;0.009255779;0.0072;0.0088;199;1;1;1;199;1;0.0062;0.2129;224;114;0.0082
"Image.AllocateImageData";0.0082;0.005;0.2023;226;121;166;6;6;0.284299996681511;0.02584546;0.0056;0.01;11;1;1;1;11;1;0.005;0.2023;121;166;0
"Inl_DrawOpaqueObjects";0.0082;0.0066;0.5947;284;155;1;8;8;2.3109999676235;0.01161307;0.0077;0.009;199;1;1;1;199;1;0.0066;0.5947;155;1;0.0107
"Physics.Raycast";0.0082;0.0068;0.0299;293;256;1;6;6;1.80599999474362;0.009075377;0.0078;0.0093;199;1;1;1;199;1;0.0068;0.0299;256;1;0.0079
"Unity.RenderPipelines.Core.Runtime.dll!::WidgetFactory..cctor()";0.0081;0.0081;0.0081;1;1;1;4;4;0.00810000021010637;0.0081;0.0081;0.0081;1;1;1;1;1;1;0.0081;0.0081;1;1;0
"Audio.FMODSystemUpdate";0.0079;0.0042;0.0284;112;153;140;5;5;1.6321999928914;0.00820201;0.0073;0.0086;199;1;1;1;199;1;0.0042;0.0284;153;140;0.009
"RG_UberPost";0.0079;0.0066;0.0144;172;137;154;9;9;1.67529999325052;0.008418593;0.0074;0.0086;199;1;1;1;199;1;0.0066;0.0144;137;154;0.0089
"Profiler.ScreenshotUpdate";0.0077;0.0045;0.4921;237;195;1;4;4;3.44649999123067;0.0173191;0.0069;0.0094;199;1;1;1;199;1;0.0045;0.4921;195;1;0.0084
"InputSystemPlayerLoopRunnerInitializationSystem";0.0077;0.005;0.3856;242;123;1;3;3;1.96159999258816;0.009857287;0.0064;0.009;199;1;1;1;199;1;0.005;0.3856;123;1;0.0094
"System.Core.dll!System.Linq::EmptyPartition`1..cctor()";0.0073;0.0073;0.0073;1;1;1;5;5;0.00730000017210841;0.0073;0.0073;0.0073;1;1;1;1;1;1;0.0073;0.0073;1;1;0
"Physics.SwapPhysXBuffersJob";0.0073;0.005;0.5082;197;263;1;8;8;2.06629997940036;0.01038342;0.0067;0.008300001;380;2;1;17;199;1;0.0008;0.5082;239;1;0.0085
"Unity.RenderPipelines.Universal.Runtime.dll!UnityEngine.Rendering.Universal::Tonemapping..ctor() [Invoke]";0.0071;0.0071;0.0071;1;1;1;4;5;0.00709999981336296;0.0071;0.0071;0.0071;2;2;2;2;1;1;0.0032;0.0039;1;1;0
"UnityEngine.CoreModule.dll!::<>c..cctor()";0.0071;0.0071;0.0343;2;2;1;5;7;0.0413999990560114;0.0207;0.0071;0.0071;4;1;1;3;2;1;0.0053;0.0235;1;1;0
"LowLevelPhysics2D.PhysicsWorld.Simulate";0.0071;0.005;0.3236;267;195;1;5;5;2.02219998522196;0.01016181;0.0067;0.0084;380;2;1;17;199;1;0.0011;0.3236;239;1;0.0086
"Unity.RenderPipelines.Core.Runtime.dll!UnityEngine.Rendering::DebugDisplayStats`1..cctor()";0.007;0.007;0.007;1;1;1;4;4;0.00699999975040555;0.007;0.007;0.007;1;1;1;1;1;1;0.007;0.007;1;1;0
"Inl_UpdateReflectionProbeAtlas";0.007;0.0058;0.2867;200;167;1;10;10;1.77830000314862;0.008936181;0.0067;0.0077;199;1;1;1;199;1;0.0058;0.2867;167;1;0.0092
"UnityEngine.CoreModule.dll!UnityEngine.Rendering::ScriptableRenderContext..cctor()";0.0069;0.0069;0.0069;1;1;1;4;4;0.00689999992027879;0.0069;0.0069;0.0069;1;1;1;1;1;1;0.0069;0.0069;1;1;0
"mscorlib.dll!System.Collections.Generic::ArraySortHelper`1..cctor()";0.0065;0.0065;0.0065;1;1;1;4;4;0.00649999990127981;0.0065;0.0065;0.0065;2;2;2;2;1;1;0.003;0.0035;1;1;0
"Unity.RenderPipelines.Universal.Runtime.dll!UnityEngine.Rendering.Universal.Internal::FinalBlitPass..cctor()";0.0065;0.0065;0.0065;1;1;1;4;4;0.00650000013411045;0.0065;0.0065;0.0065;1;1;1;1;1;1;0.0065;0.0065;1;1;0
"Gfx.EndAsyncJobFrame";0.0064;0.0043;0.0321;150;234;2;3;6;1.40769998844189;0.007073869;0.0058;0.0072;607;3;3;11;199;1;0.0002;0.0255;2;1;0.0061
"Physics.SendEvents";0.0064;0.0038;1.1137;281;120;1;5;5;2.58670002332656;0.01299849;0.0054;0.0082;380;2;1;17;199;1;0.0007;1.1137;239;1;0.0102
"Unity.RenderPipelines.Universal.Runtime.dll!UnityEngine.Rendering.Universal.Internal::DrawObjectsPass..cctor()";0.0064;0.0064;0.0064;1;1;1;4;4;0.0063999998383224;0.0064;0.0064;0.0064;1;1;1;1;1;1;0.0064;0.0064;1;1;0
"Material.SetPassFast";0.0064;0.0051;0.0267;232;277;1;11;11;1.42139998823404;0.007142713;0.006;0.0073;199;1;1;1;199;1;0.0051;0.0267;277;1;0.0065
"Inl_ScriptableRenderer.AddRenderPasses";0.0064;0.0053;1.1538;264;176;1;7;7;2.52030000044033;0.01266482;0.006;0.0074;199;1;1;1;199;1;0.0053;1.1538;176;1;0.0094
"PrepareSceneNodesSetUp";0.0063;0.0044;0.0103;106;245;105;12;12;0.021000000051572;0.007;0.0044;0.0063;8;1;1;6;3;105;0;0.0103;245;105;0
"UnityEngine.CoreModule.dll!UnityEngine.Rendering::SupportedRenderingFeatures.IsLightmapBakeTypeSupportedByRef() [Invoke]";0.0063;0.0038;0.4286;266;267;1;9;9;1.725000011269;0.008668342;0.0055;0.0073;199;1;1;1;199;1;0.0038;0.4286;267;1;0.0062
"Unity.RenderPipelines.Core.Runtime.dll!UnityEngine.Rendering::RTHandles..cctor()";0.0062;0.0062;0.0062;1;1;1;5;5;0.00620000017806888;0.0062;0.0062;0.0062;1;1;1;1;1;1;0.0062;0.0062;1;1;0
"Unity.RenderPipelines.Universal.Runtime.dll!UnityEngine.Rendering.Universal::UniversalRenderer..cctor()";0.0062;0.0062;0.0062;1;1;1;4;4;0.00620000017806888;0.0062;0.0062;0.0062;1;1;1;1;1;1;0.0062;0.0062;1;1;0
"GC.Alloc";0.0062;0.0009;29.43593;105;109;1;4;14;29.5305993299044;5.90612;0.0014;0.009999997;598368;29;15;598255;5;1;0;0.109;1;1;0
"Shadows.CullDirectionalShadowCasters";0.006;0.0038;0.255;212;206;2;10;10;1.81979999085888;0.009144723;0.0053;0.0067;199;1;1;1;199;1;0.0038;0.255;206;2;0.0056
"WaitForRenderJobs";0.006;0.004;0.0303;122;234;2;4;7;1.30399999422661;0.006552764;0.0053;0.0066;607;3;3;11;199;1;0.0001;0.0236;2;1;0.0055
"UnityEngine.CoreModule.dll!::UpdateFunction.Invoke() [Invoke]";0.0058;0.0035;0.3815;184;206;1;4;4;1.57960000121966;0.007937688;0.0049;0.007;199;1;1;1;199;1;0.0035;0.3815;206;1;0.0074
"TimeUpdate.WaitForLastPresentationAndUpdateTime";0.0058;0.0043;0.0329;239;145;105;3;3;1.22129999659956;0.006137186;0.0051;0.0065;199;1;1;1;199;1;0.0043;0.0329;145;105;0.0056
"PreLateUpdate.ParticleSystemBeginUpdateAll";0.0058;0.0044;0.0541;275;299;1;3;3;1.34949999535456;0.006781407;0.0055;0.0065;199;1;1;1;199;1;0.0044;0.0541;299;1;0.0059
"ParticleSystem.Update";0.0057;0.0044;0.0533;141;299;1;4;4;1.31889999145642;0.006627638;0.0053;0.0063;199;1;1;1;199;1;0.0044;0.0533;299;1;0.0058
"PrepareSceneCullingParameters";0.0057;0.0045;0.0214;265;147;1;8;8;1.21519999252632;0.006106533;0.0054;0.0065;199;1;1;1;199;1;0.0045;0.0214;147;1;0.0077
"UnityEngine.InputLegacyModule.dll!UnityEngine::SendMouseEvents..cctor()";0.0056;0.0056;0.0056;1;1;1;7;7;0.00559999980032444;0.0056;0.0056;0.0056;1;1;1;1;1;1;0.0056;0.0056;1;1;0
"Unity.RenderPipelines.Core.Runtime.dll!UnityEngine.Rendering.RenderGraphModule.NativeRenderPassCompiler::StoreAudit..cctor()";0.0055;0.0055;0.0055;1;1;1;10;10;0.00549999997019768;0.0055;0.0055;0.0055;1;1;1;1;1;1;0.0055;0.0055;1;1;0
"Unity.RenderPipelines.Core.Runtime.dll!UnityEngine.Rendering::RenderPipelineGraphicsSettingsContainer.OnBeforeSerialize() [Invoke]";0.0055;0.0055;0.0055;1;1;1;4;4;0.00549999997019768;0.0055;0.0055;0.0055;2;2;2;2;1;1;0.0022;0.0033;1;1;0
"EarlyUpdate.InsightsUpdate";0.0055;0.0036;1.2959;183;106;105;3;3;2.52969997981563;0.01271206;0.005;0.006;199;1;1;1;199;1;0.0036;1.2959;106;105;0.0049
"Update.ScriptRunDelayedTasks";0.0055;0.004;6.6866;193;199;1;3;3;8.22730020806193;0.04134322;0.005;0.0062;199;1;1;1;199;1;0.004;6.6866;199;1;0.0059
"Unity.RenderPipelines.Universal.Runtime.dll!UnityEngine.Rendering.Universal::ShadowsMidtonesHighlights..ctor() [Invoke]";0.0054;0.0054;0.0054;1;1;1;4;5;0.00539999990724027;0.0054;0.0054;0.0054;2;2;2;2;1;1;0.0026;0.0028;1;1;0
"Physics.PrepareSimulationStage";0.0054;0.0033;0.0598;165;195;2;4;4;1.19079999614041;0.005983919;0.0047;0.0063;380;2;1;17;199;1;0.0009;0.0598;191;2;0.0076
"FixedUpdate.NewInputFixedUpdate";0.0054;0.0025;0.0225;191;185;1;3;3;1.20669999241363;0.006063819;0.0043;0.007;380;2;1;17;199;1;0.0005;0.0225;239;1;0.0091
"CullShadowCastersScriptable";0.0053;0.0038;0.5393;117;283;2;7;7;1.6343000177294;0.008212563;0.0046;0.0059;199;1;1;1;199;1;0.0038;0.5393;283;2;0.0056
"Inl_ScriptableRenderer.SetupCullingParameters";0.0053;0.0046;1.6249;193;202;1;7;7;2.72359998384491;0.01368643;0.0051;0.0057;199;1;1;1;199;1;0.0046;1.6249;202;1;0.0076
"UnityEngine.CoreModule.dll!UnityEngine.Experimental.Rendering::ScriptableRuntimeReflectionSystemWrapper.Internal_ScriptableRuntimeReflectionSystemWrapper_TickRealtimeProbes() [Invoke]";0.0053;0.0042;0.5312;225;132;1;3;3;1.66489998390898;0.008366331;0.0049;0.0061;199;1;1;1;199;1;0.0042;0.5312;132;1;0.0062
"UnityEngine.CoreModule.dll!UnityEngine.Rendering::SupportedRenderingFeatures..cctor()";0.0052;0.0052;0.0052;1;1;1;4;4;0.0052000000141561;0.0052;0.0052;0.0052;1;1;1;1;1;1;0.0052;0.0052;1;1;0
"PreLateUpdate.EndGraphicsJobsAfterScriptUpdate";0.0052;0.0033;0.0298;153;234;1;3;3;1.14919999614358;0.005774874;0.0046;0.0059;199;1;1;1;199;1;0.0033;0.0298;234;1;0.0049
"Assembly-CSharp.dll!::PathPoint..ctor() [Invoke]";0.0052;0.0052;0.0052;1;1;1;8;8;0.00519999987591291;0.0052;0.0052;0.0052;27;27;27;27;1;1;0;0.0005;1;1;0
"EndGraphicsJobs";0.0052;0.0033;0.0295;134;234;1;3;4;1.14079999551177;0.005732663;0.0046;0.0059;597;3;3;3;199;1;0;0.029;1;1;0.0054
"Unity.RenderPipelines.Universal.Runtime.dll!UnityEngine.Rendering.Universal.Internal::MainLightShadowCasterPass..cctor()";0.0051;0.0051;0.0051;1;1;1;4;4;0.00510000018402934;0.0051;0.0051;0.0051;1;1;1;1;1;1;0.0051;0.0051;1;1;0
"PostLateUpdate.UpdateCustomRenderTextures";0.0051;0.0029;0.0319;111;212;1;3;3;1.0641999929212;0.005347739;0.0046;0.0056;199;1;1;1;199;1;0.0029;0.0319;212;1;0.0061
"Inl_RG_BloomPrefilter";0.0051;0.0042;0.0257;225;251;1;9;9;1.07499999227002;0.00540201;0.0049;0.0055;199;1;1;1;199;1;0.0042;0.0257;251;1;0.0066
"Unity.RenderPipelines.Universal.Runtime.dll!UnityEngine.Rendering.Universal::ChannelMixer..ctor() [Invoke]";0.0051;0.0051;0.0051;1;1;1;4;5;0.0050999999511987;0.0051;0.0051;0.0051;2;2;2;2;1;1;0.0024;0.0027;1;1;0
"Unity.RenderPipelines.Universal.Runtime.dll!UnityEngine.Rendering.Universal::MotionBlur..ctor() [Invoke]";0.0051;0.0051;0.0051;1;1;1;4;5;0.0050999999511987;0.0051;0.0051;0.0051;2;2;2;2;1;1;0.0025;0.0026;1;1;0
"Inl_UniversalRenderPipeline.SetupPerFrameShaderConstants";0.005;0.0035;0.364;225;245;1;5;5;1.41409998573363;0.00710603;0.0044;0.0058;199;1;1;1;199;1;0.0035;0.364;245;1;0.0063
"Unity.RenderPipelines.Core.Runtime.dll!UnityEngine.Rendering::Volume.Update() [Invoke]";0.005;0.0037;0.2041;236;261;1;5;5;1.23619999387302;0.00621206;0.0046;0.0056;199;1;1;1;199;1;0.0037;0.2041;261;1;0.0051
"PhysX.ScScene.updateDynamics";0.005;0.0018;0.024;257;270;239;7;7;1.07459999079583;0.0054;0.0041;0.0062;380;2;1;17;199;1;0.0006;0.0137;206;198;0.008099999
"RenderTarget.GrabPixels";0.005;0.0006;0.0087;301;1;151;6;6;0.0698999993619509;0.00466;0.0044;0.0053;15;1;1;1;15;1;0.0006;0.0087;1;151;0
"EarlyUpdate.ProcessRemoteInput";0.0049;0.0035;0.0234;190;177;296;3;3;1.04569999501109;0.005254774;0.0043;0.0055;199;1;1;1;199;1;0.0035;0.0234;177;296;0.0043
"UnityEngine.CoreModule.dll!UnityEngine::UnitySynchronizationContext.ExecuteTasks() [Invoke]";0.0049;0.0035;6.6758;216;260;1;4;4;8.09379984787665;0.04067236;0.0044;0.0055;199;1;1;1;199;1;0.0035;6.6758;260;1;0.0051
"Unity.RenderPipelines.Universal.Runtime.dll!UnityEngine.Rendering.Universal::LensDistortion..ctor() [Invoke]";0.0048;0.0048;0.0048;1;1;1;4;5;0.00479999999515712;0.0048;0.0048;0.0048;2;2;2;2;1;1;0.0023;0.0025;1;1;0
"Physics.SendContactEvents";0.0048;0.0028;1.1108;282;120;1;6;6;2.22500002215384;0.0111809;0.0039;0.0063;380;2;1;17;199;1;0.0005;1.1108;239;1;0.0081
"Unity.RenderPipelines.Universal.Runtime.dll!UnityEngine.Rendering.Universal::TaaHistory..cctor()";0.0048;0.0048;0.0048;1;1;1;7;7;0.00479999976232648;0.0048;0.0048;0.0048;1;1;1;1;1;1;0.0048;0.0048;1;1;0
"ProcessRemoteInput";0.0048;0.0034;0.0233;179;133;296;4;4;1.02719999547116;0.005161809;0.0042;0.0054;199;1;1;1;199;1;0.0034;0.0233;133;296;0.0042
"Inl_LightCookies";0.0048;0.0039;0.5569;203;132;1;10;10;1.56700002029538;0.007874372;0.0045;0.0052;199;1;1;1;199;1;0.0039;0.5569;132;1;0.0066
"PhysX.FinalizeUpdateTask";0.0047;0.0009;0.2969;180;283;1;7;7;1.24690000145347;0.006265829;0.0035;0.0051;380;2;1;17;199;1;0.0004;0.2969;239;1;0.0069
"PostUpdateScreenManagerAndInput";0.0047;0.0022;0.0255;273;124;1;3;3;1.01039999909699;0.005077387;0.004;0.0055;199;1;1;1;199;1;0.0022;0.0255;124;1;0.0051
"CustomRenderTextures.Update";0.0046;0.0026;0.0263;173;140;1;4;4;0.967199991689995;0.004860302;0.0042;0.0052;199;1;1;1;199;1;0.0026;0.0263;140;1;0.0055
"Physics.SyncTransforms";0.0046;0.0027;0.0588;271;1;2;5;5;1.01929999783169;0.005122111;0.0039;0.0053;380;2;1;17;199;1;0.0008;0.0588;239;2;0.006599999
"PhysX.ScScene.destroyManagers";0.0046;0.0011;0.0431;289;267;239;7;7;1.00089999404736;0.005029648;0.0032;0.0058;380;2;1;17;199;1;0.0006;0.0082;187;114;0.0099
"Profiler.CollectAudioStats";0.0044;0.0031;0.0117;103;282;29;3;3;1.41489999229088;0.004700664;0.004;0.0051;602;2;2;2;301;1;0.0012;0.0064;141;3;0.0038
"Inl_DrawTransparentObjects";0.0044;0.0041;0.0246;207;190;1;8;8;0.929099997971207;0.004668844;0.0043;0.0045;199;1;1;1;199;1;0.0041;0.0246;190;1;0.0052
"EarlyUpdate.UpdatePreloading";0.0043;0.002;0.0298;175;199;115;3;3;0.891499995719641;0.0044799;0.0037;0.0048;199;1;1;1;199;1;0.002;0.0298;199;115;0.0042
"PostLateUpdate.PlayerUpdateCanvases";0.0043;0.0031;0.2673;203;237;1;3;3;1.15350000676699;0.005796482;0.0039;0.0047;199;1;1;1;199;1;0.0031;0.2673;237;1;0.0045
"Unity.RenderPipelines.Universal.Runtime.dll!::TypeId`1..cctor()";0.0042;0.0042;0.0042;1;1;1;7;9;0.00419999996665865;0.0042;0.0042;0.0042;3;3;3;3;1;1;0.0007;0.0022;1;1;0
"Unity.RenderPipelines.Universal.Runtime.dll!UnityEngine.Rendering.Universal::FilmGrain..ctor() [Invoke]";0.0042;0.0042;0.0042;1;1;1;4;5;0.00420000008307397;0.0042;0.0042;0.0042;2;2;2;2;1;1;0.0019;0.0023;1;1;0
"ScheduleShadowSplitMasksComputation";0.0042;0.003;0.5373;135;212;2;8;8;1.4127999858465;0.007099498;0.0037;0.0048;199;1;1;1;199;1;0.003;0.5373;212;2;0.0048
"Unity.RenderPipelines.Core.Runtime.dll!::RenderGraphCompilationCache..cctor()";0.0041;0.0041;0.0041;1;1;1;4;4;0.00410000002011657;0.0041;0.0041;0.0041;1;1;1;1;1;1;0.0041;0.0041;1;1;0
"Unity.RenderPipelines.Universal.Runtime.dll!UnityEngine.Rendering.Universal::Vignette..ctor() [Invoke]";0.0041;0.0041;0.0041;1;1;1;4;5;0.00410000002011657;0.0041;0.0041;0.0041;2;2;2;2;1;1;0.002;0.0021;1;1;0
"Loading.UpdatePreloading";0.0041;0.0019;0.0181;170;199;172;4;4;0.83519999589771;0.004196985;0.0035;0.0046;199;1;1;1;199;1;0.0019;0.0181;199;172;0.0041
"PrepareSceneNodes";0.004;0.0032;0.2495;150;233;2;9;9;1.08670000405982;0.005460804;0.0037;0.0044;199;1;1;1;199;1;0.0032;0.2495;233;2;0.0053
"MeshRendererPrepareDispatchUpdate";0.0039;0.0039;0.0039;1;1;1;5;5;0.00389999989420176;0.0039;0.0039;0.0039;1;1;1;1;1;1;0.0039;0.0039;1;1;0
"LowLevelPhysics2D.PhysicsWorld.RenderWorlds";0.0039;0.0031;0.0104;159;113;1;7;7;0.801799996756017;0.004029146;0.0036;0.0042;199;1;1;1;199;1;0.0031;0.0104;113;1;0.0043
"Profiler.SessionMetadata";0.003899999;0.003899999;0.0079;2;2;1;1;1;0.0117999999274616;0.0059;0.003899999;0.003899999;28;14;14;14;2;1;0.0001;0.0011;2;1;0
"RenderingCommandBuffer.PrepareKeywords";0.0037;0.003;0.08140001;135;195;143;10;11;0.845599988650065;0.004249246;0.0035;0.0041;4577;23;23;23;199;1;0;0.0781;1;143;0.004200001
"UnityEngine.CoreModule.dll!UnityEngine.Rendering::SupportedRenderingFeatures.IsUIOverlayRenderedBySRP() [Invoke]";0.0036;0.0023;0.2602;142;228;1;3;3;1.03559998935089;0.00520402;0.0031;0.0044;199;1;1;1;199;1;0.0023;0.2602;228;1;0.0044
"EarlyUpdate.ExecuteMainThreadJobs";0.0036;0.0012;0.4909;159;106;1;3;3;1.21830000565387;0.00612211;0.0032;0.004;199;1;1;1;199;1;0.0012;0.4909;106;1;0.0035
"PostLateUpdate.MemoryFrameMaintenance";0.0036;0.0001;0.0254;212;1;222;3;3;0.778499996456958;0.00391206;0.0033;0.004;199;1;1;1;199;1;0.0001;0.0254;1;222;0.0037
"Inl_ScriptableRenderer.ClearRenderingState";0.0036;0.003;0.435;234;167;1;9;9;1.17899999651127;0.005924623;0.0034;0.0039;199;1;1;1;199;1;0.003;0.435;167;1;0.0038
"UpdatePreloading";0.0036;0.0014;0.0176;244;199;172;5;5;0.742699997499585;0.003732161;0.0031;0.0041;199;1;1;1;199;1;0.0014;0.0176;199;172;0.0037
"Unity.RenderPipelines.Universal.Runtime.dll!UnityEngine.Rendering.Universal::SplitToning..ctor() [Invoke]";0.0035;0.0035;0.0035;1;1;1;4;5;0.0034999999916181;0.0035;0.0035;0.0035;2;2;2;2;1;1;0.0017;0.0018;1;1;0
"PhysX.ScScene.processLostContact";0.0035;0.0008;0.0227;147;199;239;7;7;0.684399998164736;0.003439196;0.0024;0.0039;380;2;1;17;199;1;0.0005;0.0047;182;2;0.0052
"FindBrightestDirectionalLight";0.0035;0.0026;0.0202;160;195;292;10;11;0.738199998042546;0.003709548;0.0032;0.0039;398;2;2;2;199;1;0.0007;0.0184;286;292;0.0042
"PhysX.ScScene.processLostContact2";0.0035;0.0007;0.0276;218;2;239;7;7;0.714800001616823;0.00359196;0.0024;0.0041;380;2;1;17;199;1;0.0004;0.0106;204;151;0.004
"Unity.RenderPipelines.Universal.Runtime.dll!UnityEngine.Rendering.Universal.Internal::CopyColorPass..cctor()";0.0034;0.0034;0.0034;1;1;1;4;4;0.00340000004507601;0.0034;0.0034;0.0034;1;1;1;1;1;1;0.0034;0.0034;1;1;0
"CompileRenderGraph";0.0034;0.0016;0.0065;155;272;1;8;8;0.702299998258241;0.003529146;0.0029;0.0039;199;1;1;1;199;1;0.0016;0.0065;272;1;0.0046
"PostLateUpdate.UpdateAllRenderers";0.0034;0.0026;4.5852;184;124;1;3;3;5.32019983045757;0.02673467;0.0031;0.0039;199;1;1;1;199;1;0.0026;4.5852;124;1;0.0035
"Find dependency chain";0.0034;0.0022;0.0305;193;250;1;7;14;0.73579998909554;0.003697487;0.003;0.0037;1620;8;4;46;199;1;0;0.025;1;142;0.0037
"Inl_DrawScreenSpaceUI";0.0034;0.0028;0.259;259;123;1;8;8;0.990299992379732;0.004976382;0.0032;0.0037;398;2;2;2;199;1;0.0011;0.1652;195;1;0.0046
"Shadows.CombineDirectionalShadowCasterCullignIndexListsAndDestroy";0.0033;0.0033;0.0033;2;2;2;11;11;0.00329999998211861;0.0033;0.0033;0.0033;1;1;1;1;1;2;0.0033;0.0033;2;2;0
"ReflectionProbes.Update";0.0033;0.0025;0.0188;266;150;1;4;4;0.736799995647743;0.003702512;0.003;0.0038;199;1;1;1;199;1;0.0025;0.0188;150;1;0.0032
"Audibility computation";0.0033;0.0013;0.0084;281;153;105;6;6;0.676399996271357;0.003398995;0.003;0.0037;199;1;1;1;199;1;0.0013;0.0084;153;105;0.0041
"Inl_DrawDepthNormalPrepass";0.0032;0.0028;0.4393;154;108;1;8;8;1.09969999920577;0.005526131;0.003;0.0034;199;1;1;1;199;1;0.0028;0.4393;108;1;0.0041
"PhysX.NpScene.execution";0.0032;0.0021;0.0074;161;154;114;7;7;0.663399993994972;0.003333668;0.0029;0.0036;380;2;1;17;199;1;0.0002;0.0072;106;2;0.004
"EarlyUpdate.AnalyticsCoreStatsUpdate";0.0032;0.0004;0.0416;236;1;105;3;3;0.720799999515293;0.00362211;0.0029;0.0037;199;1;1;1;199;1;0.0004;0.0416;1;105;0.003
"Inl_Set Motion Vector Global Matrices";0.0032;0.0026;0.9558;237;115;1;8;8;1.63849999406375;0.008233668;0.003;0.0035;199;1;1;1;199;1;0.0026;0.9558;115;1;0.0045
"Application.Integrate Assets in Background";0.0032;0.0013;0.017;276;106;172;6;6;0.655799997155555;0.003295477;0.0027;0.0036;199;1;1;1;199;1;0.0013;0.017;106;172;0.0034
"Unity.RenderPipelines.Core.Runtime.dll!::RenderingLayerField..cctor()";0.0031;0.0031;0.0031;1;1;1;4;4;0.00310000008903444;0.0031;0.0031;0.0031;1;1;1;1;1;1;0.0031;0.0031;1;1;0
"EarlyUpdate.PlayerCleanupCachedData";0.0031;0.002;0.0129;148;132;174;3;3;0.642199997557327;0.003227136;0.0028;0.0033;199;1;1;1;199;1;0.002;0.0129;132;174;0.0029
"Initialization.DirectorSampleTime";0.0031;0.0021;0.0073;154;207;121;3;3;0.634299997007474;0.003187437;0.0027;0.0035;199;1;1;1;199;1;0.0021;0.0073;207;121;0.0032
"PreLateUpdate.AccessibilityUpdate";0.0031;0.0022;0.7892;183;123;1;3;3;1.42240000679158;0.007147739;0.0028;0.0034;199;1;1;1;199;1;0.0022;0.7892;123;1;0.0035
"Profiler.CollectEditorStats";0.0031;0.0019;0.0238;223;192;112;1;1;1.09489999478683;0.003637542;0.0027;0.0037;301;1;1;1;301;1;0.0019;0.0238;192;112;0.0028
"Inl_Draw Additional Lights Shadowmap";0.0031;0.0026;0.4295;235;123;1;8;8;1.08620001119561;0.005458292;0.0029;0.0035;199;1;1;1;199;1;0.0026;0.4295;123;1;0.0036
"FrameEvents.OnBeforeRenderCallback";0.0031;0.0024;0.4086;276;199;1;3;3;1.11100000049919;0.005582915;0.0029;0.0036;199;1;1;1;199;1;0.0024;0.4086;199;1;0.0042
"UnityEngine.CoreModule.dll!UnityEngine.Rendering::RenderPipelineGlobalSettings.OnBeforeSerialize() [Invoke]";0.0031;0.0031;0.0031;1;1;1;4;4;0.00309999997261912;0.0031;0.0031;0.0031;2;2;2;2;1;1;0.0014;0.0017;1;1;0
"PhysX.ScScene.rigidBodyNarrowPhase";0.0031;0.0021;0.012;167;185;166;7;7;0.645999993532314;0.003246231;0.0027;0.0035;380;2;1;17;199;1;0.0002;0.0114;106;166;0.0039
"Cleanup Unused Cached Data";0.003;0.0019;0.0127;262;132;174;4;4;0.630199998850003;0.003166834;0.0027;0.0033;199;1;1;1;199;1;0.0019;0.0127;132;174;0.0027
"PhysX.ScScene.islandInsertion";0.003;0.0022;0.013;278;178;144;7;7;0.645599993964424;0.003244221;0.0028;0.0034;380;2;1;17;199;1;0.0002;0.0125;241;144;0.0037
"PhysX.ScScene.islandGen";0.003;0.0012;0.0224;300;283;239;7;7;0.711099992739037;0.003573367;0.0028;0.0037;380;2;1;17;199;1;0.0005;0.0121;127;201;0.0056
"InputSystem.onBeforeUpdate";0.0029;0.0015;3.5391;146;164;1;5;5;5.20259996363893;0.02614372;0.0021;0.004;199;1;1;1;199;1;0.0015;3.5391;164;1;0.0029
"PlayerCleanupCachedData";0.0029;0.0019;0.0127;148;132;174;5;5;0.602599996840581;0.003028141;0.0026;0.0032;199;1;1;1;199;1;0.0019;0.0127;132;174;0.0026
"UIEvents.WillRenderCanvases";0.0029;0.0023;0.2643;201;123;1;4;4;0.871799984714016;0.004380905;0.0026;0.0032;199;1;1;1;199;1;0.0023;0.2643;123;1;0.0032
"LowLevelPhysics2D.PhysicsWorld.PreSimulate";0.0029;0.0019;0.2478;207;290;1;6;6;0.870699988648994;0.004375377;0.0026;0.0034;380;2;1;17;199;1;0.0003;0.2478;239;1;0.0034
"PreUpdate.InputForUIUpdate";0.0029;0.0022;0.1264;272;265;1;3;3;0.772499990649521;0.003881909;0.0026;0.0032;199;1;1;1;199;1;0.0022;0.1264;265;1;0.0026
"FixedUpdate.AudioFixedUpdate";0.0028;0.0017;0.0103;251;301;240;3;3;0.622999994491693;0.003130653;0.0024;0.0035;380;2;1;17;199;1;0.0002;0.0071;106;300;0.0039
"ReflectionProbeAnchorManagerUpdate";0.0027;0.0018;0.007699999;136;153;239;8;10;0.553599993028911;0.002781909;0.0024;0.003;597;3;3;3;199;1;0.0003;0.0048;123;239;0.003
"UGUI.Rendering.UpdateBatches";0.0027;0.0021;0.2637;266;132;1;5;5;0.835900004953146;0.004200503;0.0025;0.003;199;1;1;1;199;1;0.0021;0.2637;132;1;0.003
"UnityEngine.CoreModule.dll!UnityEngine.Rendering::RenderPipelineManager.HandleRenderPipelineChange() [Invoke]";0.0027;0.0017;0.3193;277;130;1;3;3;0.875599987688474;0.0044;0.0024;0.0031;398;2;2;2;199;1;0.0007;0.3173;284;1;0.003
"Unity.RenderPipelines.Universal.Runtime.dll!UnityEngine.Rendering.Universal::LiftGammaGain..ctor() [Invoke]";0.0026;0.0026;0.0026;1;1;1;4;5;0.00260000000707805;0.0026;0.0026;0.0026;2;2;2;2;1;1;0.0013;0.0013;1;1;0
"UnityEngine.CoreModule.dll!UnityEngine.Experimental.GlobalIllumination::Lightmapping..cctor()";0.0026;0.0026;0.0026;1;1;1;5;5;0.00260000000707805;0.0026;0.0026;0.0026;1;1;1;1;1;1;0.0026;0.0026;1;1;0
"PostLateUpdate.RenderAs2DUpdate";0.0026;0.0018;0.017;165;259;1;3;3;0.572999994037673;0.002879397;0.0023;0.003;199;1;1;1;199;1;0.0018;0.017;259;1;0.0023
"Graphics.DrawProcedural";0.0026;0.0018;0.007699999;271;184;205;10;11;0.535899987720768;0.002692965;0.0024;0.0029;4577;23;23;23;199;1;0;0.005;1;205;0.0029
"Director.SampleTime";0.0026;0.0018;0.0066;291;232;121;4;4;0.547699996037409;0.002752261;0.0023;0.003;199;1;1;1;199;1;0.0018;0.0066;232;121;0.0028
"JobDebuggerFrameMaintenance";0.0026;0.0001;0.0061;293;2;160;4;4;0.534399998570734;0.002685427;0.0023;0.003;199;1;1;1;199;1;0.0001;0.0061;2;160;0.0026
"UnityEngine.PhysicsModule.dll!UnityEngine::Physics.OnSceneContact() [Invoke]";0.0025;0.0014;1.1042;282;195;1;7;7;1.67580000350426;0.008421105;0.002;0.0034;380;2;1;17;199;1;0.0002;1.1042;239;1;0.0047
"Inl_Setup Additional Shadows";0.0025;0.0015;1.0926;130;248;1;9;9;1.59769998479169;0.008028643;0.0022;0.0028;199;1;1;1;199;1;0.0015;1.0926;248;1;0.0027
"PreUpdate.AIUpdate";0.0025;0.0018;0.0819;198;234;1;3;3;0.599899997236207;0.003014573;0.0022;0.0028;199;1;1;1;199;1;0.0018;0.0819;234;1;0.0023
"UnityEngine.UnityAnalyticsModule.dll!UnityEngine::RemoteSettings.RemoteSettingsUpdateCompleted() [Invoke]";0.0024;0.0024;0.0024;1;1;1;4;4;0.00239999988116324;0.0024;0.0024;0.0024;1;1;1;1;1;1;0.0024;0.0024;1;1;0
"Initialization.AsyncUploadTimeSlicedUpdate";0.0024;0.0006;0.0097;113;106;105;3;3;0.442699997103773;0.002224623;0.0012;0.0028;199;1;1;1;199;1;0.0006;0.0097;106;105;0.002
"UnityEngine.CoreModule.dll!UnityEngine::Application.InvokeOnBeforeRender() [Invoke]";0.0023;0.0018;0.4017;167;199;1;4;4;0.920799986692145;0.004627136;0.0021;0.0026;199;1;1;1;199;1;0.0018;0.4017;199;1;0.0032
"PreUpdate.WindUpdate";0.0023;0.0014;0.0072;195;118;2;3;3;0.487399997306056;0.002449246;0.0021;0.0027;199;1;1;1;199;1;0.0014;0.0072;118;2;0.0022
"PhysX.PostBroadPhaseStage2Task";0.0023;0.0013;0.0141;207;164;168;7;7;0.498599998929421;0.002505528;0.0019;0.0029;379;2;1;17;199;1;0.0002;0.0126;239;168;0.003
"PrepareSceneNodesCombineJob";0.0023;0.0014;0.005;212;120;2;11;12;0.255499998456798;0.002344037;0.002;0.0026;109;1;1;1;109;2;0.0014;0.005;120;2;0
"Physics2D.Simulate";0.0023;0.0013;0.0109;296;286;239;4;4;0.518399997235974;0.002605025;0.002;0.0028;380;2;1;17;199;1;0.0004;0.0082;138;151;0.0033
"Unity.RenderPipelines.Core.Runtime.dll!UnityEngine.Rendering.RenderGraphModule::RenderGraphResourceRegistry..cctor()";0.0022;0.0022;0.0022;1;1;1;4;4;0.00219999998807907;0.0022;0.0022;0.0022;1;1;1;1;1;1;0.0022;0.0022;1;1;0
"Inl_Forward+ Complete";0.0022;0.0016;0.0126;135;178;169;10;10;0.494799998821691;0.002486432;0.0019;0.0027;199;1;1;1;199;1;0.0016;0.0126;178;169;0.0028
"UnityEngine.AccessibilityModule.dll!UnityEngine.Accessibility::AccessibilityManager.Internal_Update() [Invoke]";0.0022;0.0014;0.7791;218;123;1;4;4;1.23140000016429;0.00618794;0.002;0.0025;199;1;1;1;199;1;0.0014;0.7791;123;1;0.0025
"RenderTexture.GarbageCollectTemporary";0.0022;0.0014;0.009000001;222;149;174;3;6;0.463499994715676;0.002329146;0.002;0.0025;398;2;2;2;199;1;0.0003;0.0081;149;174;0.0019
"CoroutinesDelayedCalls";0.0022;0.0013;5766.87;275;137;1;4;4;5767.61492782923;28.98299;0.002;0.0026;1176;6;5;21;199;1;0;2706.742;106;1;0.0025
"Unity.RenderPipelines.Universal.Runtime.dll!UnityEngine.Rendering.Universal::WhiteBalance..ctor() [Invoke]";0.0021;0.0021;0.0021;1;1;1;4;5;0.00210000004153699;0.0021;0.0021;0.0021;2;2;2;2;1;1;0.001;0.0011;1;1;0
"PrepareUpdateRendererBoundingVolumes";0.0021;0.0014;0.03529999;149;197;1;4;10;0.471699992798676;0.002370352;0.0019;0.0023;996;5;5;6;199;1;0.0001;0.0245;109;1;0.002
"AudioManager.FixedUpdate";0.0021;0.0012;0.0085;172;137;145;4;4;0.454399996611755;0.002283417;0.0018;0.0025;380;2;1;17;199;1;0.0001;0.0063;106;145;0.0029
"PhysX.AABBManager::postBroadPhaseStage3";0.0021;0.0011;0.006299999;198;178;239;7;7;0.444399996922584;0.002233166;0.0018;0.0025;380;2;1;17;199;1;0.0002;0.0032;106;186;0.0028
"Profiler.CollectUIStats";0.0021;0.0014;0.023;263;192;112;2;2;0.772499997518025;0.002566445;0.0019;0.0025;301;1;1;1;301;1;0.0014;0.023;192;112;0.0021
"Unity.RenderPipelines.Universal.Runtime.dll!UnityEngine.Rendering.Universal.Internal::AdditionalLightsShadowCasterPass..cctor()";0.002;0.002;0.002;1;1;1;5;5;0.0020000000949949;0.002;0.002;0.002;1;1;1;1;1;1;0.002;0.002;1;1;0
"Unity.RenderPipelines.Universal.Runtime.dll!UnityEngine.Rendering.Universal::PaniniProjection..ctor() [Invoke]";0.002;0.002;0.002;1;1;1;4;5;0.0020000000949949;0.002;0.002;0.002;2;2;2;2;1;1;0.001;0.001;1;1;0
"UnityEngine.CoreModule.dll!UnityEngine.Rendering::RendererListParams..cctor()";0.002;0.002;0.002;1;1;1;9;9;0.0020000000949949;0.002;0.002;0.002;1;1;1;1;1;1;0.002;0.002;1;1;0
"SpeedTreeWindManager.Update";0.002;0.0012;0.0059;111;118;2;4;4;0.416699997615069;0.00209397;0.0018;0.0023;199;1;1;1;199;1;0.0012;0.0059;118;2;0.0019
"Preload Single Step";0.002;0.0001;0.0156;135;106;172;7;7;0.392099997858168;0.001970352;0.0015;0.0023;199;1;1;1;199;1;0.0001;0.0156;106;172;0.0022
"UnityEngine.InputForUIModule.dll!UnityEngine.InputForUI::EventProvider.NotifyUpdate() [Invoke]";0.002;0.0015;0.1175;241;258;1;4;4;0.570199998328462;0.002865327;0.0018;0.0023;199;1;1;1;199;1;0.0015;0.1175;258;1;0.0017
"PhysX.ScScene.advanceStep";0.002;0.0011;0.009099999;107;112;239;7;7;0.419499997195089;0.00210804;0.0017;0.0024;380;2;1;17;199;1;0.0003;0.0056;239;114;0.0025
"TransformChangeSystem";0.002;0.0012;0.0496;249;164;1;4;9;0.479499990760814;0.002409548;0.0018;0.002399999;2715;14;10;74;199;1;0;0.0429;1;1;0.0025
"Shadows.CullShadowCastersDirectionalDetail";0.0019;0.0019;0.0019;2;2;2;13;13;0.0019000000320375;0.0019;0.0019;0.0019;2;2;2;2;1;2;0.0009;0.001;2;2;0
"PhysX.ScScene.broadPhase";0.0019;0.001;0.0086;173;154;105;7;7;0.404199997188698;0.002031156;0.0016;0.0022;380;2;1;17;199;1;0.0001;0.0086;106;105;0.0028
"PhysX.NpScene.completion";0.0019;0.0013;0.0079;281;292;240;7;7;0.418899996642722;0.002105025;0.0017;0.0022;380;2;1;17;199;1;0.0003;0.0051;119;248;0.0023
"Physics.ReadTransforms";0.0019;0.0011;0.009099999;282;263;239;5;5;0.42319999737083;0.002126633;0.0017;0.0023;380;2;1;17;199;1;0.0003;0.0029;106;2;0.0027
"UnityEngine.CoreModule.dll!UnityEngine.Experimental.Rendering::ScriptableRuntimeReflectionSystemSettings.get_Internal_ScriptableRuntimeReflectionSystemSettings_instance() [Invoke]";0.0018;0.0018;0.0018;1;1;1;3;3;0.00179999996908009;0.0018;0.0018;0.0018;1;1;1;1;1;1;0.0018;0.0018;1;1;0
"Profiler.SerializeStats";0.0018;0.0014;0.0051;54;98;3;3;3;0.587499997927807;0.001951827;0.0016;0.002;301;1;1;1;301;1;0.0014;0.0051;98;3;0.0019
"PhysX.ScScene.afterIntegration";0.0018;0.0011;0.0055;139;212;240;7;7;0.376499995574704;0.00189196;0.0015;0.0021;380;2;1;17;199;1;0.0001;0.0041;138;230;0.0021
"Camera.Render";0.0018;0.0003;0.0058;202;185;1;3;3;0.31109999777982;0.001563317;0.0007;0.0021;199;1;1;1;199;1;0.0003;0.0058;185;1;0.0011
"TimeManager.Update";0.0018;0.0008;0.0064;213;1;278;4;4;0.378899999719579;0.00190402;0.0016;0.002;199;1;1;1;199;1;0.0008;0.0064;1;278;0.0018
"UnityEngine.CoreModule.dll!UnityEngine.Rendering::AttachmentIndexArray..cctor()";0.0017;0.0017;0.0017;1;1;1;9;9;0.00170000002253801;0.0017;0.0017;0.0017;1;1;1;1;1;1;0.0017;0.0017;1;1;0
"Inl_ScriptableRenderer.InternalFinishRenderingCommon";0.0017;0.001;0.2123;159;265;1;7;7;0.567900001071393;0.002853769;0.0014;0.0019;199;1;1;1;199;1;0.001;0.2123;265;1;0.0024
"PhysX.ScScene.collideStep";0.0017;0.0011;0.0052;207;224;114;7;7;0.3629999950208;0.001824121;0.0015;0.0019;380;2;1;17;199;1;0.0001;0.0048;239;114;0.0025
"FindActiveLights";0.0017;0.0013;0.0061;272;244;2;10;10;0.369199998676777;0.001855276;0.0016;0.002;199;1;1;1;199;1;0.0013;0.0061;244;2;0.0019
"Unity.RenderPipelines.Universal.Runtime.dll!UnityEngine.Rendering.Universal::ChromaticAberration..ctor() [Invoke]";0.0017;0.0017;0.0017;1;1;1;4;5;0.00169999996433035;0.0017;0.0017;0.0017;2;2;2;2;1;1;0.0008;0.0009;1;1;0
"PhysX.ScScene.preRigidBodyNarrowPhase";0.0017;0.001;0.0056;244;178;117;7;7;0.366799996481859;0.001843216;0.0015;0.002;380;2;1;17;199;1;0.0001;0.0052;106;117;0.0026
"Loading.IsObjectAvailable";0.0016;0.0016;0.0016;1;1;1;8;8;0.0015999999595806;0.0016;0.0016;0.0016;1;1;1;1;1;1;0.0016;0.0016;1;1;0
"PhysX.DirtyShapeUpdatesTask";0.0016;0.0016;0.0016;1;1;1;7;7;0.0015999999595806;0.0016;0.0016;0.0016;1;1;1;1;1;1;0.0016;0.0016;1;1;0
"CullResultsToNativeArrays";0.0016;0.001;0.0069;276;163;140;8;8;0.354499998851679;0.001781407;0.0013;0.002;199;1;1;1;199;1;0.001;0.0069;163;140;0.0023
"PreUpdate.Physics2DUpdate";0.0015;0.0011;0.0118;112;134;1;3;3;0.323199995444156;0.001624121;0.0014;0.0016;199;1;1;1;199;1;0.0011;0.0118;134;1;0.0014
"Inl_RG_SetupPostFX";0.0015;0.0011;0.1399;128;261;1;8;8;0.449199994909577;0.002257286;0.0014;0.0016;199;1;1;1;199;1;0.0011;0.1399;261;1;0.0019
"JobHandle.Complete";0.0015;0.0011;33.6823;240;272;1;7;11;34.0411004183115;0.1710608;0.0014;0.002;235;1;1;37;199;1;0.0011;31.8339;272;1;0.002
"PhysX.ScScene.registerContactManagers";0.0014;0.0014;0.0014;2;2;2;9;9;0.00139999995008111;0.0014;0.0014;0.0014;1;1;1;1;1;2;0.0014;0.0014;2;2;0
"PhysX.ScScene.rigidBodySolver";0.0014;0.0009;0.0041;153;143;240;7;7;0.295299995748792;0.00148392;0.0012;0.0016;377;2;1;15;199;1;0.0001;0.0025;106;185;0.0019
"Inl_DrawSkybox";0.0014;0.001;1.0082;264;257;1;8;8;1.30670004559215;0.006566332;0.0013;0.0016;199;1;1;1;199;1;0.001;1.0082;257;1;0.0023
"UIElements.CollectLayoutNodes";0.0014;0.0007;0.0074;282;258;131;5;5;0.301099998177961;0.001520707;0.0012;0.0018;198;1;1;1;198;2;0.0007;0.0074;258;131;0.0019
"Physics2D.SyncTransformChanges";0.0013;0.0006;0.0082;107;154;239;5;5;0.291699996218085;0.001465829;0.0011;0.0016;380;2;1;17;199;1;0.0003;0.007;160;151;0.0018
"PreLateUpdate.Physics2DLateUpdate";0.0013;0.0008;0.0222;135;223;1;3;3;0.321399998094421;0.001615075;0.0011;0.0015;199;1;1;1;199;1;0.0008;0.0222;223;1;0.0012
"Initialization.XREarlyUpdate";0.0013;0.0008;0.0164;137;145;136;3;3;0.28809999790974;0.001447739;0.0011;0.0014;199;1;1;1;199;1;0.0008;0.0164;145;136;0.0012
"FrameEvents.XRBeginFrame";0.0013;0.0009;0.0047;191;162;130;3;3;0.281999997445382;0.001417085;0.0011;0.0015;199;1;1;1;199;1;0.0009;0.0047;162;130;0.0016
"LOD.ComputeLOD";0.0013;0.0009999999;0.0066;199;142;1;9;10;0.290099998324877;0.001457789;0.0012;0.0015;398;2;2;2;199;1;0.0001;0.0058;105;1;0.0019
"Draw Additional Lights Shadowmap";0.0013;0.0008;0.0044;242;114;165;9;9;0.280399998242501;0.001409045;0.0011;0.0016;199;1;1;1;199;1;0.0008;0.0044;114;165;0.0018
"LowLevelPhysics2D.PhysicsWorld.PostSimulate";0.0013;0.0009;0.1347;293;131;119;6;6;0.510399997889181;0.002564824;0.0012;0.0017;380;2;1;17;199;1;0.0002;0.1337;211;119;0.0017
"PhysX.ScScene.updateCCDMultiPass";0.0012;0.0008;0.0461;144;154;209;7;7;0.311399996382534;0.001564824;0.0011;0.0014;380;2;1;17;199;1;0.0001;0.0455;226;209;0.0017
"FixedUpdate.ScriptRunBehaviourFixedUpdate";0.0012;0.0008;0.0038;206;1;239;3;3;0.256299997825408;0.00128794;0.001;0.0014;380;2;1;17;199;1;0.0001;0.0026;106;115;0.0016
"EarlyUpdate.ClearLines";0.0012;0.0006;0.0022;120;233;114;3;3;0.24039999867091;0.00120804;0.001;0.0013;199;1;1;1;199;1;0.0006;0.0022;233;114;0.0009
"AudioProfiler.CaptureFrame";0.0012;0.0007;0.0028;121;110;3;4;4;0.393099996028468;0.00130598;0.001;0.0014;301;1;1;1;301;1;0.0007;0.0028;110;3;0.0009
"updateScene.Invoke";0.0012;0.0008;0.0039;148;113;1;3;3;0.240399997797795;0.00120804;0.001;0.0013;199;1;1;1;199;1;0.0008;0.0039;113;1;0.0013
"AddDirectionalLights";0.0012;0.0008;0.0039;264;288;258;10;10;0.266599999100436;0.001339698;0.001;0.0015;199;1;1;1;199;1;0.0008;0.0039;288;258;0.0017
"EarlyUpdate.UpdateContentLoading";0.0012;0.0008;0.0065;287;145;249;3;3;0.269499997084495;0.001354271;0.0011;0.0015;199;1;1;1;199;1;0.0008;0.0065;145;249;0.0013
"Inl_Setup Debug Properties";0.0011;0.0008;0.2977;159;145;1;8;8;0.527699987636879;0.002651759;0.001;0.0012;199;1;1;1;199;1;0.0008;0.2977;145;1;0.0018
"PostLateUpdate.PhysicsSkinnedClothBeginUpdate";0.0011;0.0007;0.0063;189;123;1;3;3;0.239699998579454;0.001204523;0.001;0.0012;199;1;1;1;199;1;0.0007;0.0063;123;1;0.001
"SpeedTreeWindManager.UpdateGlobalAndLocalWinds";0.0011;0.0006;0.0042;196;118;278;5;5;0.230899997986853;0.001160302;0.0009;0.0013;199;1;1;1;199;1;0.0006;0.0042;118;278;0.0011
"FixedUpdate.DirectorFixedUpdate";0.0011;0.0006;0.0041;242;137;300;3;3;0.234299996460322;0.001177387;0.0009;0.0013;380;2;1;17;199;1;0.0001;0.004;106;300;0.0014
"UnityEngine.Physics2DModule.dll!UnityEngine.LowLevelPhysics2D::PhysicsEvents.InvokePreSimulate() [Invoke]";0.0011;0.0007;0.2417;258;195;1;7;7;0.492599990771851;0.002475377;0.0009999999;0.0014;380;2;1;17;199;1;0.0001;0.2417;106;1;0.0014
"PreLateUpdate.ConstraintManagerUpdate";0.0011;0.0008;0.0038;274;212;1;3;3;0.247899998386856;0.001245729;0.0011;0.0013;199;1;1;1;199;1;0.0008;0.0038;212;1;0.0013
"ReflectionProbeAnchorPositionUpdate";0.0011;0.0006;0.0024;298;243;1;9;11;0.238399996669614;0.00119799;0.0009999999;0.0013;597;3;3;3;199;1;0.0001;0.0014;106;287;0.0016
"PreUpdate.PhysicsUpdate";0.001;0.0006;0.0113;126;125;177;3;3;0.218199999595527;0.001096482;0.0009;0.0011;199;1;1;1;199;1;0.0006;0.0113;125;177;0.001
"UnityEngine.CoreModule.dll!UnityEngine.Rendering::OnDemandRendering.GetRenderFrameInterval() [Invoke]";0.001;0.0005;0.3223;157;246;1;3;3;0.530299984908197;0.002664824;0.0007;0.0012;199;1;1;1;199;1;0.0005;0.3223;246;1;0.0009
"PreLateUpdate.ScriptRunBehaviourLateUpdate";0.001;0.0007;0.0117;197;218;201;3;3;0.227999999420717;0.001145729;0.0009;0.0012;199;1;1;1;199;1;0.0007;0.0117;218;201;0.0009
"UnityEngine.AIModule.dll!UnityEngine.AI::NavMesh.Internal_CallOnNavMeshPreUpdate() [Invoke]";0.001;0.0006;0.068;197;287;1;4;4;0.278399994596839;0.001398995;0.0009;0.0012;199;1;1;1;199;1;0.0006;0.068;287;1;0.0009
"Profiler.CollectVideoStats";0.001;0.0006;0.0027;235;189;130;3;3;0.336899999878369;0.001119269;0.0009;0.0013;301;1;1;1;301;1;0.0006;0.0027;189;130;0.001
"EarlyUpdate.ScriptRunDelayedStartupFrame";0.001;0.0007;2221.989;242;137;1;3;3;2222.20261367084;11.16685;0.0009;0.0011;199;1;1;1;199;1;0.0007;2221.989;137;1;0.001
"PhysX.ScScene.postSolver";0.001;0.0007;0.0059;272;137;114;7;7;0.237799995993555;0.001194975;0.0009;0.0013;380;2;1;17;199;1;0.0001;0.004;162;114;0.0015
"Initialize Frame";0.001;0.0006;0.0018;281;136;283;9;9;0.208999999566004;0.001050251;0.0009;0.0011;199;1;1;1;199;1;0.0006;0.0018;136;283;0.001
"PhysX.ScScene.postNarrowPhase";0.0009999999;0.0005;0.0134;232;112;194;7;7;0.232599995964847;0.001168844;0.0008;0.0012;380;2;1;17;199;1;0.0001;0.0128;106;194;0.0013
"PhysX.ScScene.secondPassNarrowPhase";0.0009999999;0.0006;0.0067;262;221;246;7;7;0.218899995466927;0.0011;0.0009;0.0012;380;2;1;17;199;1;0.0001;0.0061;106;246;0.0012
"CopyChannels";0.0009;0.0009;0.0009;1;1;1;4;4;0.000899999984540045;0.0009;0.0009;0.0009;1;1;1;1;1;1;0.0009;0.0009;1;1;0
"PhysX.ScScene.postBroadPhase";0.0009;0.0009;0.0009;1;1;1;7;7;0.000899999984540045;0.0009;0.0009;0.0009;1;1;1;1;1;1;0.0009;0.0009;1;1;0
"FixedUpdate.PhysicsClothFixedUpdate";0.0009;0.0004;0.0065;112;120;177;3;3;0.190499995711434;0.0009572864;0.0006;0.001;380;2;1;17;199;1;0.0001;0.0059;111;177;0.0017
"PreUpdate.UpdateVideo";0.0009;0.0006;0.004;200;199;115;3;3;0.199199998110998;0.001001005;0.0008;0.0011;199;1;1;1;199;1;0.0006;0.004;199;115;0.0008
"Inl_RenderPipeline.BeginContextRendering";0.0009;0.0006;0.3831;203;130;1;5;5;0.577900000324007;0.00290402;0.0007;0.0011;199;1;1;1;199;1;0.0006;0.3831;130;1;0.0012
"PostLateUpdate.AccessibilityLateUpdate";0.0009;0.0007;0.0796;207;115;1;3;3;0.276099996815901;0.001387437;0.0008;0.0011;199;1;1;1;199;1;0.0007;0.0796;115;1;0.0009
"Physics.CalculateChangedColliderTransforms";0.0009;0.0004;0.0051;220;1;239;6;6;0.193399996045628;0.0009718593;0.0008;0.0011;380;2;1;17;199;1;0;0.0023;191;239;0.0011
"Unity.AppUI.dll!Unity.AppUI.Core::AppUIManagerBehaviour.Update() [Invoke]";0.0009;0.0007;0.0637;232;109;1;5;5;0.255999996501487;0.001286432;0.0008;0.0011;199;1;1;1;199;1;0.0007;0.0637;109;1;0.0014
"Physics.UpdateRigidbodies";0.0009;0.0005;0.0044;242;120;239;6;6;0.197499996000261;0.0009924623;0.0008;0.0011;380;2;1;17;199;1;0.0001;0.0018;106;2;0.0013
"Renderers.OncePerFrameUpdate";0.0009;0.0006;0.0046;247;110;1;4;4;0.19979999831412;0.00100402;0.0008;0.0011;199;1;1;1;199;1;0.0006;0.0046;110;1;0.001
"UnityEngine.CoreModule.dll!UnityEngine.Rendering::OnDemandRendering..cctor()";0.0008;0.0008;0.0008;1;1;1;4;4;0.0007999999797903;0.0008;0.0008;0.0008;1;1;1;1;1;1;0.0008;0.0008;1;1;0
"EarlyUpdate.ClearIntermediateRenderers";0.0008;0.0004;0.0027;110;124;115;3;3;0.158299997216091;0.0007954774;0.0006;0.0009;199;1;1;1;199;1;0.0004;0.0027;124;115;0.0008
"LowLevelPhysics2D.PhysicsWorld.Transform.WriteTweens";0.0008;0.0005;0.003;112;134;1;4;4;0.159299996506888;0.0008005025;0.0007;0.0008;199;1;1;1;199;1;0.0005;0.003;134;1;0.0008
"Physics2D.CollectProfileInfo";0.0008;0.0004;0.0204;116;257;222;4;4;0.192399998195469;0.0009668341;0.0006;0.0009;199;1;1;1;199;1;0.0004;0.0204;257;222;0.0006
"PostLateUpdate.VFXUpdate";0.0008;0.0005;0.0046;131;125;1;3;3;0.165299997141119;0.0008306532;0.0007;0.0009;199;1;1;1;199;1;0.0005;0.0046;125;1;0.0008
"GarbageCollector.CollectIncremental";0.0008;0.0002;0.0047;138;1;114;4;4;0.172199997134157;0.0008653266;0.0006;0.001;199;1;1;1;199;1;0.0002;0.0047;1;114;0.0007
"PhysX.ScScene.postBroadPhaseCont";0.0008;0.0003;0.0518;177;199;114;7;7;0.214699995987758;0.001078894;0.0006;0.0009999999;380;2;1;17;199;1;0.0001;0.0514;106;114;0.0012
"TerrainManager.CullAllTerrains";0.0008;0.0005;0.0026;227;153;1;8;8;0.171999996702652;0.0008643216;0.0007;0.0009;199;1;1;1;199;1;0.0005;0.0026;153;1;0.001
"UnityEngine.Physics2DModule.dll!UnityEngine.LowLevelPhysics2D::PhysicsEvents.InvokePostSimulate() [Invoke]";0.0008;0.0004;0.1341;228;270;119;7;7;0.382099986054527;0.0019201;0.0007;0.0011;380;2;1;17;199;1;0.0001;0.1334;106;119;0.0011
"ClothManager.LateUpdate";0.0008;0.0005;0.005;246;123;1;4;4;0.181899996881839;0.0009140703;0.0007;0.0009;199;1;1;1;199;1;0.0005;0.005;123;1;0.0008
"Physics.UpdateArticulations";0.0008;0.0004;0.0036;246;292;240;6;6;0.17849999704049;0.0008969849;0.0007;0.0009999999;380;2;1;17;199;1;0.0001;0.0016;106;230;0.0011
"UGUI.Rendering.EmitWorldScreenspaceCameraGeometry";0.0008;0.0005;0.0036;264;121;1;3;4;0.171299997280585;0.000860804;0.0007;0.0009999999;398;2;2;2;199;1;0.0001;0.0021;199;1;0.0009
"PhysX.ScScene.finalizationPhase";0.0008;0.0004;0.0038;266;254;240;7;7;0.180099996927311;0.0009050251;0.0007;0.0009999999;380;2;1;17;199;1;0.0001;0.002;106;116;0.0012
"PostLateUpdate.ProfilerEndFrame";0.0008;0.0005;0.0054;281;120;1;3;3;0.193099998054095;0.0009703517;0.0007;0.001;199;1;1;1;199;1;0.0005;0.0054;120;1;0.0007
"AddCustomActiveLocalLights";0.0008;0.0007;0.0051;300;106;2;10;10;0.193299996724818;0.0009713568;0.0008;0.001;199;1;1;1;199;1;0.0007;0.0051;106;2;0.0009
"Physics2D.SyncRigidbodyTransformChanges";0.0007;0.0003;0.0041;141;154;239;6;6;0.165899996587541;0.0008336683;0.0006;0.0009999999;380;2;1;17;199;1;0.0001;0.0021;106;145;0.0012
"EarlyUpdate.UnityWebRequestUpdate";0.0007;0.0003;0.0018;111;138;115;3;3;0.135999997670297;0.0006834171;0.0005;0.0008;199;1;1;1;199;1;0.0003;0.0018;138;115;0.001
"EarlyUpdate.UpdateInputManager";0.0007;0.0003;0.0028;118;106;205;3;3;0.151999999041436;0.0007638191;0.0005;0.001;199;1;1;1;199;1;0.0003;0.0028;106;205;0.0005
"Physics.Interpolation";0.0007;0.0004;0.0108;141;185;133;4;4;0.153699997928925;0.0007723618;0.0006;0.0008;398;2;2;2;199;1;0;0.0108;107;133;0.0005
"PostLateUpdate.UpdateRectTransform";0.0007;0.0004;0.0026;151;125;251;3;3;0.144499996677041;0.0007261306;0.0006;0.0008;199;1;1;1;199;1;0.0004;0.0026;125;251;0.0006
"EarlyUpdate.XRUpdate";0.0007;0.0004;0.0016;155;258;105;3;3;0.141199996258365;0.0007095477;0.0006;0.0008;199;1;1;1;199;1;0.0004;0.0016;258;105;0.0007
"UnityEngine.UIModule.dll!UnityEngine::Canvas.SendPreWillRenderCanvases() [Invoke]";0.0007;0.0005;0.225;182;123;1;6;6;0.372599990398157;0.001872362;0.0006;0.0008;199;1;1;1;199;1;0.0005;0.225;123;1;0.0006
"PreUpdate.IMGUISendQueuedEvents";0.0007;0.0004;0.0215;183;124;2;3;3;0.165599998756079;0.0008321608;0.0005;0.0009;199;1;1;1;199;1;0.0004;0.0215;124;2;0.0011
"PhysX.ScScene.processLostContact3";0.0007;0.0002;0.184;185;288;1;7;7;0.21409999995376;0.00497907;0.0004;0.0008;46;1;1;2;43;1;0.0002;0.184;239;1;0.0004
"PostLateUpdate.UpdateResolution";0.0007;0.0004;0.0041;186;233;1;3;3;0.149399996560533;0.0007507537;0.0006;0.0008;199;1;1;1;199;1;0.0004;0.0041;233;1;0.0008
"PhysX.ScScene.postBroadPhase3";0.0007;0.0004;0.0033;268;120;240;7;7;0.143799999335897;0.0007226131;0.0005;0.0008;380;2;1;17;199;1;0.0001;0.0015;106;144;0.0009
"FixedUpdate.ScriptRunDelayedFixedFrameRate";0.0007;0.0002;2706.744;294;120;1;3;3;2707.18388475923;13.60394;0.0005;0.0011;380;2;1;17;199;1;0.0001;2706.744;106;1;0.0011
"FixedUpdate.LegacyFixedAnimationUpdate";0.0006;0.0004;0.0023;197;107;240;3;3;0.132699999026954;0.0006668342;0.0005;0.0007;380;2;1;17;199;1;0;0.0012;107;174;0.0009
"Unity.RenderPipelines.Core.Runtime.dll!UnityEngine.Rendering::TextureXR..cctor()";0.0006;0.0006;0.0006;1;1;1;4;4;0.00059999997029081;0.0006;0.0006;0.0006;1;1;1;1;1;1;0.0006;0.0006;1;1;0
"RenderTarget.SetActive";0.0006;0.0001;0.007499999;2;140;242;4;11;0.131899997126311;0.0006628141;0.0004;0.0007;4428;22;22;47;199;1;0;0.0068;1;242;0.0005
"FixedUpdate.DirectorFixedUpdatePostPhysics";0.0006;0.0002;0.003599999;126;131;239;3;3;0.131899996187713;0.0006628141;0.0004;0.0008;380;2;1;17;199;1;0.0001;0.0013;121;1;0.0009999999
"LightCookies";0.0006;0.0003;0.0017;164;299;192;10;10;0.121299998892937;0.0006095477;0.0005;0.0007;199;1;1;1;199;1;0.0003;0.0017;299;192;0.0006
"PostLateUpdate.UpdateAllSkinnedMeshes";0.0006;0.0003;0.0082;173;199;1;3;3;0.131199998635566;0.0006592965;0.0005;0.0007;199;1;1;1;199;1;0.0003;0.0082;199;1;0.0005
"LateBehaviourUpdate";0.0006;0.0004;0.0112;183;218;201;4;4;0.141299997718306;0.0007100502;0.0005;0.0007;199;1;1;1;199;1;0.0004;0.0112;218;201;0.0006
"FixedBehaviourUpdate";0.0006;0.0003;0.001999999;188;1;239;4;4;0.120499997770821;0.0006055276;0.0005;0.0007;380;2;1;17;199;1;0;0.001;109;190;0.0008
"PostLateUpdate.ShaderHandleErrors";0.0006;0.0003;0.002;191;260;1;3;3;0.130699998291675;0.0006567839;0.0005;0.0007;199;1;1;1;199;1;0.0003;0.002;260;1;0.0007
"EarlyUpdate.UpdateStreamingManager";0.0006;0.0002;0.0016;204;283;114;3;3;0.123999998802901;0.0006231156;0.0005;0.0007;199;1;1;1;199;1;0.0002;0.0016;283;114;0.0006
"Initialization.SynchronizeInputs";0.0006;0.0003;0.0023;234;175;121;3;3;0.1300999976811;0.0006537688;0.0005;0.0007;199;1;1;1;199;1;0.0003;0.0023;175;121;0.0005
"suspendPointHook.Invoke";0.0006;0.0004;0.0024;267;111;115;7;7;0.135499997239094;0.0006809045;0.0005;0.0007;199;1;1;1;199;1;0.0004;0.0024;111;115;0.0005
"UnityEngine.CoreModule.dll!UnityEngine.Rendering::ShadowSplitData..cctor()";0.0005;0.0005;0.0005;1;1;1;8;8;0.000500000023748726;0.0005;0.0005;0.0005;1;1;1;1;1;1;0.0005;0.0005;1;1;0
"Application.FlushRenderStats";0.0005;0.0002;0.0193;11;133;14;2;2;0.187699998656171;0.000623588;0.0004;0.0006;301;1;1;1;301;1;0.0002;0.0193;133;14;0.0004
"Profiler.FlushFileIOCounters";0.0005;0.0002;0.0377;43;162;165;2;2;0.186999999801628;0.0006212625;0.0004;0.0005;301;1;1;1;301;1;0.0002;0.0377;162;165;0.0004
"PostLateUpdate.SortingGroupsUpdate";0.0005;0.0002;0.0018;113;120;1;3;3;0.0964999993739184;0.0004849246;0.0004;0.0005;199;1;1;1;199;1;0.0002;0.0018;120;1;0.0009
"UnityEngine.AccessibilityModule.dll!UnityEngine.Accessibility::AccessibilityManager.Internal_LateUpdate() [Invoke]";0.0005;0.0004;0.0767;121;108;1;4;4;0.177900001552189;0.0008939698;0.0004;0.0005;199;1;1;1;199;1;0.0004;0.0767;108;1;0.0005
"PostLateUpdate.TriggerEndOfFrameCallbacks";0.0005;0.0003;0.0109;126;109;231;3;3;0.109799999569077;0.0005517588;0.0004;0.0005;199;1;1;1;199;1;0.0003;0.0109;109;231;0.0006
"UI.RenderOverlays";0.0005;0.0003;0.0013;139;136;119;10;10;0.101499999756925;0.0005100503;0.0004;0.0005;199;1;1;1;199;1;0.0003;0.0013;136;119;0.0009
"PhysX.ScScene.processLostSolverPatchesTask";0.0005;0.0001;0.0017;148;107;239;7;7;0.110999998360057;0.0005577889;0.0004;0.0006;377;2;1;17;199;1;0;0.0011;106;230;0.0006
"EarlyUpdate.UpdateAsyncInstantiate";0.0005;0.0002;0.0022;158;143;242;3;3;0.102199998698779;0.0005135678;0.0004;0.0006;199;1;1;1;199;1;0.0002;0.0022;143;242;0.0005
"UnityEngine.UIModule.dll!UnityEngine::Canvas.SendWillRenderCanvases() [Invoke]";0.0005;0.0003;0.0314;189;264;1;6;6;0.131299999455223;0.000659799;0.0004;0.0005;199;1;1;1;199;1;0.0003;0.0314;264;1;0.0006
"UIEvents.CanvasManagerEmitOffScreenGeometry";0.0005;0.0003;0.0024;193;112;1;3;3;0.10549999869545;0.0005301507;0.0004;0.0006;199;1;1;1;199;1;0.0003;0.0024;112;1;0.0006
"Profiler.CollectGIStats";0.0005;0.0002;0.0026;211;266;84;3;3;0.174599999605562;0.0005800665;0.0005;0.0006;301;1;1;1;301;1;0.0002;0.0026;266;84;0.0005
"ContentLoadFrontend.IntegrateUpdate";0.0005;0.0003;0.0021;216;106;249;4;4;0.10539999906905;0.0005296482;0.0004;0.0006;199;1;1;1;199;1;0.0003;0.0021;106;249;0.0004
"EarlyUpdate.UpdateTextureStreamingManager";0.0005;0.0003;0.0025;216;106;114;3;3;0.10950000063167;0.0005502513;0.0004;0.0006;199;1;1;1;199;1;0.0003;0.0025;106;114;0.0005
"UIR.Free";0.0005;0.0003;0.0028;223;155;2;5;5;0.109600000316277;0.0005535354;0.0005;0.0006;198;1;1;1;198;2;0.0003;0.0028;155;2;0.0006
"PhysX.ThirdPassIslandGenTask";0.0005;0.0002;0.0031;242;301;239;7;7;0.118899997607514;0.0005974874;0.0004;0.0007;380;2;1;17;199;1;0.0001;0.0019;106;246;0.0009
"GeneralConnection.Poll";0.0005;0.0002;0.0027;251;150;114;5;5;0.111399998932029;0.000559799;0.0004;0.0006;199;1;1;1;199;1;0.0002;0.0027;150;114;0.0004
"EarlyUpdate.DispatchEventQueueEvents";0.0005;0.0003;0.0024;280;224;114;3;3;0.118999999132939;0.0005979899;0.0005;0.0007;199;1;1;1;199;1;0.0003;0.0024;224;114;0.0004
"FrameEvents.XREndFrame";0.0005;0.0002;0.0018;286;293;2;4;4;0.116199998432421;0.0005839196;0.0005;0.0007;199;1;1;1;199;1;0.0002;0.0018;293;2;0.0004
"PhysX.ScScene.ccdBroadPhase";0.0005;0.0003;0.0187;198;134;177;7;7;0.124099998152815;0.0006236181;0.0004;0.0006;380;2;1;17;199;1;0;0.0186;121;177;0.0008
"QueuePrepareIntegrateMainThreadObjects";0.0005;0.0003;0.006;231;118;275;9;10;0.117699996757437;0.0005914573;0.0004;0.0006;398;2;2;2;199;1;0.0001;0.0057;118;275;0.0006
"PhysX.ScScene.postThirdPassIslandGenTask";0.0005;0.0002;0.002799999;256;112;239;7;7;0.112199997376592;0.0005638191;0.0004;0.0006;380;2;1;17;199;1;0;0.0024;247;243;0.0007
"PhysX.ScScene.preallocateContactManagers";0.0005;0.0003;0.0023;262;120;239;7;7;0.114199998082768;0.0005738693;0.0004;0.0006;380;2;1;17;199;1;0;0.0015;106;288;0.0009
"Physics.SendTriggerEvents";0.0005;0.0003;0.0025;285;141;240;6;6;0.120599997528188;0.0006060301;0.0004;0.0007;380;2;1;17;199;1;0;0.0011;141;1;0.0009
"PostLateUpdate.GUIClearEvents";0.0004;0.0002;0.0031;114;106;2;3;3;0.080299998546252;0.0004035176;0.0003;0.0004;199;1;1;1;199;1;0.0002;0.0031;106;2;0.0008
"Update.DirectorUpdate";0.0004;0.0002;0.0034;115;110;170;3;3;0.0859999979584245;0.0004321608;0.0003;0.0004;199;1;1;1;199;1;0.0002;0.0034;110;170;0.0034
"Terrain.Trees.OnWillRender";0.0004;0.0001;0.0019;145;118;215;9;11;0.0790999977980391;0.0003974874;0.0003;0.0005;398;2;2;2;199;1;0;0.0018;118;215;0.0004
"EarlyUpdate.UpdateCanvasRectTransform";0.0004;0.0002;0.001;149;118;2;3;3;0.0778999988397118;0.0003914573;0.0003;0.0004;199;1;1;1;199;1;0.0002;0.001;118;2;0.0005
"Flush DSP connections";0.0004;0.0001;0.0013;154;133;230;7;7;0.0768999981446541;0.0003864322;0.0003;0.0004;199;1;1;1;199;1;0.0001;0.0013;133;230;0.0004
"GlobalEventQueue";0.0004;0.0002;0.0022;157;112;114;4;4;0.0836999979510438;0.000420603;0.0003;0.0005;199;1;1;1;199;1;0.0002;0.0022;112;114;0.0003
"PostLateUpdate.UpdateVideo";0.0004;0.0002;0.0033;159;198;1;3;3;0.0854999979201239;0.0004296482;0.0003;0.0004;199;1;1;1;199;1;0.0002;0.0033;198;1;0.0003
"Physics2D.SyncColliderTransformChanges";0.0004;0.0002;0.0063;165;120;151;6;6;0.0923999976730556;0.0004643216;0.0003;0.0005;380;2;1;17;199;1;0.0001;0.0063;106;151;0.0004
"Physics2D.GetRayIntersection";0.0004;0.0002;0.0033;178;158;2;6;6;0.0879999985918403;0.0004422111;0.0003;0.0004;199;1;1;1;199;1;0.0002;0.0033;158;2;0.0004
"LowLevelPhysics2D.PhysicsWorld.WriteTransformTweens";0.0004;0.0003;0.0012;187;106;1;5;5;0.0791999980574474;0.0003979899;0.0004;0.0004;199;1;1;1;199;1;0.0003;0.0012;106;1;0.0004
"CleanUp.TextRenderingGarbageCollect";0.0004;0.0002;0.0029;189;116;174;6;6;0.0857999988220399;0.0004311558;0.0003;0.0005;199;1;1;1;199;1;0.0002;0.0029;116;174;0.0005
"Initialization.UpdateCameraMotionVectors";0.0004;0.0002;0.0035;194;152;114;3;3;0.0909999985888135;0.0004572864;0.0003;0.0005;199;1;1;1;199;1;0.0002;0.0035;152;114;0.0004
"FindDirectionalShadowCastingLights";0.0004;0.0002;0.0024;195;109;156;10;10;0.0844999983964954;0.0004246231;0.0003;0.0005;199;1;1;1;199;1;0.0002;0.0024;109;156;0.0004
"ParticleSystem.EndUpdateAll";0.0004;0.0003;0.002;206;108;1;4;5;0.0858999974516337;0.0004316583;0.0003;0.0005;598;3;3;4;199;1;0;0.0018;1;1;0.0003
"Set Motion Vector Global Matrices";0.0004;0.0002;0.001;216;152;269;9;9;0.084099999134196;0.0004226131;0.0004;0.0005;199;1;1;1;199;1;0.0002;0.001;152;269;0.0004
"PostLateUpdate.ParticleSystemEndUpdateAll";0.0004;0.0003;0.002;226;110;1;3;3;0.0891999985615257;0.0004482412;0.0004;0.0005;199;1;1;1;199;1;0.0003;0.002;110;1;0.0004
"webRequestStop.Invoke";0.0004;0.0004;0.0009;242;138;1;4;4;0.00249999994412065;0.000625;0.0004;0.0008;4;1;1;1;4;1;0.0004;0.0009;138;1;0
"addCustomLights.Invoke";0.0004;0.0001;0.0017;243;169;258;11;11;0.0895999975764425;0.0004502512;0.0004;0.0005;1393;7;7;7;199;1;0;0.0015;1;258;0.0004
"Director.PrepareFrame";0.0004;0;0.0744;266;123;106;4;4;0.168399996851804;0.0008462311;0.0003;0.0006;1755;9;7;39;199;1;0;0.0739;1;106;0.0005
"PhysX.ScScene.postIslandGen";0.0004;0.0002;0.0189;281;155;168;7;7;0.121199997440272;0.0006090452;0.0003;0.0006;375;2;1;15;199;1;0;0.0186;106;168;0.0009
"CombineJobResults";0.0004;0.0002;0.0116;282;200;251;10;12;0.130599997093668;0.002720833;0.0003;0.0064;49;1;1;2;48;2;0.0002;0.0116;200;251;0
"Inl_Sort Render Passes";0.0004;0.0003;0.1112;288;106;1;8;8;0.215699996682815;0.00108392;0.0004;0.0005;199;1;1;1;199;1;0.0003;0.1112;106;1;0.0005
"PostLateUpdate.UpdateVideoTextures";0.0004;0.0003;0.0025;297;130;1;3;3;0.0956000001169741;0.000480402;0.0004;0.0005;199;1;1;1;199;1;0.0003;0.0025;130;1;0.0004
"TextureStreamingManager.RemoveTexture";0.0003;0.0003;0.0008;1;1;2;6;10;0.00109999997221166;0.00055;0.0003;0.0003;24;8;8;16;2;1;0;0.0002;1;2;0
"UnityEngine.CoreModule.dll!UnityEngine.Rendering::DrawingSettings..cctor()";0.0003;0.0003;0.0003;1;1;1;10;10;0.000299999985145405;0.0003;0.0003;0.0003;1;1;1;1;1;1;0.0003;0.0003;1;1;0
"PhysX.ScScene.updateSimulationController";0.0003;0.0003;0.0003;2;2;2;9;9;0.000299999985145405;0.0003;0.0003;0.0003;1;1;1;1;1;2;0.0003;0.0003;2;2;0
"PostLateUpdate.XRPostLateUpdate";0.0003;0.0001;0.0012;112;279;1;3;3;0.0573999983680551;0.0002884422;0.0002;0.0003;199;1;1;1;199;1;0.0001;0.0012;279;1;0.0002
"FixedUpdate.XRFixedUpdate";0.0003;0.0001;0.0016;117;109;256;3;3;0.0554999986925395;0.0002788945;0.0002;0.0003;380;2;1;17;199;1;0;0.0015;106;256;0.0005
"FixedUpdate.ClearLines";0.0003;0;0.019;124;236;168;3;3;0.0912999985375791;0.000458794;0.0002;0.0005;380;2;1;17;199;1;0;0.0189;236;168;0.0007
"Profiler.FrameMetadata";0.0003;0.0001;0.0182;142;106;152;5;5;0.235899995779619;0.001185427;0.0002;0.0004;211;1;1;2;199;1;0.0001;0.0178;106;152;0.0004
"PreLateUpdate.DirectorDeferredEvaluate";0.0003;0.0001;0.0029;146;150;114;3;3;0.0592999980290188;0.0002979899;0.0002;0.0003;199;1;1;1;199;1;0.0001;0.0029;150;114;0.0003
"EarlyUpdate.SpriteAtlasManagerUpdate";0.0003;0.0002;0.0006;152;108;117;3;3;0.0546999978105305;0.0002748744;0.0002;0.0003;199;1;1;1;199;1;0.0002;0.0006;108;117;0.0003
"Director.ProcessFrame";0.0003;0;0.0008;167;107;129;4;4;0.0572999985597562;0.0002879397;0.0002;0.0004;1755;9;7;39;199;1;0;0.0005;1;291;0.0003
"PhysX.ScScene.ccdBroadPhaseAABB";0.0003;0.0001;0.0107;173;137;145;7;7;0.070999998053594;0.0003567839;0.0002;0.0003;380;2;1;17;199;1;0;0.0106;106;145;0.0003
"Update Lights";0.0003;0.0002;0.0025;185;111;1;4;4;0.0629999980010325;0.0003165829;0.0002;0.0003;199;1;1;1;199;1;0.0002;0.0025;111;1;0.0003
"FindShadowCastingLights";0.0003;0.0001;0.0024;186;175;156;11;11;0.0631999981196714;0.0003175879;0.0002;0.0003;199;1;1;1;199;1;0.0001;0.0024;175;156;0.0002
"SoundManager.Update";0.0003;0;0.0011;192;215;1;4;4;0.0615999980655033;0.0003095477;0.0002;0.0004;199;1;1;1;199;1;0;0.0011;215;1;0.0006
"EarlyUpdate.Physics2DEarlyUpdate";0.0003;0.0001;0.0022;196;145;115;3;3;0.0651999982874258;0.0003276382;0.0002;0.0004;199;1;1;1;199;1;0.0001;0.0022;145;115;0.0002
"RG_SetupPostFX";0.0003;0.0001;0.0057;207;129;178;9;9;0.068599998143327;0.0003447236;0.0002;0.0004;199;1;1;1;199;1;0.0001;0.0057;129;178;0.0002
"SkinnedMeshOncePerFrameUpdate";0.0003;0;0.0021;212;137;1;5;5;0.0660999981046189;0.0003321608;0.0002;0.0004;199;1;1;1;199;1;0;0.0021;137;1;0.0003
"EarlyUpdate.UpdateAsyncReadbackManager";0.0003;0.0001;0.0007;213;206;222;3;3;0.0638999976290506;0.0003211055;0.0003;0.0004;199;1;1;1;199;1;0.0001;0.0007;206;222;0.0003
"FinalizeUpdateRendererBoundingVolumes";0.0003;0.0001;4.5161;225;112;1;4;5;4.6287997989275;0.0232603;0.0003;0.0003;200;1;1;2;199;1;0.0001;4.5139;112;1;0.0003
"PreLateUpdate.AIUpdatePostScript";0.0003;0.0002;0.0023;237;110;251;3;3;0.0731999980198452;0.0003678392;0.0003;0.0004;199;1;1;1;199;1;0.0002;0.0023;110;251;0.0003
"Inl_UniversalRenderPipeline.GetPerObjectLightFlags";0.0003;0.0002;0.0049;242;118;298;8;8;0.0773999980738154;0.0003889447;0.0003;0.0004;199;1;1;1;199;1;0.0002;0.0049;118;298;0.0003
"EarlyUpdate.TilemapRendererEarlyUpdate";0.0003;0.0002;0.001;255;138;165;3;3;0.069199997902615;0.0003477387;0.0003;0.0004;199;1;1;1;199;1;0.0002;0.001;138;165;0.0004
"TextRendering.CollectGarbage";0.0003;0;0.0018;264;149;1;4;4;0.0746999982584384;0.0003753769;0.0003;0.0004;199;1;1;1;199;1;0;0.0018;149;1;0.0007
"PhysX.ScScene.fetchPatchEventsTask";0.0003;0.0002;0.0027;269;1;111;7;7;0.0759999976289691;0.0003819095;0.0003;0.0004;380;2;1;17;199;1;0;0.0023;118;111;0.0005
"ConstraintManager::Update";0.0003;0.0002;0.0017;270;118;1;4;4;0.074399997931323;0.0003738693;0.0003;0.0004;199;1;1;1;199;1;0.0002;0.0017;118;1;0.0004
"PhysX.ScScene.constraintProjection";0.0003;0.0002;0.0017;278;112;239;7;7;0.0738999978348147;0.0003713568;0.0003;0.0004;380;2;1;17;199;1;0;0.001;106;105;0.0004
"Inl_RenderPipeline.BeginCameraRendering";0.0003;0.0002;0.1165;280;209;1;6;6;0.198899994938984;0.0009994975;0.0003;0.0004;199;1;1;1;199;1;0.0002;0.1165;209;1;0.0003
"FixedUpdate.DirectorFixedSampleTime";0.0003;0.0001;0.0019;285;143;114;3;3;0.0732999978281441;0.0003683417;0.0003;0.0004;380;2;1;17;199;1;0;0.0017;106;114;0.0004
"Inl_RenderPipeline.EndContextRendering";0.0003;0.0001;0.1122;287;192;1;5;5;0.185199997307791;0.0009306532;0.0003;0.0004;199;1;1;1;199;1;0.0001;0.1122;192;1;0.0003
"Unity.RenderPipelines.Core.Runtime.dll!UnityEngine.Rendering.RenderGraphModule::ResourceHandle..cctor()";0.0002;0.0002;0.0002;1;1;1;8;8;0.000199999994947575;0.0002;0.0002;0.0002;1;1;1;1;1;1;0.0002;0.0002;1;1;0
"Unity.RenderPipelines.Core.Runtime.dll!UnityEngine.Rendering.RenderGraphModule::TextureHandle..cctor()";0.0002;0.0002;0.0002;1;1;1;5;5;0.000199999994947575;0.0002;0.0002;0.0002;1;1;1;1;1;1;0.0002;0.0002;1;1;0
"Unity.RenderPipelines.Core.Runtime.dll!UnityEngine.Rendering::ColorUtils..cctor()";0.0002;0.0002;0.0002;1;1;1;10;10;0.000199999994947575;0.0002;0.0002;0.0002;1;1;1;1;1;1;0.0002;0.0002;1;1;0
"Unity.RenderPipelines.Universal.Runtime.dll!UnityEngine.Rendering.Universal::RTHandleResourcePool..cctor()";0.0002;0.0002;0.0002;1;1;1;4;4;0.000199999994947575;0.0002;0.0002;0.0002;1;1;1;1;1;1;0.0002;0.0002;1;1;0
"UnityEngine.CoreModule.dll!UnityEngine.Rendering::RenderQueueRange..cctor()";0.0002;0.0002;0.0002;1;1;1;4;4;0.000199999994947575;0.0002;0.0002;0.0002;1;1;1;1;1;1;0.0002;0.0002;1;1;0
"UnityEngine.CoreModule.dll!UnityEngine.Rendering::RenderTargetIdentifier..cctor()";0.0002;0.0002;0.0002;1;1;1;6;6;0.000199999994947575;0.0002;0.0002;0.0002;1;1;1;1;1;1;0.0002;0.0002;1;1;0
"UnityEngine.CoreModule.dll!UnityEngine.Rendering::ScriptableCullingParameters..cctor()";0.0002;0.0002;0.0002;1;1;1;8;8;0.000199999994947575;0.0002;0.0002;0.0002;1;1;1;1;1;1;0.0002;0.0002;1;1;0
"ParticleSystem.WaitForPreviousRenderingToFinish";0.0002;0;0.0003;117;192;1;5;5;0.0306999992099009;0.0001542714;0.0001;0.0002;199;1;1;1;199;1;0;0.0003;192;1;0.0002
"PreLateUpdate.DirectorUpdateAnimationEnd";0.0002;0.0001;0.0018;117;1;221;3;3;0.0346999990360928;0.0001743719;0.0001;0.0002;199;1;1;1;199;1;0.0001;0.0018;1;221;0.0001
"TextureStreamingManager.Update";0.0002;0;0.0019;120;134;214;4;4;0.0345999993296573;0.0001738693;0.0001;0.0002;199;1;1;1;199;1;0;0.0019;134;214;0.0002
"PostLateUpdate.DirectorLateUpdate";0.0002;0.0001;0.0742;121;108;106;3;3;0.109099995977886;0.0005482412;0.0001;0.0002;199;1;1;1;199;1;0.0001;0.0742;108;106;0.0001
"PreLateUpdate.DirectorUpdateAnimationBegin";0.0002;0.0001;0.0006;124;106;208;3;3;0.0324999990771175;0.0001633166;0.0001;0.0002;199;1;1;1;199;1;0.0001;0.0006;106;208;0.0001
"EarlyUpdate.UpdateMainGameViewRect";0.0002;0;0.0015;129;132;114;3;3;0.0390999988740077;0.0001964824;0.0001;0.0002;199;1;1;1;199;1;0;0.0015;132;114;0.0002
"ScheduleCullingGroups";0.0002;0.0001;0.0005;150;105;190;8;8;0.0350999990696437;0.0001763819;0.0001;0.0002;199;1;1;1;199;1;0.0001;0.0005;105;190;0.0002
"PhysX.ScScene.unblockNarrowPhase";0.0002;0;0.0022;151;105;114;7;7;0.0380999991175486;0.0001914573;0.0001;0.0002;380;2;1;17;199;1;0;0.002;105;114;0.0002
"PostLateUpdate.XRPreEndFrame";0.0002;0.0001;0.0022;174;109;283;3;3;0.0399999990186188;0.000201005;0.0001;0.0002;199;1;1;1;199;1;0.0001;0.0022;109;283;0.0001
"PostLateUpdate.BatchModeUpdate";0.0002;0;0.0013;179;123;1;3;3;0.0400999988996773;0.0002015075;0.0001;0.0002;199;1;1;1;199;1;0;0.0013;123;1;0.0002
"NavMeshManager";0.0002;0.0001;0.0011;181;106;1;4;4;0.0419999986916082;0.0002110553;0.0001;0.0003;199;1;1;1;199;1;0.0001;0.0011;106;1;0.0002
"Initialization.SynchronizeState";0.0002;0.0001;0.0019;184;1;212;3;3;0.040799999027513;0.0002050251;0.0002;0.0002;199;1;1;1;199;1;0.0001;0.0019;1;212;0.0002
"PreLateUpdate.LegacyAnimationUpdate";0.0002;0.0001;0.0024;187;106;1;3;3;0.0456999989473843;0.0002296482;0.0001;0.0002;199;1;1;1;199;1;0.0001;0.0024;106;1;0.0002
"PhysX.ScScene.lostTouchReports";0.0002;0;0.0014;193;250;239;7;7;0.0414999989079661;0.0002085427;0.0001;0.0002;380;2;1;17;199;1;0;0.0003;106;128;0.0003
"EarlyUpdate.GpuTimestamp";0.0002;0.0001;0.0006;197;2;142;3;3;0.0405999987415271;0.0002040201;0.0002;0.0002;199;1;1;1;199;1;0.0001;0.0006;2;142;0.0005
"EditorConnection.RefreshObservablePlayerList";0.0002;0;0.001;205;123;114;5;5;0.0419999989389908;0.0002110553;0.0001;0.0002;199;1;1;1;199;1;0;0.001;123;114;0.0003
"UpdateRendererBoundingVolumes";0.0002;0.0001;0.1493;205;107;1;5;8;0.19149999946967;0.0009623116;0.0002;0.0002;201;1;1;3;199;1;0.0001;0.1145;107;1;0.0002
"PostLateUpdate.DirectorRenderImage";0.0002;0.0001;0.0045;206;111;1;3;3;0.0464999985488248;0.0002336683;0.0002;0.0002;199;1;1;1;199;1;0.0001;0.0045;111;1;0.0001
"Update.ScriptRunDelayedDynamicFrameRate";0.0002;0.0001;838.1376;208;119;1;3;3;838.188973241093;4.212005;0.0002;0.0002;199;1;1;1;199;1;0.0001;838.1376;119;1;0.0002
"PhysX.PostThirdPassTask";0.0002;0;0.002;232;161;239;7;7;0.04979999877105;0.0002502512;0.0002;0.0003;375;2;1;17;199;1;0;0.0017;117;246;0.0004
"EarlyUpdate.ResetFrameStatsAfterPresent";0.0002;0.0001;0.0008;234;123;108;3;3;0.0455999985133531;0.0002291457;0.0002;0.0003;199;1;1;1;199;1;0.0001;0.0008;123;108;0.0002
"Physics.CalculateChangedBodyTransforms";0.0002;0.0001;0.0017;249;1;239;6;6;0.0466999988129828;0.0002346734;0.0002;0.0003;380;2;1;17;199;1;0;0.0003;191;146;0.0003
"UIEvents.UpdateCanvasRectTransform";0.0002;0;0.001;257;160;1;4;4;0.0495999986305833;0.0002492462;0.0002;0.0003;199;1;1;1;199;1;0;0.001;160;1;0.0002
"PhysX.ScScene.updateBodiesAndShapes";0.0002;0.0001;0.0184;278;1;110;7;7;0.0674999991679215;0.000339196;0.0002;0.0003;380;2;1;17;199;1;0;0.0184;106;110;0.0004
"PostLateUpdate.InputEndFrame";0.0002;0.0001;0.003;290;133;1;3;3;0.0590999984851805;0.0002969849;0.0002;0.0003;199;1;1;1;199;1;0.0001;0.003;133;1;0.0003
"ClothScene.Update";0.0002;0.0001;0.0017;293;189;1;5;5;0.0583999983064132;0.0002934673;0.0002;0.0003;199;1;1;1;199;1;0.0001;0.0017;189;1;0.0003
"EarlyUpdate.PerformanceAnalyticsUpdate";0.0002;0.0002;0.002;294;106;115;3;3;0.0544999982521404;0.0002738693;0.0002;0.0003;199;1;1;1;199;1;0.0002;0.002;106;115;0.0003
"UnityEngine.AdaptivePerformanceModule.dll!UnityEngine.AdaptivePerformance::AdaptivePerformanceRenderSettings..cctor()";0.0001;0.0001;0.0001;1;1;1;5;5;9.99999974737875E-05;0.0001;0.0001;0.0001;1;1;1;1;1;1;0.0001;0.0001;1;1;0
"Terrain.UpdateSplatProperties";0.0001;0;0.0002;105;2;1;9;9;0.0101999997423263;5.125628E-05;0;0.0001;199;1;1;1;199;1;0;0.0002;2;1;0
"Connections.Process";0.0001;0;0.0001;106;1;2;6;6;0.0101999997423263;5.125628E-05;0;0.0001;199;1;1;1;199;1;0;0.0001;1;2;0.0001
"PostLateUpdate.ResetInputAxis";0.0001;0;0.0004;124;107;132;3;3;0.0123999996867497;6.231156E-05;0;0.0001;199;1;1;1;199;1;0;0.0004;107;132;0.0001
"Physics.SendJointBreakEvents";0.0001;0;0.0004;128;2;239;6;6;0.0151999995941878;7.63819E-05;0;0.0001;380;2;1;17;199;1;0;0.0003;2;122;0.0001
"Physics.WriteRigidbodyPoses";0.0001;0;0.0005;133;1;226;6;6;0.0150999996840255;7.58794E-05;0;0.0001;380;2;1;17;199;1;0;0.0005;1;226;0.0002
"Send messages";0.0001;0;0.0005;184;2;294;5;5;0.0181999995693332;9.145728E-05;0;0.0001;199;1;1;1;199;1;0;0.0005;2;294;0
"ClothManager.UploadSimulatedSkinData";0.0001;0;0.0016;185;105;296;4;4;0.0189999995200196;9.547739E-05;0.0001;0.0001;199;1;1;1;199;1;0;0.0016;105;296;0.0001
"Setup Debug Properties";0.0001;0;0.0002;186;2;287;9;9;0.017399999560439;8.743718E-05;0.0001;0.0001;199;1;1;1;199;1;0;0.0002;2;287;0.0001
"PhysX.Completion Task";0.0001;0;0.0013;198;105;239;7;7;0.0206999994697981;0.0001040201;0;0.0001;380;2;1;17;199;1;0;0.0003;105;249;0.0002
"PostLateUpdate.EndGraphicsJobsAfterScriptLateUpdate";0.0001;0;0.0006;202;113;1;3;3;0.020299999472627;0.00010201;0.0001;0.0001;199;1;1;1;199;1;0;0.0006;113;1;0.0001
"Semaphore.WaitForSignal";0.0001;0;0.0009;235;128;107;3;3;0.0251999993415666;0.0001272727;0.0001;0.0002;198;1;1;1;198;2;0;0.0009;128;107;0.0002
"SortingGroupManager.Update";0.0001;0.0001;0.0006;246;106;1;4;4;0.0282999995106366;0.0001422111;0.0001;0.0002;199;1;1;1;199;1;0.0001;0.0006;106;1;0.0005
"PhysX.ScScene.processNpLostTouchTask";0.0001;0;0.0009999999;264;1;239;7;7;0.0275999993027654;0.0001386935;0.0001;0.0002;380;2;1;17;199;1;0;0.0002;1;114;0.0002
"PostLateUpdate.PhysicsSkinnedClothFinishUpdate";0.0001;0.0001;0.0016;269;2;296;3;3;0.0296999992715428;0.0001492462;0.0001;0.0002;199;1;1;1;199;1;0.0001;0.0016;2;296;0.0001
"PostLateUpdate.ScriptRunDelayedDynamicFrameRate";0.0001;0.0001;0.0017;273;107;2;3;3;0.0308999993067118;0.0001552764;0.0001;0.0002;199;1;1;1;199;1;0.0001;0.0017;107;2;0.0002
"PreUpdate.CheckTexFieldInput";0.0001;0;0.0008;287;109;2;3;3;0.0321999990555923;0.000161809;0.0001;0.0002;199;1;1;1;199;1;0;0.0008;109;2;0.0002
"Profiler.CollectUICanvasStats";0.0001;0;0.0006;291;198;3;3;3;0.0479999987510382;0.0001594684;0.0001;0.0002;301;1;1;1;301;1;0;0.0006;198;3;0.0001
"Component.SetGameObject";0;0;0;1;1;1;4;8;0;0;0;0;533248;533248;533248;533248;1;1;0;0;1;1;0
"GfxResource.Unregister";0;0;0;2;2;2;6;6;0;0;0;0;11;3;3;8;2;2;0;0;2;2;0
"Object.Unregister";0;0;0;2;1;1;6;6;0;0;0;0;657933;8;1;657924;3;1;0;0;1;1;0
"Active Constraints";0;0;0;151;1;1;3;5;0;0;0;0;500;2;1;2;301;1;0;0;1;1;0
"Active Dynamic Bodies";0;0;0;151;1;1;3;5;0;0;0;0;500;2;1;2;301;1;0;0;1;1;0
"Active Kinematic Bodies";0;0;0;151;1;1;3;5;0;0;0;0;500;2;1;2;301;1;0;0;1;1;0
"Added Contacts";0;0;0;151;1;1;3;3;0;0;0;0;301;1;1;1;301;1;0;0;1;1;0
"AnimationClip Count";0;0;0;151;1;1;3;3;0;0;0;0;301;1;1;1;301;1;0;0;1;1;0
"AnimationClip Memory";0;0;0;151;1;1;3;3;0;0;0;0;301;1;1;1;301;1;0;0;1;1;0
"App Committed Memory";0;0;0;151;1;1;3;3;0;0;0;0;301;1;1;1;301;1;0;0;1;1;0
"App Resident Memory";0;0;0;151;1;1;3;3;0;0;0;0;301;1;1;1;301;1;0;0;1;1;0
"Articulation Bodies";0;0;0;151;1;1;3;5;0;0;0;0;500;2;1;2;301;1;0;0;1;1;0
"Asleep Bodies";0;0;0;151;1;1;3;3;0;0;0;0;301;1;1;1;301;1;0;0;1;1;0
"Asleep Shapes";0;0;0;151;1;1;3;3;0;0;0;0;301;1;1;1;301;1;0;0;1;1;0
"Asset Count";0;0;0;151;1;1;3;3;0;0;0;0;301;1;1;1;301;1;0;0;1;1;0
"Atlases";0;0;0;151;1;1;3;3;0;0;0;0;301;1;1;1;301;1;0;0;1;1;0
"Audio Reads";0;0;0;151;1;1;3;3;0;0;0;0;301;1;1;1;301;1;0;0;1;1;0
"Audio Reserved Memory";0;0;0;151;1;1;3;3;0;0;0;0;301;1;1;1;301;1;0;0;1;1;0
"Audio Used Memory";0;0;0;151;1;1;3;3;0;0;0;0;301;1;1;1;301;1;0;0;1;1;0
"AudioClip Count";0;0;0;151;1;1;3;3;0;0;0;0;301;1;1;1;301;1;0;0;1;1;0
"AudioClip Memory";0;0;0;151;1;1;3;3;0;0;0;0;301;1;1;1;301;1;0;0;1;1;0
"Awake Bodies";0;0;0;151;1;1;3;3;0;0;0;0;301;1;1;1;301;1;0;0;1;1;0
"Awake Shapes";0;0;0;151;1;1;3;3;0;0;0;0;301;1;1;1;301;1;0;0;1;1;0
"Broadphase Adds";0;0;0;151;1;1;3;5;0;0;0;0;500;2;1;2;301;1;0;0;1;1;0
"Broadphase Adds/Removes";0;0;0;151;1;1;3;5;0;0;0;0;500;2;1;2;301;1;0;0;1;1;0
"Broadphase Pairs";0;0;0;151;1;1;3;3;0;0;0;0;301;1;1;1;301;1;0;0;1;1;0
"Broadphase Removes";0;0;0;151;1;1;3;5;0;0;0;0;500;2;1;2;301;1;0;0;1;1;0
"Broadphase Updates";0;0;0;151;1;1;3;3;0;0;0;0;301;1;1;1;301;1;0;0;1;1;0
"Colliders Synced";0;0;0;151;1;1;3;5;0;0;0;0;500;2;1;2;301;1;0;0;1;1;0
"Collision Enter";0;0;0;151;1;1;3;3;0;0;0;0;301;1;1;1;301;1;0;0;1;1;0
"Collision Exit";0;0;0;151;1;1;3;3;0;0;0;0;301;1;1;1;301;1;0;0;1;1;0
"Collision Stay";0;0;0;151;1;1;3;3;0;0;0;0;301;1;1;1;301;1;0;0;1;1;0
"Continuous Bodies";0;0;0;151;1;1;3;3;0;0;0;0;301;1;1;1;301;1;0;0;1;1;0
"Continuous Overlaps";0;0;0;151;1;1;3;5;0;0;0;0;500;2;1;2;301;1;0;0;1;1;0
"CPU Main Thread Frame Time";0;0;0;151;1;1;3;3;0;0;0;0;301;1;1;1;301;1;0;0;1;1;0
"CPU Render Thread Frame Time";0;0;0;151;1;1;3;3;0;0;0;0;301;1;1;1;301;1;0;0;1;1;0
"CPU Total Frame Time";0;0;0;151;1;1;3;3;0;0;0;0;301;1;1;1;301;1;0;0;1;1;0
"Discreet Overlaps";0;0;0;151;1;1;3;5;0;0;0;0;500;2;1;2;301;1;0;0;1;1;0
"Discrete Bodies";0;0;0;151;1;1;3;3;0;0;0;0;301;1;1;1;301;1;0;0;1;1;0
"Dynamic Bodies";0;0;0;151;1;1;3;5;0;0;0;0;801;3;2;3;301;1;0;0;1;1;0
"Dynamic Shapes";0;0;0;151;1;1;3;3;0;0;0;0;301;1;1;1;301;1;0;0;1;1;0
"Entities Reads";0;0;0;151;1;1;3;3;0;0;0;0;301;1;1;1;301;1;0;0;1;1;0
"File Bytes Read";0;0;0;151;1;1;3;3;0;0;0;0;301;1;1;1;301;1;0;0;1;1;0
"File Bytes Written";0;0;0;151;1;1;3;3;0;0;0;0;301;1;1;1;301;1;0;0;1;1;0
"File Handles Open";0;0;0;151;1;1;3;3;0;0;0;0;301;1;1;1;301;1;0;0;1;1;0
"File Reads Finished";0;0;0;151;1;1;3;3;0;0;0;0;301;1;1;1;301;1;0;0;1;1;0
"File Reads Started";0;0;0;151;1;1;3;3;0;0;0;0;301;1;1;1;301;1;0;0;1;1;0
"File Seeks";0;0;0;151;1;1;3;3;0;0;0;0;301;1;1;1;301;1;0;0;1;1;0
"Files Closed";0;0;0;151;1;1;3;3;0;0;0;0;301;1;1;1;301;1;0;0;1;1;0
"Files Opened";0;0;0;151;1;1;3;3;0;0;0;0;301;1;1;1;301;1;0;0;1;1;0
"Game Object Count";0;0;0;151;1;1;3;3;0;0;0;0;301;1;1;1;301;1;0;0;1;1;0
"GC Allocated In Frame";0;0;0;151;1;1;3;3;0;0;0;0;301;1;1;1;301;1;0;0;1;1;0
"GC Allocation In Frame Count";0;0;0;151;1;1;3;3;0;0;0;0;301;1;1;1;301;1;0;0;1;1;0
"GC Reserved Memory";0;0;0;151;1;1;3;3;0;0;0;0;301;1;1;1;301;1;0;0;1;1;0
"GC Used Memory";0;0;0;151;1;1;3;3;0;0;0;0;301;1;1;1;301;1;0;0;1;1;0
"GetContacts Queries";0;0;0;151;1;1;3;3;0;0;0;0;301;1;1;1;301;1;0;0;1;1;0
"Gfx Reserved Memory";0;0;0;151;1;1;3;3;0;0;0;0;301;1;1;1;301;1;0;0;1;1;0
"Gfx Used Memory";0;0;0;151;1;1;3;3;0;0;0;0;301;1;1;1;301;1;0;0;1;1;0
"Global Illumination Support";0;0;0;151;1;1;3;3;0;0;0;0;301;1;1;1;301;1;0;0;1;1;0
"GPU Frame Time";0;0;0;151;1;1;3;3;0;0;0;0;301;1;1;1;301;1;0;0;1;1;0
"IsTouching Queries";0;0;0;151;1;1;3;3;0;0;0;0;301;1;1;1;301;1;0;0;1;1;0
"Kinematic Bodies";0;0;0;151;1;1;3;3;0;0;0;0;301;1;1;1;301;1;0;0;1;1;0
"Kinematic Shapes";0;0;0;151;1;1;3;3;0;0;0;0;301;1;1;1;301;1;0;0;1;1;0
"Material Count";0;0;0;151;1;1;3;3;0;0;0;0;301;1;1;1;301;1;0;0;1;1;0
"Material Memory";0;0;0;151;1;1;3;3;0;0;0;0;301;1;1;1;301;1;0;0;1;1;0
"Max Cache Demand";0;0;0;151;1;1;3;3;0;0;0;0;301;1;1;1;301;1;0;0;1;1;0
"Max Cache Mip Bias";0;0;0;151;1;1;3;3;0;0;0;0;301;1;1;1;301;1;0;0;1;1;0
"Mesh Count";0;0;0;151;1;1;3;3;0;0;0;0;301;1;1;1;301;1;0;0;1;1;0
"Mesh Memory";0;0;0;151;1;1;3;3;0;0;0;0;301;1;1;1;301;1;0;0;1;1;0
"Mesh Reads";0;0;0;151;1;1;3;3;0;0;0;0;301;1;1;1;301;1;0;0;1;1;0
"Missing Disk Data";0;0;0;151;1;1;3;3;0;0;0;0;301;1;1;1;301;1;0;0;1;1;0
"Missing Streaming Tiles";0;0;0;151;1;1;3;3;0;0;0;0;301;1;1;1;301;1;0;0;1;1;0
"Modified Overlaps";0;0;0;151;1;1;3;5;0;0;0;0;500;2;1;2;301;1;0;0;1;1;0
"Narrowphase Lost Touches";0;0;0;151;1;1;3;5;0;0;0;0;500;2;1;2;301;1;0;0;1;1;0
"Narrowphase New Touches";0;0;0;151;1;1;3;5;0;0;0;0;500;2;1;2;301;1;0;0;1;1;0
"Narrowphase Touches";0;0;0;151;1;1;3;5;0;0;0;0;500;2;1;2;301;1;0;0;1;1;0
"Object Count";0;0;0;151;1;1;3;3;0;0;0;0;301;1;1;1;301;1;0;0;1;1;0
"Other Reads";0;0;0;151;1;1;3;3;0;0;0;0;301;1;1;1;301;1;0;0;1;1;0
"Overlap Queries";0;0;0;151;1;1;3;3;0;0;0;0;301;1;1;1;301;1;0;0;1;1;0
"Overlaps";0;0;0;151;1;1;3;5;0;0;0;0;500;2;1;2;301;1;0;0;1;1;0
"Particle Queries";0;0;0;151;1;1;3;3;0;0;0;0;301;1;1;1;301;1;0;0;1;1;0
"Physics Queries";0;0;0;151;1;1;3;5;0;0;0;0;500;2;1;2;301;1;0;0;1;1;0
"Physics Used Memory";0;0;0;151;1;1;3;5;0;0;0;0;500;2;1;2;301;1;0;0;1;1;0
"Physics Used Memory (2D)";0;0;0;151;1;1;3;3;0;0;0;0;301;1;1;1;301;1;0;0;1;1;0
"Profiler Reserved Memory";0;0;0;151;1;1;3;3;0;0;0;0;301;1;1;1;301;1;0;0;1;1;0
"Profiler Used Memory";0;0;0;151;1;1;3;3;0;0;0;0;301;1;1;1;301;1;0;0;1;1;0
"Raycast Queries";0;0;0;151;1;1;3;3;0;0;0;0;301;1;1;1;301;1;0;0;1;1;0
"Read From Disk";0;0;0;151;1;1;3;3;0;0;0;0;301;1;1;1;301;1;0;0;1;1;0
"Reads in Flight";0;0;0;151;1;1;3;3;0;0;0;0;301;1;1;1;301;1;0;0;1;1;0
"Removed Contacts";0;0;0;151;1;1;3;3;0;0;0;0;301;1;1;1;301;1;0;0;1;1;0
"Render Textures Bytes";0;0;0;151;1;1;3;3;0;0;0;0;301;1;1;1;301;1;0;0;1;1;0
"Render Textures Count";0;0;0;151;1;1;3;3;0;0;0;0;301;1;1;1;301;1;0;0;1;1;0
"Required Tiles";0;0;0;151;1;1;3;3;0;0;0;0;301;1;1;1;301;1;0;0;1;1;0
"Rigidbodies Synced";0;0;0;151;1;1;3;5;0;0;0;0;500;2;1;2;301;1;0;0;1;1;0
"Scene Object Count";0;0;0;151;1;1;3;3;0;0;0;0;301;1;1;1;301;1;0;0;1;1;0
"Scripting Reads";0;0;0;151;1;1;3;3;0;0;0;0;301;1;1;1;301;1;0;0;1;1;0
"Shapecast Queries";0;0;0;151;1;1;3;3;0;0;0;0;301;1;1;1;301;1;0;0;1;1;0
"Solver Continuous Islands";0;0;0;151;1;1;3;3;0;0;0;0;301;1;1;1;301;1;0;0;1;1;0
"Solver Discrete Islands";0;0;0;151;1;1;3;3;0;0;0;0;301;1;1;1;301;1;0;0;1;1;0
"Solver Simulation Count";0;0;0;151;1;1;3;3;0;0;0;0;301;1;1;1;301;1;0;0;1;1;0
"Solver World Count";0;0;0;151;1;1;3;3;0;0;0;0;301;1;1;1;301;1;0;0;1;1;0
"Static Bodies";0;0;0;151;1;1;3;3;0;0;0;0;301;1;1;1;301;1;0;0;1;1;0
"Static Colliders";0;0;0;151;1;1;3;5;0;0;0;0;500;2;1;2;301;1;0;0;1;1;0
"Static Shapes";0;0;0;151;1;1;3;3;0;0;0;0;301;1;1;1;301;1;0;0;1;1;0
"System Total Used Memory";0;0;0;151;1;1;3;3;0;0;0;0;301;1;1;1;301;1;0;0;1;1;0
"System Used Memory";0;0;0;151;1;1;3;3;0;0;0;0;301;1;1;1;301;1;0;0;1;1;0
"Texture Count";0;0;0;151;1;1;3;3;0;0;0;0;301;1;1;1;301;1;0;0;1;1;0
"Texture Memory";0;0;0;151;1;1;3;3;0;0;0;0;301;1;1;1;301;1;0;0;1;1;0
"Texture Reads";0;0;0;151;1;1;3;3;0;0;0;0;301;1;1;1;301;1;0;0;1;1;0
"Total Bodies";0;0;0;151;1;1;3;3;0;0;0;0;301;1;1;1;301;1;0;0;1;1;0
"Total Callbacks";0;0;0;151;1;1;3;3;0;0;0;0;301;1;1;1;301;1;0;0;1;1;0
"Total Contacts";0;0;0;151;1;1;3;3;0;0;0;0;301;1;1;1;301;1;0;0;1;1;0
"Total CPU Cache Size";0;0;0;151;1;1;3;3;0;0;0;0;301;1;1;1;301;1;0;0;1;1;0
"Total GPU Cache Size";0;0;0;151;1;1;3;3;0;0;0;0;301;1;1;1;301;1;0;0;1;1;0
"Total Joints";0;0;0;151;1;1;3;3;0;0;0;0;301;1;1;1;301;1;0;0;1;1;0
"Total Queries";0;0;0;151;1;1;3;3;0;0;0;0;301;1;1;1;301;1;0;0;1;1;0
"Total Reserved Memory";0;0;0;151;1;1;3;3;0;0;0;0;301;1;1;1;301;1;0;0;1;1;0
"Total Shapes";0;0;0;151;1;1;3;3;0;0;0;0;301;1;1;1;301;1;0;0;1;1;0
"Total Transform Sync Calls";0;0;0;151;1;1;3;3;0;0;0;0;301;1;1;1;301;1;0;0;1;1;0
"Total Used Memory";0;0;0;151;1;1;3;3;0;0;0;0;301;1;1;1;301;1;0;0;1;1;0
"Transform Parent Sync Bodies";0;0;0;151;1;1;3;3;0;0;0;0;301;1;1;1;301;1;0;0;1;1;0
"Transform Parent Sync Colliders";0;0;0;151;1;1;3;3;0;0;0;0;301;1;1;1;301;1;0;0;1;1;0
"Transform Sync Bodies";0;0;0;151;1;1;3;3;0;0;0;0;301;1;1;1;301;1;0;0;1;1;0
"Transform Sync Colliders";0;0;0;151;1;1;3;3;0;0;0;0;301;1;1;1;301;1;0;0;1;1;0
"Trigger Enter";0;0;0;151;1;1;3;3;0;0;0;0;301;1;1;1;301;1;0;0;1;1;0
"Trigger Exit";0;0;0;151;1;1;3;3;0;0;0;0;301;1;1;1;301;1;0;0;1;1;0
"Trigger Overlaps";0;0;0;151;1;1;3;5;0;0;0;0;699;3;1;3;301;1;0;0;1;1;0
"Trigger Stay";0;0;0;151;1;1;3;3;0;0;0;0;301;1;1;1;301;1;0;0;1;1;0
"Video Reserved Memory";0;0;0;151;1;1;3;3;0;0;0;0;301;1;1;1;301;1;0;0;1;1;0
"Video Used Memory";0;0;0;151;1;1;3;3;0;0;0;0;301;1;1;1;301;1;0;0;1;1;0
"Virtual Texture Reads";0;0;0;151;1;1;3;3;0;0;0;0;301;1;1;1;301;1;0;0;1;1;0
"GfxResource.Register";0;0;0;166;1;1;4;10;0;0;0;0;129;3;3;96;11;1;0;0;1;1;0
"Object.Register";0;0;0;166;1;1;4;10;0;0;0;0;787082;1;1;787071;11;1;0;0;1;1;0
"Object.SetName";0;0;0;166;1;1;4;10;0;0;0;0;122543;1;1;122532;11;1;0;0;1;1;0
"BeginJob";0;0;0;202;1;1;7;14;0;0;0;0;2321;11;4;50;199;1;0;0;1;1;0
"EndJob";0;0;0;202;1;1;7;14;0;0;0;0;2321;11;4;50;199;1;0;0;1;1;0
"KickJobs";0;0;0;202;1;1;5;12;0;0;0;0;4788;17;17;1386;199;1;0;0;1;1;0
"ScheduleAllocJob";0;0;0;202;1;1;7;12;0;0;0;0;2206;11;10;47;199;1;0;0;1;1;0
"ScheduleJob";0;0;0;202;1;1;4;13;0;0;0;0;9761;50;37;231;199;1;0;0;1;1;0
"WaitForCompleted";0;0;0;202;1;1;3;13;0;0;0;0;4605;23;22;68;199;1;0;0;1;1;0
"PostLateUpdate.UpdateCaptureScreenshot";0;0;0.0002;238;2;199;3;3;0.00519999986863695;2.613065E-05;0;0.0001;199;1;1;1;199;1;0;0.0002;2;199;0
"Connections.Poll";0;0;0.0002;257;1;230;6;6;0.00709999982063891;3.567839E-05;0;0.0001;199;1;1;1;199;1;0;0.0002;1;230;0
"CullingGroupSendEvents";0;0;0.0001;257;1;2;8;8;0.00699999982316513;3.517588E-05;0;0.0001;199;1;1;1;199;1;0;0.0001;1;2;0
"ConstraintManager::Update::JobSetup";0;0;0.0002;262;1;2;5;5;0.00859999978274573;4.321608E-05;0;0.0001;199;1;1;1;199;1;0;0.0002;1;2;0
"Physics.WriteColliderPoses";0;0;0.0006;268;2;239;6;6;0.00889999977516709;4.472362E-05;0;0.0001;380;2;1;17;199;1;0;0.0001;2;1;0
"PreLateUpdate.PhysicsLateUpdate";0;0;0.0004;281;107;1;3;3;0.00909999976283871;4.572864E-05;0;0.0001;199;1;1;1;199;1;0;0.0004;107;1;0
"UIEvents.AlignCanvasRectTransformWithCamera";0;0;0.0002;287;1;183;4;4;0.00979999975243118;4.924623E-05;0;0.0001;199;1;1;1;199;1;0;0.0002;1;183;0.0001
