Name; Median Time; Min Time; Max Time; Median Frame Index; Min Frame Index; Max Frame Index; Min Depth; Max Depth; Total Time; Mean Time; Time Lower Quartile; Time Upper Quartile; Count Total; Count Median; Count Min; Count Max; Number of frames containing Marker; First Frame Index; Time Min Individual; Time Max Individual; Min Individual Frame; Max Individual Frame; Time at Median Frame
"Assembly-CSharp.dll!WFC_Sudoku::WFCBuilder.RunWFC() [Coroutine: MoveNext] [Invoke]";5519.42;5519.42;5519.42;1;1;1;6;6;5519.4195022583;5519.419;5519.42;5519.42;36;36;36;36;1;1;117.8432;222.3279;1;1;0
"Instantiate";4623.486;4623.486;4623.486;1;1;1;6;7;4623.56198224006;4623.562;4623.486;4623.486;180009;180009;180009;180009;1;1;0.0049;41.2979;1;1;0
"Assembly-CSharp.dll!WFC_Sudoku::WFCBuilder.Start() [Invoke]";4197.101;4197.101;4197.101;1;1;1;5;5;4197.10040283203;4197.101;4197.101;4197.101;9;9;9;9;1;1;369.1097;618.8749;1;1;0
"Assembly-CSharp.dll!WFC_Sudoku::WFCWorldManager.Start() [Invoke]";4155.856;4155.856;4155.856;1;1;1;5;5;4155.8564453125;4155.856;4155.856;4155.856;1;1;1;1;1;1;4155.856;4155.856;1;1;0
"Instantiate.Produce";3263.736;3263.736;3263.736;1;1;1;7;8;3263.672084013;3263.672;3263.736;3263.736;180009;180009;180009;180009;1;1;0.0026;41.2455;1;1;0
"Instantiate.Awake";689.5823;689.5823;689.5823;1;1;1;7;8;689.80279612809;689.8028;689.5823;689.5823;180009;180009;180009;180009;1;1;0.0014;0.208;1;1;0
"Instantiate.Copy";478.73;478.73;478.73;1;1;1;7;8;478.412497161102;478.4125;478.73;478.73;180009;180009;180009;180009;1;1;0.0001;0.7259;1;1;0
"GameObject.Deactivate";405.4939;405.4939;405.4939;1;1;1;6;6;405.732297401817;405.7323;405.4939;405.4939;164862;164862;164862;164862;1;1;0.0006;0.0652;1;1;0
"GameObject.ActivateAwakeRecursively";360.6163;360.6163;360.6163;1;1;1;7;7;360.519096951059;360.5191;360.6163;360.6163;164898;164898;164898;164898;1;1;0.0005;0.0645;1;1;0
"CheckAllowDestructionRecursive [Editor Only]";248.9869;248.9869;248.9869;1;1;1;6;9;248.126996668638;248.127;248.9869;248.9869;996406;996406;996406;996406;1;1;0;0.2134;1;1;0
"TransformHandle.SetHierarchyCapacity";72.1788;72.1788;72.1788;1;1;1;8;9;72.1788005947601;72.1788;72.1788;72.1788;18;18;18;18;1;1;0.0021;35.7897;1;1;0
"Inl_NRPRGComp_SetupContextData";50.8229;50.8229;50.8229;1;1;1;8;8;50.8228988647461;50.8229;50.8229;50.8229;1;1;1;1;1;1;50.8229;50.8229;1;1;0
"gameObjectChangedScene.Invoke";46.13363;46.13363;46.13363;1;1;1;7;9;46.1673988112743;46.1674;46.13363;46.13363;180027;180027;180027;180027;1;1;0.0001;0.0304;1;1;0
"LargeAllocation.Free";31.321;31.321;31.321;1;1;1;6;10;31.3210000097752;31.321;31.321;31.321;26;26;26;26;1;1;0.3441;4.7557;1;1;0
"UnityEngine.CoreModule.dll!::TypeFlagsCache`1..cctor()";29.3649;29.3649;29.3649;1;1;1;4;11;29.3649006821215;29.3649;29.3649;29.3649;26;26;26;26;1;1;0.0264;28.4043;1;1;0
"Unity.Collections.dll!::ChildAllocators..cctor()";28.7544;28.7544;28.7544;1;1;1;10;10;28.7544002532959;28.7544;28.7544;28.7544;1;1;1;1;1;1;28.7544;28.7544;1;1;0
"EditorLoop";25.281;20.2235;14208.45;557;120;621;1;1;47800.0294091403;54.19505;24.1138;30.2434;3528;4;4;4;882;1;0.0123;14185.56;22;621;25.2562
"SortingGroup.UpdateRenderer";22.22841;22.22841;22.22841;1;1;1;8;9;22.2575994712679;22.2576;22.22841;22.22841;377620;377620;377620;377620;1;1;0;0.0248;1;1;0
"Unaccounted time between: Profiler.SessionMetadata and PlayerLoop";14.8513;14.8513;14.8513;1;1;1;1;1;14.851300239563;14.8513;14.8513;14.8513;1;1;1;1;1;1;14.8513;14.8513;1;1;0
"GC.Collect";12.3314;12.3314;12.3314;835;835;835;5;5;12.3313999176025;12.3314;12.3314;12.3314;1;1;1;1;1;835;12.3314;12.3314;835;835;0
"RenderLoop.ScheduleDraw";11.6187;8.3505;24.6223;245;25;33;10;11;10183.391973339;11.5458;10.7824;12.1534;7056;8;8;8;882;1;0.0003;6.5274;5;33;12.3006
"PlayerLoop";10.7486;9.1198;17197.47;440;548;1;1;1;27119.3711582898;30.74759;10.3848;11.2482;2646;3;3;3;882;1;0.0002;16774.21;365;1;10.9162
"RenderPlayModeViewCameras";10.0716;8.6265;423.2637;672;548;1;2;2;9589.71740150452;10.8727;9.7452;10.5167;882;1;1;1;882;1;8.6265;423.2637;548;1;10.4329
"UnityEngine.CoreModule.dll!UnityEngine.Rendering::RenderPipelineManager.DoRenderLoop_Internal() [Invoke]";9.7554;8.2633;421.9594;666;170;1;3;3;9289.4011554718;10.5322;9.3975;10.1788;882;1;1;1;882;1;8.2633;421.9594;170;1;10.1583
"Inl_UniversalRenderTotal";9.7119;8.2252;287.3994;765;170;1;4;4;9116.21565341949;10.33584;9.3576;10.1344;882;1;1;1;882;1;8.2252;287.3994;170;1;10.1149
"Inl_RenderCameraStack";9.6677;8.1789;281.3746;453;170;1;5;5;9070.22879219055;10.28371;9.3158;10.0914;882;1;1;1;882;1;8.1789;281.3746;170;1;10.0731
"TextureStreamingManager.RemoveRenderer";8.6885;8.6885;8.6885;1;1;1;8;8;8.68449980030709;8.6845;8.6885;8.6885;360648;360648;360648;360648;1;1;0;0.0252;1;1;0
"Assembly-CSharp.dll!WFC_Sudoku::WFCCell..ctor() [Invoke]";6.884425;6.884425;6.884425;1;1;1;8;8;6.88439985155128;6.8844;6.884425;6.884425;7200;7200;7200;7200;1;1;0.0006;0.0337;1;1;0
"Inl_ScriptableRenderContext.Submit";6.7355;5.1741;13.5862;263;740;33;6;6;6020.87618160248;6.82639;6.4194;7.0481;882;1;1;1;882;1;5.1741;13.5862;740;33;7.0627
"UniversalRenderPipeline.RenderSingleCameraInternal: Main Camera";6.5185;4.9723;13.241;645;740;33;7;7;5753.50899171829;6.523253;6.1693;6.8156;882;1;1;1;882;1;4.9723;13.241;740;33;6.8597
"ExecuteRenderGraph";6.4896;4.9467;13.191;294;740;33;8;8;5724.02968645096;6.48983;6.1287;6.7819;882;1;1;1;882;1;4.9467;13.191;740;33;6.8238
"Inl_NRPRGComp_TryMergeNativePasses";6.3708;6.3708;6.3708;1;1;1;8;8;6.37080001831055;6.3708;6.3708;6.3708;1;1;1;1;1;1;6.3708;6.3708;1;1;0
"VolumeManager.EvaluateVolumeDefaultState";5.9164;5.9164;5.9164;1;1;1;4;4;5.91639995574951;5.9164;5.9164;5.9164;1;1;1;1;1;1;5.9164;5.9164;1;1;0
"Unity.RenderPipelines.Core.Runtime.dll!::SharedObjectPool`1..cctor()";5.154401;5.154401;5.154401;1;1;1;8;9;5.15439999848604;5.1544;5.154401;5.154401;35;35;35;35;1;1;0.0756;1.0502;1;1;0
"RenderLoop.DrawSRPBatcher";4.7484;3.3519;10.9804;122;170;33;12;12;4158.2067894598;4.71452;4.3153;5.0242;21168;24;24;24;882;1;0.0028;0.8542;314;721;5.2275
"Unity.RenderPipelines.Core.Runtime.dll!UnityEngine.Rendering::TProfilingSampler`1..cctor()";4.2871;4.2871;4.2871;1;1;1;4;8;4.28709983825684;4.2871;4.2871;4.2871;3;3;3;3;1;1;1.3646;1.5191;1;1;0
"Inl_NRPRGComp_BuildGraph";4.2116;4.2116;4.2116;1;1;1;8;8;4.21159982681274;4.2116;4.2116;4.2116;1;1;1;1;1;1;4.2116;4.2116;1;1;0
"RenderLoop.Prepare";3.3857;2.0738;5.758901;18;22;6;8;10;91.4965994656086;3.5191;3.006;3.8506;130;4;4;10;26;2;0.2498;1.2023;6;10;0
"DrawDepthNormalPrepass";3.3822;1.7164;6.5393;493;13;33;9;9;3053.59848916531;3.46213;2.9298;3.9645;882;1;1;1;882;1;1.7164;6.5393;13;33;3.9777
"SRPBatcher.Flush";2.9885;2.1702;7.108201;110;170;33;13;14;2628.20099276876;2.97982;2.7216;3.1662;31752;36;36;36;882;1;0.0002;0.6162;19;721;3.3205
"Burst.Compiler.IL.dll!Burst.Compiler.IL.Jit::JitCompilerService.CompileInternal() [Invoke]";2.9759;2.9759;2.9759;1;1;1;10;10;2.97589999437332;2.9759;2.9759;2.9759;5;5;5;5;1;1;0.5065;0.7698;1;1;0
"MeshRendererFinalizeUpdate";2.9383;2.9383;2.9383;1;1;1;5;5;2.93829989433289;2.9383;2.9383;2.9383;1;1;1;1;1;1;2.9383;2.9383;1;1;0
"LogStringToConsole";2.8487;2.8487;2.8487;1;1;1;6;6;2.84869999438524;2.8487;2.8487;2.8487;12;12;12;12;1;1;0.0954;0.4854;1;1;0
"Inl_UniversalRenderPipeline.RenderSingleCameraInternal: Main Camera";2.7707;2.4057;251.1553;639;866;1;6;6;2863.76157546043;3.246895;2.6273;2.9916;882;1;1;1;882;1;2.4057;251.1553;866;1;2.8379
"WaitForJobGroupID";2.5039;1.0072;6.7446;747;15;1;6;13;2178.7331927137;2.470219;2.3484;2.6487;8494;10;3;14;882;1;0.0011;2.9346;70;1;2.275
"DrawOpaqueObjects";2.3377;1.7576;6.2117;817;802;721;9;9;2196.914296031;2.490833;1.997;2.9601;882;1;1;1;882;1;1.7576;6.2117;802;721;2.2774
"Unity.Collections.dll!Unity.Collections::NativeList`1..cctor()";2.1578;2.1578;2.1578;1;1;1;9;9;2.15779998898506;2.1578;2.1578;2.1578;12;12;12;12;1;1;0.1228;0.3911;1;1;0
"UnityEngine.CoreModule.dll!::ExtractCompilerFlags.Invoke() [Invoke]";2.1284;2.1284;2.1284;1;1;1;10;10;2.12840002775192;2.1284;2.1284;2.1284;6;6;6;6;1;1;0.0932;1.2307;1;1;0
"Unity.RenderPipelines.Core.Runtime.dll!UnityEngine.Rendering::ProbeReferenceVolume..cctor()";2.0449;2.0449;2.0449;1;1;1;8;8;2.04489994049072;2.0449;2.0449;2.0449;1;1;1;1;1;1;2.0449;2.0449;1;1;0
"InitialActionStateCheck";1.6414;1.6414;1.6414;1;1;1;6;6;1.64140003267676;1.6414;1.6414;1.6414;2;2;2;2;1;1;0.0083;1.6331;1;1;0
"EngineJob";1.599;0.3731;6.608999;183;489;26;7;14;1457.87199484912;1.652916;1.3919;1.7712;11353;13;2;49;882;1;0.0001;2.3265;7;26;1.6505
"UnityEngine.CoreModule.dll!UnityEngine::StackTraceUtility.ExtractStackTrace() [Invoke]";1.5087;1.5087;1.5087;1;1;1;7;7;1.50869999453425;1.5087;1.5087;1.5087;12;12;12;12;1;1;0.0558;0.3311;1;1;0
"Mono.JIT";1.4887;0.1359;404.9688;2;11;1;4;13;414.221098103561;82.84422;0.2462;7.3818;4955;11;2;4844;5;1;0.0113;28.9124;1;1;0
"CullScriptable";1.3794;1.1371;94.92271;559;582;3;7;7;1339.78360307217;1.519029;1.3096;1.4868;882;1;1;1;882;1;1.1371;94.92271;582;3;1.4287
"Inl_NRPRGComp_FindResourceUsageRanges";1.3124;1.3124;1.3124;1;1;1;8;8;1.31239998340607;1.3124;1.3124;1.3124;1;1;1;1;1;1;1.3124;1.3124;1;1;0
"Unity.RenderPipelines.Core.Runtime.dll!::RenderGraphExceptionMessages..cctor()";1.2795;1.2795;1.2795;1;1;1;5;5;1.27950000762939;1.2795;1.2795;1.2795;1;1;1;1;1;1;1.2795;1.2795;1;1;0
"Profiler.ParseThreadData";1.2586;0.4274;5.7994;27;16;17;6;12;37.1904999576509;1.377426;0.7285;1.5942;309;11;3;22;27;2;0.0112;4.8733;15;17;0
"Unity.RenderPipelines.Universal.Runtime.dll!UnityEngine.Rendering.Universal::RenderingUtils..cctor()";1.2307;1.2307;1.2307;1;1;1;5;5;1.23070001602173;1.2307;1.2307;1.2307;1;1;1;1;1;1;1.2307;1.2307;1;1;0
"EndRenderQueueExtraction";1.1792;0.9818;1.6657;375;554;845;8;9;1055.6456976214;1.196877;1.1206;1.2691;1764;2;2;2;882;1;0.0031;1.5008;20;845;1.2243
"Unity.RenderPipelines.Core.Runtime.dll!UnityEngine.Rendering.RenderGraphModule::UnsafeRenderGraphPass`1..cctor()";1.1406;1.1406;1.1406;1;1;1;8;9;1.14060001634061;1.1406;1.1406;1.1406;5;5;5;5;1;1;0.0018;1.133;1;1;0
"Unity.RenderPipelines.Core.Runtime.dll!UnityEngine.Rendering::DynamicResolutionHandler..cctor()";1.1303;1.1303;1.1303;1;1;1;5;5;1.13030004501343;1.1303;1.1303;1.1303;1;1;1;1;1;1;1.1303;1.1303;1;1;0
"CullResults.CreateSharedRendererScene";1.1162;0.9144;1.5354;665;582;845;8;8;1002.76709896326;1.136924;1.0616;1.2027;882;1;1;1;882;1;0.9144;1.5354;582;845;1.1611
"ExecuteRenderQueueJob";1.0296;0.0633;1.5354;712;156;458;8;12;874.292397867888;0.9923864;0.909;1.1145;2240;3;1;3;881;1;0.0398;1.2555;337;378;1.0705
"UnityEngine.CoreModule.dll!::ForJobStruct`1..cctor()";0.76;0.76;0.76;1;1;1;11;11;0.760000005364418;0.76;0.76;0.76;5;5;5;5;1;1;0.1377;0.1769;1;1;0
"Inl_NRPRGComp_PrepareNativePass";0.7597;0.7597;0.7597;1;1;1;8;8;0.759699969814392;0.7596999;0.7597;0.7597;9;9;9;9;1;1;0.0004;0.7491;1;1;0
"Unity.RenderPipelines.Core.Runtime.dll!UnityEngine.Rendering::VolumeComponent.OnEnable() [Invoke]";0.7081001;0.7081001;0.7081001;1;1;1;4;5;0.708099999465048;0.7081;0.7081001;0.7081001;38;38;38;38;1;1;0.0087;0.0429;1;1;0
"Idle";0.6711;0.0003;3.6964;405;22;1;7;14;624.81109860319;0.7198284;0.4671;0.9139;3688;4;1;12;868;1;0.0001;1.4087;64;1;0.407
"UpdateScene";0.6299;0.4612;16774.21;772;410;1;2;2;17528.6951761842;19.8738;0.571;0.7206;882;1;1;1;882;1;0.4612;16774.21;410;1;0.4825
"Unity.RenderPipelines.Core.Runtime.dll!::<>c..cctor()";0.6095001;0.6095001;0.6095001;1;1;1;4;11;0.609500000951812;0.6095;0.6095001;0.6095001;54;54;54;54;1;1;0.0014;0.157;1;1;0
"Unity.RenderPipelines.Core.Runtime.dll!UnityEngine.Rendering.RenderGraphModule.NativeRenderPassCompiler::FixedAttachmentArray`1..cctor()";0.5546;0.5546;0.5546;1;1;1;9;9;0.554600015282631;0.5546;0.5546;0.5546;2;2;2;2;1;1;0.1993;0.3553;1;1;0
"Inl_RecordRenderGraph";0.5253;0.4677;86.5906;592;783;1;7;7;583.25699788332;0.6612891;0.4937;0.5853;882;1;1;1;882;1;0.4677;86.5906;783;1;0.5649
"Inl_ExecuteRenderGraph";0.5225;0.4837;46.8875;617;501;1;7;7;532.532099872828;0.6037779;0.5031;0.5639;882;1;1;1;882;1;0.4837;46.8875;501;1;0.5391
"Inl_On Record Render Graph";0.5132;0.4576;80.0232;56;783;1;8;8;565.500099539757;0.6411566;0.4822;0.5733;882;1;1;1;882;1;0.4576;80.0232;783;1;0.5364
"RenderLoop.Sort";0.4875;0.0007;3.9619;712;456;26;8;14;441.7661983539;0.5228002;0.3824;0.6015;4899;5;1;19;845;1;0.0003;0.9979;6;26;0.4449
"UnityEditor.CoreModule.dll!UnityEditor::EditorApplicationLayout.FinalizePlaymodeLayout() [Invoke]";0.4681;0.4681;0.4681;1;1;1;3;3;0.468100011348724;0.4681;0.4681;0.4681;1;1;1;1;1;1;0.4681;0.4681;1;1;0
"Unity.RenderPipelines.Universal.Runtime.dll!::<>c..cctor()";0.4557;0.4557;0.4557;1;1;1;5;10;0.455699997022748;0.4557;0.4557;0.4557;18;18;18;18;1;1;0.0192;0.0398;1;1;0
"TransformHandle.SetParent";0.4404;0.4404;0.4404;1;1;1;6;6;0.440399998798966;0.4404;0.4404;0.4404;18;18;18;18;1;1;0.0179;0.048;1;1;0
"GameObject.AddComponent";0.4285;0.4285;0.4285;1;1;1;6;6;0.428499998524785;0.4285;0.4285;0.4285;18;18;18;18;1;1;0.0154;0.0568;1;1;0
"Unity.RenderPipelines.Universal.Runtime.dll!UnityEngine.Rendering.Universal::ScriptableRenderer..cctor()";0.4007;0.4007;0.4007;1;1;1;5;5;0.400700002908707;0.4007;0.4007;0.4007;1;1;1;1;1;1;0.4007;0.4007;1;1;0
"Unity.RenderPipelines.Core.Runtime.dll!UnityEngine.Rendering::ListPool`1..cctor()";0.3724;0.3724;0.3724;1;1;1;4;5;0.372399996966124;0.3724;0.3724;0.3724;4;4;4;4;1;1;0.0328;0.129;1;1;0
"UnityEngine.CoreModule.dll!UnityEngine::HDROutputSettings..cctor()";0.3019;0.3019;0.3019;1;1;1;5;5;0.301899999380112;0.3019;0.3019;0.3019;1;1;1;1;1;1;0.3019;0.3019;1;1;0
"Profiler.FlushCounters";0.2957;0.2689;0.778;425;230;33;1;1;278.69799938798;0.3159841;0.2837;0.3282;882;1;1;1;882;1;0.2689;0.778;230;33;0.3371
"UnityEditor.CoreModule.dll!UnityEditor::MaterialEditor.ApplyMaterialPropertyDrawersFromNative() [Invoke]";0.2825001;0.2825001;0.2825001;1;1;1;4;9;0.282499999506399;0.2825;0.2825001;0.2825001;60;60;60;60;1;1;0.001;0.0521;1;1;0
"Profiler.FlushMemoryCounters";0.2748;0.2499;0.7445;218;230;33;2;2;259.340599700809;0.294037;0.2637;0.3055;882;1;1;1;882;1;0.2499;0.7445;230;33;0.3073
"Texture2D.GetPixels";0.2652;0.2652;0.2652;1;1;1;6;6;0.26519999653101;0.2652;0.2652;0.2652;54;54;54;54;1;1;0.0022;0.0169;1;1;0
"Unity.RenderPipelines.Universal.Runtime.dll!UnityEngine.Rendering.Universal.Internal::ForwardLights..cctor()";0.2491;0.2491;0.2491;1;1;1;4;4;0.249099999666214;0.2491;0.2491;0.2491;1;1;1;1;1;1;0.2491;0.2491;1;1;0
"RenderLoop.CleanupNodeQueue";0.24;0.2127;0.6578;445;667;157;4;10;241.130599299591;0.2733907;0.2239;0.2941;6175;7;7;8;882;1;0.0001;0.6302;2;157;0.2208
"Texture.AwakeFromLoad";0.2354;0.2354;0.2354;1;1;1;6;10;0.235399997094646;0.2354;0.2354;0.2354;26;26;26;26;1;1;0.0007;0.0215;1;1;0
"Unity.RenderPipelines.Core.Runtime.dll!UnityEngine.Rendering::XRGraphicsAutomatedTests..cctor()";0.2335;0.2335;0.2335;1;1;1;5;5;0.233500003814697;0.2335;0.2335;0.2335;1;1;1;1;1;1;0.2335;0.2335;1;1;0
"mscorlib.dll!System::Delegate.get_Method() [Invoke]";0.2325;0.2325;0.2325;1;1;1;10;10;0.232499998062849;0.2325;0.2325;0.2325;5;5;5;5;1;1;0.0028;0.2147;1;1;0
"UnityEngine.CoreModule.dll!UnityEngine::AsyncOperation.InvokeCompletionEvent() [Invoke]";0.2322;0.2322;0.2322;22;22;22;4;4;0.232199996709824;0.2322;0.2322;0.2322;1;1;1;1;1;22;0.2322;0.2322;22;22;0
"DestroyCullResults";0.2298;0.2032;0.6388;311;277;157;3;3;231.097599476576;0.2620154;0.2137;0.2831;882;1;1;1;882;1;0.2032;0.6388;277;157;0.21
"Unity.RenderPipelines.Core.Runtime.dll!UnityEngine.Rendering.RenderGraphModule.NativeRenderPassCompiler::NativePassCompiler..cctor()";0.2297;0.2297;0.2297;1;1;1;8;8;0.229699999094009;0.2297;0.2297;0.2297;1;1;1;1;1;1;0.2297;0.2297;1;1;0
"SceneCulling";0.2289;0.1905;93.593;657;493;3;8;8;319.90970146656;0.3627094;0.2156;0.2545;882;1;1;1;882;1;0.1905;93.593;493;3;0.2489
"mscorlib.dll!System::EmptyArray`1..cctor()";0.2236;0.2236;0.2236;1;1;1;4;11;0.223600004217587;0.2236;0.2236;0.2236;14;14;14;14;1;1;0.0015;0.05;1;1;0
"Unity.RenderPipelines.Core.Runtime.dll!UnityEngine.Rendering::DebugDisplaySettings`1..cctor()";0.2187;0.2187;0.2187;1;1;1;4;4;0.218700006604195;0.2187;0.2187;0.2187;1;1;1;1;1;1;0.2187;0.2187;1;1;0
"Unity.RenderPipelines.Core.Runtime.dll!UnityEngine.Rendering.RenderGraphModule::RenderGraphObjectPool..cctor()";0.2102;0.2102;0.2102;1;1;1;4;4;0.210199996829033;0.2102;0.2102;0.2102;1;1;1;1;1;1;0.2102;0.2102;1;1;0
"Unity.RenderPipelines.Core.Runtime.dll!::EnumField`1..cctor()";0.2085;0.2085;0.2085;1;1;1;4;4;0.208499997854233;0.2085;0.2085;0.2085;2;2;2;2;1;1;0.0994;0.1091;1;1;0
"Draw Main Light Shadowmap";0.2019;0.1381;1.9518;678;501;4;9;9;184.329999491572;0.2089909;0.1643;0.222;882;1;1;1;882;1;0.1381;1.9518;501;4;0.2136
"MainLightShadow";0.2;0.137;1.9469;583;501;4;10;10;182.643399342895;0.2070787;0.1632;0.2197;882;1;1;1;882;1;0.137;1.9469;501;4;0.2124
"Unity.Burst.dll!::HashCode64`1..cctor()";0.1998;0.1998;0.1998;1;1;1;11;11;0.199799999594688;0.1998;0.1998;0.1998;12;12;12;12;1;1;0.0128;0.022;1;1;0
"Shadows.ExecuteDrawShadows";0.1947;0.1338;1.9202;259;501;4;11;11;177.576699339785;0.2013341;0.159;0.2129;3528;4;4;4;882;1;0.0091;1.0683;137;4;0.2067
"FixedUpdate.PhysicsFixedUpdate";0.1815;0.0988;7.7805;868;840;777;3;3;247.277399107814;0.2803599;0.1619;0.2211;1799;2;1;17;882;1;0.0328;7.7127;34;777;0.1085
"Shadows.ScheduleRenderJobs";0.1792;0.1226;0.4793;829;501;670;12;12;157.347299290821;0.1783983;0.1462;0.1963;3528;4;4;4;882;1;0.0066;0.302;13;682;0.1915
"Unity.RenderPipelines.Universal.Runtime.dll!::CameraMetadataCache..cctor()";0.1652;0.1652;0.1652;1;1;1;7;7;0.165199995040894;0.1652;0.1652;0.1652;1;1;1;1;1;1;0.1652;0.1652;1;1;0
"Physics.RunSimulationStage";0.1643;0.0884;7.7317;311;840;777;4;4;217.633798968047;0.2467503;0.1482;0.2007;1799;2;1;17;882;1;0.0304;7.6713;34;777;0.0983
"Physics.Simulate";0.1642;0.0882;7.7314;44;840;777;5;5;217.480699511245;0.2465768;0.148;0.2005;1799;2;1;17;882;1;0.0303;7.6711;34;777;0.0981
"PxScene.simulate";0.1634;0.0878;7.7298;110;840;777;6;6;216.604299705476;0.2455831;0.1471;0.1992;1799;2;1;17;882;1;0.0303;7.6697;34;777;0.0975
"UnityEngine.CoreModule.dll!UnityEngine.Pool::CollectionPool`2..cctor()";0.1526;0.1526;0.1785;1;1;2;4;5;0.33110000193119;0.16555;0.1526;0.1526;2;1;1;1;2;1;0.1526;0.1785;1;2;0
"Unity.RenderPipelines.Universal.Runtime.dll!UnityEngine.Rendering.Universal::PlatformAutoDetect..cctor()";0.138;0.138;0.138;1;1;1;4;4;0.137999996542931;0.138;0.138;0.138;1;1;1;1;1;1;0.138;0.138;1;1;0
"Assembly-CSharp.dll!WFC_Sudoku::WFCBuilder..ctor() [Invoke]";0.1339;0.1339;0.1339;1;1;1;8;8;0.133899999782443;0.1339;0.1339;0.1339;9;9;9;9;1;1;0.0127;0.0172;1;1;0
"Unity.Mathematics.dll!Unity.Mathematics::float4x4..cctor()";0.1311;0.1311;0.1311;1;1;1;10;10;0.131099998950958;0.1311;0.1311;0.1311;1;1;1;1;1;1;0.1311;0.1311;1;1;0
"Inl_NRPRGComp_CullNodes";0.1277;0.1277;0.1277;1;1;1;8;8;0.127700001001358;0.1277;0.1277;0.1277;1;1;1;1;1;1;0.1277;0.1277;1;1;0
"Shadows.PrepareDrawShadows";0.126;0.0507;1.1053;211;25;18;7;7;122.254199444316;0.1386102;0.113;0.1427;1764;2;2;2;882;1;0.0066;0.7256;17;18;0.1321
"SceneDataContainer.TransformHierarchyChangedSetParentCallback";0.126;0.126;0.126;1;1;1;7;7;0.125999999581836;0.126;0.126;0.126;54;54;54;54;1;1;0.001;0.0143;1;1;0
"Unity.RenderPipelines.Universal.Runtime.dll!::Profiling..cctor()";0.1232;0.1232;0.1232;1;1;1;8;8;0.123199999332428;0.1232;0.1232;0.1232;1;1;1;1;1;1;0.1232;0.1232;1;1;0
"Unity.RenderPipelines.Core.Runtime.dll!UnityEngine.Rendering::LensFlareCommonSRP..cctor()";0.1163;0.1163;0.1163;1;1;1;5;5;0.116300001740456;0.1163;0.1163;0.1163;1;1;1;1;1;1;0.1163;0.1163;1;1;0
"Shadows.DrawSRPBatcher";0.1162;0.0765;0.3717;244;177;167;13;13;102.195099460194;0.1158675;0.09010001;0.13;5292;6;6;6;882;1;0.002;0.15;122;670;0.1252
"UnityEngine.CoreModule.dll!UnityEngine::BeforeRenderHelper..cctor()";0.1153;0.1153;0.1153;1;1;1;6;6;0.115299999713898;0.1153;0.1153;0.1153;1;1;1;1;1;1;0.1153;0.1153;1;1;0
"SRPBRender.ApplyShader";0.1143;0.0834;0.2914;734;12;33;13;13;103.192199363431;0.116998;0.1052;0.1242;24696;28;28;28;882;1;0.0007;0.1444;4;95;0.1179
"Unity.RenderPipelines.Universal.Runtime.dll!UnityEngine.Rendering.Universal::LightCookieManager..cctor()";0.1075;0.1075;0.1075;1;1;1;4;4;0.107500001788139;0.1075;0.1075;0.1075;1;1;1;1;1;1;0.1075;0.1075;1;1;0
"Unity.RenderPipelines.Core.Runtime.dll!UnityEngine.Rendering.RenderGraphModule::UnsafeGraphContext..cctor()";0.1021;0.1021;0.1021;1;1;1;9;9;0.102099999785423;0.1021;0.1021;0.1021;1;1;1;1;1;1;0.1021;0.1021;1;1;0
"Assembly-CSharp.dll!WFC_Sudoku::WFCBuilder.Awake() [Invoke]";0.1019;0.1019;0.1019;1;1;1;8;8;0.101900002511684;0.1019;0.1019;0.1019;9;9;9;9;1;1;0.0008;0.0939;1;1;0
"Unity.RenderPipelines.Universal.Runtime.dll!::Pipeline..cctor()";0.0953;0.0953;0.0953;1;1;1;6;6;0.0952999964356422;0.0953;0.0953;0.0953;1;1;1;1;1;1;0.0953;0.0953;1;1;0
"Inl_NRPRGComp_DetectMemorylessResources";0.0921;0.0921;0.0921;1;1;1;8;8;0.0921000018715858;0.0921;0.0921;0.0921;1;1;1;1;1;1;0.0921;0.0921;1;1;0
"Unity.RenderPipelines.Universal.Runtime.dll!UnityEngine.Rendering.Universal.Internal::DeferredLights..cctor()";0.0908;0.0908;0.0908;1;1;1;10;10;0.0908000022172928;0.0908;0.0908;0.0908;1;1;1;1;1;1;0.0908;0.0908;1;1;0
"UnityEngine.CoreModule.dll!UnityEngine.Pool::GenericPool`1..cctor()";0.0892;0.0892;0.0892;1;1;1;6;6;0.089199997484684;0.0892;0.0892;0.0892;1;1;1;1;1;1;0.0892;0.0892;1;1;0
"SceneVisibilityState.IsFlagSetInParents";0.08570002;0.08570002;0.08570002;1;1;1;8;9;0.0856999999741674;0.0857;0.08570002;0.08570002;108;108;108;108;1;1;0.0001;0.003;1;1;0
"Unity.RenderPipelines.Universal.Runtime.dll!UnityEngine.Rendering.Universal::RenderPassEventsEnumValues..cctor()";0.0853;0.0853;0.0853;1;1;1;9;9;0.0852999985218048;0.0853;0.0853;0.0853;1;1;1;1;1;1;0.0853;0.0853;1;1;0
"Unity.RenderPipelines.Universal.Runtime.dll!::Strings..cctor()";0.0804;0.0804;0.0804;1;1;1;5;5;0.0803999998606741;0.0804;0.0804;0.0804;3;3;3;3;1;1;0.0069;0.0453;1;1;0
"UnityEngine.CoreModule.dll!::HashCode64`1..cctor()";0.0792;0.0792;0.0792;1;1;1;13;13;0.0792000005021691;0.0792;0.0792;0.0792;5;5;5;5;1;1;0.0118;0.0182;1;1;0
"Inl_Setup Forward Lights";0.0764;0.0683;9.6408;134;116;1;8;8;83.0041993558407;0.09410907;0.0726;0.0865;882;1;1;1;882;1;0.0683;9.6408;116;1;0.0937
"FindObjectsOfType";0.0751;0.0751;0.0751;1;1;1;4;4;0.0750999972224236;0.0751;0.0751;0.0751;1;1;1;1;1;1;0.0751;0.0751;1;1;0
"Unity.RenderPipelines.Universal.Runtime.dll!UnityEngine.Rendering.Universal::DebugHandler..cctor()";0.0751;0.0751;0.0751;1;1;1;4;4;0.0750999972224236;0.0751;0.0751;0.0751;1;1;1;1;1;1;0.0751;0.0751;1;1;0
"Inl_Setup Light Constants";0.0749;0.0667;8.7355;264;175;1;9;9;80.6579001024365;0.09144887;0.0712;0.0848;882;1;1;1;882;1;0.0667;8.7355;175;1;0.0915
"Unity.RenderPipelines.Universal.Runtime.dll!::ShaderConstants..cctor()";0.0746;0.0746;0.0746;1;1;1;10;10;0.0745999990031123;0.0746;0.0746;0.0746;3;3;3;3;1;1;0.0094;0.0396;1;1;0
"Unity.RenderPipelines.GPUDriven.Runtime.dll!UnityEngine.Rendering::GPUResidentDrawer..cctor()";0.0746;0.0746;0.0746;1;1;1;4;4;0.0745999962091446;0.0746;0.0746;0.0746;1;1;1;1;1;1;0.0746;0.0746;1;1;0
"UnsafeUtility.Malloc";0.07259999;0.07259999;0.07259999;1;1;1;4;9;0.0725999995192979;0.0726;0.07259999;0.07259999;43;43;43;43;1;1;0.0003;0.0058;1;1;0
"File.Open";0.0715;0.0715;0.0715;2;2;2;4;4;0.0715000033378601;0.0715;0.0715;0.0715;1;1;1;1;1;2;0.0715;0.0715;2;2;0
"CullSceneDynamicObjects";0.0715;0.0424;0.1904;415;540;109;11;11;67.5527996495366;0.07800554;0.0536;0.0986;1275;1;1;3;866;1;0.038;0.1904;27;109;0.0951
"CullSendEvents";0.0695;0.0204;1.672;343;24;1;9;9;63.4175000358373;0.07190192;0.0645;0.0766;882;1;1;1;882;1;0.0204;1.672;24;1;0.102
"Inl_NRPRGComp_ExecuteBeginRenderpassCommand";0.0679;0.0629;5.3539;772;138;1;8;8;68.3511996022426;0.07749569;0.06600001;0.0719;6174;7;7;7;882;1;0.0053;5.2321;310;1;0.0715
"Destroy";0.06720001;0.0325;8322.432;2;4;1;5;5;8322.57156705204;2774.19;0.0325;0.06720001;164871;8;1;164862;3;1;0.0029;86.1434;1;1;0
"Unity.RenderPipelines.Universal.Runtime.dll!UnityEngine.Rendering.Universal::UniversalAdditionalCameraData.Start() [Invoke]";0.0658;0.0658;0.0658;1;1;1;5;5;0.0657999962568283;0.0658;0.0658;0.0658;1;1;1;1;1;1;0.0658;0.0658;1;1;0
"UnityEngine.CoreModule.dll!UnityEngine.Rendering::RasterState..cctor()";0.0647;0.0647;0.0647;1;1;1;5;5;0.0646999999880791;0.0647;0.0647;0.0647;1;1;1;1;1;1;0.0647;0.0647;1;1;0
"Inl_Forward+ Setup";0.0645;0.0572;17.3174;828;501;1;9;9;88.5588997602463;0.1004069;0.0611;0.073;882;1;1;1;882;1;0.0572;17.3174;501;1;0.0623
"Assembly-CSharp.dll!::<>c..cctor()";0.0644;0.0644;0.0644;1;1;1;7;7;0.0643999986350536;0.0644;0.0644;0.0644;2;2;2;2;1;1;0.026;0.0384;1;1;0
"UnityEngine.PhysicsModule.dll!UnityEngine::Physics..cctor()";0.0641;0.0641;0.0641;1;1;1;9;9;0.0640999972820282;0.0641;0.0641;0.0641;1;1;1;1;1;1;0.0641;0.0641;1;1;0
"File.Write";0.0582;0.0582;0.0582;2;2;2;4;4;0.0581999979913235;0.0582;0.0582;0.0582;1;1;1;1;1;2;0.0582;0.0582;2;2;0
"Unity.RenderPipelines.Universal.Runtime.dll!UnityEngine.Rendering.Universal::ShaderPropertyId..cctor()";0.0561;0.0561;0.0561;1;1;1;6;6;0.0560999996960163;0.0561;0.0561;0.0561;1;1;1;1;1;1;0.0561;0.0561;1;1;0
"Unity.RenderPipelines.Core.Runtime.dll!UnityEngine.Rendering::CommandBufferPool..cctor()";0.0541;0.0541;0.0541;1;1;1;5;5;0.0540999993681908;0.0541;0.0541;0.0541;1;1;1;1;1;1;0.0541;0.0541;1;1;0
"Bloom";0.053;0.0473;0.2684;564;751;551;9;9;50.206099756062;0.05692302;0.051;0.0573;882;1;1;1;882;1;0.0473;0.2684;751;551;0.0549
"Inl_Bloom";0.0524;0.0472;0.4535;848;827;1;8;8;49.4988997206092;0.0561212;0.051;0.0556;882;1;1;1;882;1;0.0472;0.4535;827;1;0.0512
"Inl_NRPRGComp_ExecuteDestroyResources";0.0523;0.04919999;4.2525;182;336;1;8;8;52.8531996644306;0.05992426;0.0514;0.0546;17640;20;20;20;882;1;0.0002;3.3074;4;1;0.0514
"Inl_NRPRGComp_ExecuteInitializeResources";0.051;0.0468;5.336999;560;386;1;8;8;52.7617995999899;0.05982063;0.04960001;0.0541;17640;20;20;20;882;1;0;3.2457;3;1;0.0519
"Unity.RenderPipelines.Core.Runtime.dll!UnityEngine.Rendering::HashSetPool`1..cctor()";0.0499;0.0499;0.0499;1;1;1;10;10;0.0498999990522861;0.0499;0.0499;0.0499;1;1;1;1;1;1;0.0499;0.0499;1;1;0
"Inl_UniversalRenderPipeline.ComputeShadowCasterCullingInfos";0.0494;0.0447;4.6348;148;475;1;7;7;51.3445997089148;0.05821383;0.0477;0.0548;882;1;1;1;882;1;0.0447;4.6348;475;1;0.0498
"CullObjectsWithoutUmbra";0.0487;0.026;0.1235;49;319;614;12;12;40.8527998998761;0.04717413;0.0307;0.0601;1275;1;1;3;866;1;0.0256;0.1198;20;405;0.0594
"Unity.RenderPipelines.Universal.Runtime.dll!UnityEngine.Rendering.Universal::ColorCurves..ctor() [Invoke]";0.0486;0.0486;0.0486;1;1;1;4;5;0.0485999993979931;0.0486;0.0486;0.0486;2;2;2;2;1;1;0.0231;0.0255;1;1;0
"Shadows.CullShadowCastersDirectional";0.0472;0.0267;0.0655;5;20;14;12;12;1.19219999201596;0.047688;0.0463;0.0486;48;2;1;2;25;2;0.0216;0.0415;2;15;0
"Unity.RenderPipelines.Universal.Runtime.dll!UnityEditor.Rendering.Universal::SceneViewDrawMode..cctor()";0.0458;0.0458;0.0458;1;1;1;4;4;0.0458000004291534;0.0458;0.0458;0.0458;1;1;1;1;1;1;0.0458;0.0458;1;1;0
"Inl_UniversalRenderPipeline.CreateRenderingData";0.0457;0.0349;5.0333;430;138;1;7;7;48.6027997285128;0.05510522;0.0411;0.0545;882;1;1;1;882;1;0.0349;5.0333;138;1;0.0505
"Shadows.CullShadowCastersWithoutUmbra";0.0452;0.0231;0.0637;9;11;14;13;13;1.1447999868542;0.045792;0.0444;0.0468;48;2;1;2;25;2;0.0211;0.0411;2;15;0
"Unity.RenderPipelines.Core.Runtime.dll!UnityEngine.Rendering::CameraCaptureBridge..cctor()";0.0432;0.0432;0.0432;1;1;1;5;5;0.0432000011205673;0.0432;0.0432;0.0432;1;1;1;1;1;1;0.0432;0.0432;1;1;0
"Inl_UpdateVolumeFramework";0.0423;0.0363;5.5956;649;359;1;6;6;45.3677999190986;0.05143742;0.0402;0.0461;882;1;1;1;882;1;0.0363;5.5956;359;1;0.0411
"SRPBShadow.ApplyShader";0.0416;0.0274;0.1792;29;380;670;14;14;37.568999806419;0.04259524;0.0353;0.0461;7056;8;8;8;882;1;0.0009;0.1265;12;670;0.0416
"afterCullingOutputReady.Invoke";0.0405;0.0319;1.6912;790;12;1;8;10;38.6246998151764;0.04379218;0.0391;0.0425;1764;2;2;2;882;1;0.0121;1.6679;138;1;0.0378
"UnityEngine.IMGUIModule.dll!UnityEngine::GUIUtility.SetSkin() [Invoke]";0.04;0.0186;0.2214;616;860;1;3;3;36.8638998214155;0.04179581;0.0319;0.0481;882;1;1;1;882;1;0.0186;0.2214;860;1;0.0321
"TypeCache.New.Query";0.0385;0.0385;0.0385;1;1;1;4;4;0.0384999994421378;0.0385;0.0385;0.0385;2;2;2;2;1;1;0.0009;0.0376;1;1;0
"Unity.RenderPipelines.Core.Runtime.dll!UnityEngine.Rendering::CommandBufferHelpers..cctor()";0.0384;0.0384;0.0384;1;1;1;10;10;0.0383999980986118;0.0384;0.0384;0.0384;1;1;1;1;1;1;0.0384;0.0384;1;1;0
"PreUpdate.SendMouseEvents";0.0378;0.031;3.4905;567;146;1;3;3;39.0103997625411;0.04422948;0.0355;0.0424;882;1;1;1;882;1;0.031;3.4905;146;1;0.0354
"Monobehaviour.OnMouse_";0.0377;0.0308;3.49;245;146;1;4;4;38.8441998232156;0.04404104;0.0353;0.0422;882;1;1;1;882;1;0.0308;3.49;146;1;0.0352
"UnityEngine.InputLegacyModule.dll!UnityEngine::SendMouseEvents.DoSendMouseEvents() [Invoke]";0.0368;0.03;3.4864;567;146;1;5;5;38.0042996965349;0.04308878;0.0344;0.0413;882;1;1;1;882;1;0.03;3.4864;146;1;0.034
"Unity.RenderPipelines.Core.Runtime.dll!::Strings..cctor()";0.0367;0.0367;0.0367;1;1;1;5;5;0.0366999991238117;0.0367;0.0367;0.0367;3;3;3;3;1;1;0.0079;0.0187;1;1;0
"File.Close";0.0365;0.0365;0.0365;2;2;2;4;4;0.0364999994635582;0.0365;0.0365;0.0365;1;1;1;1;1;2;0.0365;0.0365;2;2;0
"Inl_Blit Color LUT";0.0365;0.0328;4.6078;570;456;1;8;8;39.5260998308659;0.04481417;0.0351;0.0408;882;1;1;1;882;1;0.0328;4.6078;456;1;0.0354
"Assembly-CSharp.dll!WFC_Sudoku::TowerDefensePathGenerator..ctor() [Invoke]";0.0365;0.0365;0.0365;1;1;1;8;8;0.0365000001620501;0.0365;0.0365;0.0365;9;9;9;9;1;1;0.003;0.0092;1;1;0
"VolumeManager.Update";0.036;0.0308;4.6031;25;327;1;7;7;38.5170996338129;0.04367018;0.0341;0.0391;882;1;1;1;882;1;0.0308;4.6031;327;1;0.0347
"Assembly-CSharp.dll!WFC_Sudoku::WFCSolver..ctor() [Invoke]";0.0355;0.0355;0.0355;1;1;1;8;8;0.0354999992996454;0.0355;0.0355;0.0355;9;9;9;9;1;1;0.0023;0.0117;1;1;0
"Unity.RenderPipelines.Universal.Runtime.dll!::CameraRenderingScope..cctor()";0.0352;0.0352;0.0352;1;1;1;7;7;0.0351999998092651;0.0352;0.0352;0.0352;1;1;1;1;1;1;0.0352;0.0352;1;1;0
"Graphics.Blit";0.0349;0.0309;0.074;526;151;76;6;7;2.44639999978244;0.04146441;0.0334;0.0484;118;2;2;2;59;1;0.0154;0.037;151;76;0
"Unity.RenderPipelines.Core.Runtime.dll!UnityEngine.Rendering.RenderGraphModule::RenderGraph..cctor()";0.0349;0.0349;0.0349;1;1;1;5;5;0.0348999984562397;0.0349;0.0349;0.0349;1;1;1;1;1;1;0.0349;0.0349;1;1;0
"mscorlib.dll!System.Collections.Generic::List`1..cctor()";0.0344;0.0043;1.3924;2;22;1;4;10;1.43109999457374;0.4770333;0.0043;0.0344;70;1;1;68;3;1;0.0013;0.0606;1;1;0
"Unity.RenderPipelines.GPUDriven.Runtime.dll!::Strings..cctor()";0.0338;0.0338;0.0338;1;1;1;5;5;0.0337999993935227;0.0338;0.0338;0.0338;2;2;2;2;1;1;0.0147;0.0191;1;1;0
"Inl_ColorGradingLUT";0.0338;0.0302;3.3911;421;535;1;9;9;35.7016997672617;0.04047812;0.0324;0.0378;882;1;1;1;882;1;0.0302;3.3911;535;1;0.0328
"Unity.RenderPipelines.Universal.Runtime.dll!::ContextRenderingScope..cctor()";0.0336;0.0336;0.0336;1;1;1;6;6;0.0335999988019466;0.0336;0.0336;0.0336;1;1;1;1;1;1;0.0336;0.0336;1;1;0
"Shadows.ExtractCasters";0.0335;0.0335;0.0335;2;2;2;15;15;0.033500000834465;0.0335;0.0335;0.0335;1;1;1;1;1;2;0.0335;0.0335;2;2;0
"Profiler.RequestScreenshot";0.0335;0.0304;0.5155;526;196;76;5;5;3.24010000750422;0.05491695;0.0314;0.0541;59;1;1;1;59;1;0.0304;0.5155;196;76;0
"SSAO";0.0335;0.0272;0.1302;780;13;111;9;9;32.0162998009473;0.03629966;0.031;0.0374;882;1;1;1;882;1;0.0272;0.1302;13;111;0.0426
"Unity.RenderPipelines.Universal.Runtime.dll!UnityEngine.Rendering.Universal::RenderGraphUtils..cctor()";0.0329;0.0329;0.0329;1;1;1;9;9;0.0328999981284142;0.0329;0.0329;0.0329;1;1;1;1;1;1;0.0329;0.0329;1;1;0
"Unity.RenderPipelines.Core.Runtime.dll!UnityEngine.Rendering.RenderGraphModule::RasterGraphContext..cctor()";0.0327;0.0327;0.0327;1;1;1;10;10;0.0326999984681606;0.0327;0.0327;0.0327;1;1;1;1;1;1;0.0327;0.0327;1;1;0
"Unity.RenderPipelines.GPUDriven.Runtime.dll!::<>c..cctor()";0.0322;0.0322;0.0322;1;1;1;5;5;0.032200001180172;0.0322;0.0322;0.0322;1;1;1;1;1;1;0.0322;0.0322;1;1;0
"Unity.RenderPipelines.Universal.Runtime.dll!UnityEngine.Rendering.Universal::ShadowCulling..cctor()";0.0319;0.0319;0.0319;1;1;1;7;7;0.0318999998271465;0.0319;0.0319;0.0319;1;1;1;1;1;1;0.0319;0.0319;1;1;0
"Unity.RenderPipelines.Core.Runtime.dll!::<>c__11`1..cctor()";0.0311;0.0311;0.0311;1;1;1;8;8;0.0310999993234873;0.0311;0.0311;0.0311;1;1;1;1;1;1;0.0311;0.0311;1;1;0
"GameObject.Activate";0.0309;0.0309;0.0309;1;1;1;6;6;0.0308999996632338;0.0309;0.0309;0.0309;18;18;18;18;1;1;0.0009;0.0034;1;1;0
"Unity.RenderPipelines.Universal.Runtime.dll!::Renderer..cctor()";0.0305;0.0305;0.0305;1;1;1;7;7;0.0305000003427267;0.0305;0.0305;0.0305;1;1;1;1;1;1;0.0305;0.0305;1;1;0
"DrawSkybox";0.0305;0.0262;0.1723;438;610;328;9;9;28.9340998344123;0.0328051;0.0292;0.0324;882;1;1;1;882;1;0.0262;0.1723;610;328;0.0293
"UnityEngine.CoreModule.dll!::AwaitableHandle..cctor()";0.0304;0.0304;0.0304;22;22;22;5;5;0.0304000005125999;0.0304;0.0304;0.0304;1;1;1;1;1;22;0.0304;0.0304;22;22;0
"Unity.RenderPipelines.Core.Runtime.dll!::BlitShaderIDs..cctor()";0.0301;0.0301;0.0301;1;1;1;11;11;0.0300999991595745;0.0301;0.0301;0.0301;1;1;1;1;1;1;0.0301;0.0301;1;1;0
"UnityEngine.CoreModule.dll!UnityEngine.Rendering::RendererList..cctor()";0.0301;0.0301;0.0301;1;1;1;11;11;0.0300999991595745;0.0301;0.0301;0.0301;1;1;1;1;1;1;0.0301;0.0301;1;1;0
"Inl_Setup Camera Properties";0.0299;0.0273;2.0334;875;386;1;8;8;30.2577998125926;0.0343059;0.0288;0.0324;1764;2;2;2;882;1;0.0096;2.0014;31;1;0.0298
"Unity.RenderPipelines.Core.Runtime.dll!UnityEngine.Rendering.RenderGraphModule.NativeRenderPassCompiler::PassBreakAudit..cctor()";0.0293;0.0293;0.0293;1;1;1;10;10;0.0293000005185604;0.0293;0.0293;0.0293;1;1;1;1;1;1;0.0293;0.0293;1;1;0
"EarlyUpdate.PollPlayerConnection";0.0287;0.0156;0.0926;573;444;403;3;3;25.1934998892248;0.02856406;0.0226;0.033;882;1;1;1;882;1;0.0156;0.0926;444;403;0.0202
"Inl_ComputeHashRenderGraph";0.0284;0.0258;2.8428;20;785;1;7;7;30.391299745068;0.03445726;0.0274;0.0312;882;1;1;1;882;1;0.0258;2.8428;785;1;0.0279
"PlayerConnection.Poll";0.0282;0.0154;0.0921;830;444;403;4;4;24.8736998345703;0.02820147;0.0223;0.0326;882;1;1;1;882;1;0.0154;0.0921;444;403;0.0199
"DrawScreenSpaceUI";0.0278;0.0204;0.1652;520;318;824;9;9;25.8195998654701;0.02927392;0.0266;0.0296;1764;2;2;2;882;1;0.0038;0.1575;710;824;0.0287
"Inl_Draw Main Light Shadowmap";0.0265;0.0245;3.8614;299;761;1;8;8;29.1303997114301;0.03302766;0.0258;0.0283;882;1;1;1;882;1;0.0245;3.8614;761;1;0.0365
"PrepareSceneNodesJob";0.026;0.0185;0.1865;222;813;34;11;12;21.5576998833567;0.02825387;0.0236;0.0288;802;1;1;2;763;2;0.017;0.1865;729;34;0.0203
"PreUpdate.NewInputUpdate";0.0259;0.0141;9.0821;848;146;1;3;3;34.2221998237073;0.03880068;0.0219;0.0323;882;1;1;1;882;1;0.0141;9.0821;146;1;0.022
"Update.ScriptRunBehaviourUpdate";0.0256;0.0223;2.4465;552;757;1;3;3;26.5068999603391;0.03005317;0.0244;0.0285;882;1;1;1;882;1;0.0223;2.4465;757;1;0.0249
"BehaviourUpdate";0.0251;0.0217;2.4453;525;36;1;4;4;26.0438999906182;0.02952823;0.0239;0.0279;882;1;1;1;882;1;0.0217;2.4453;36;1;0.0246
"RG_BloomDownsample";0.0248;0.0226;0.0592;710;751;345;10;10;23.5029998831451;0.02664739;0.024;0.0265;882;1;1;1;882;1;0.0226;0.0592;751;345;0.0239
"Inl_RG_BloomDownsample";0.0247;0.022;0.0946;156;279;689;9;9;23.1657998915762;0.02626508;0.0239;0.026;882;1;1;1;882;1;0.022;0.0946;279;689;0.0242
"Inl_UniversalRenderPipeline.CreateCameraData";0.0246;0.0206;3.701;723;173;1;6;6;26.729499887675;0.03030556;0.0233;0.0263;882;1;1;1;882;1;0.0206;3.701;173;1;0.0249
"Camera.RenderSkybox";0.0244;0.0206;0.1645;81;610;328;10;10;23.0713998731226;0.02615805;0.0233;0.0258;882;1;1;1;882;1;0.0206;0.1645;610;328;0.024
"EditorResources.Load";0.0238;0.0101;0.1106;167;761;837;4;4;21.3948998982087;0.02425726;0.0187;0.028;882;1;1;1;882;1;0.0101;0.1106;761;837;0.0194
"Assembly-CSharp.dll!WFC_Sudoku::WFCBlueprintLayer..ctor() [Invoke]";0.0231;0.0231;0.0231;1;1;1;8;8;0.0231000000203494;0.0231;0.0231;0.0231;18;18;18;18;1;1;0.0003;0.0026;1;1;0
"Inl_MainLightShadow";0.0227;0.021;3.2257;354;486;1;9;9;24.9379997644573;0.02827438;0.0222;0.0242;882;1;1;1;882;1;0.021;3.2257;486;1;0.0331
"UnityEngine.AccessibilityModule.dll!::Nested..cctor()";0.0223;0.0223;0.0223;1;1;1;5;5;0.022299999371171;0.0223;0.0223;0.0223;1;1;1;1;1;1;0.0223;0.0223;1;1;0
"Setup Camera Properties";0.022;0.0134;0.0926;485;596;670;9;9;20.2410998919513;0.02294909;0.0166;0.0262;1764;2;2;2;882;1;0.0023;0.0769;480;111;0.0324
"Unity.RenderPipelines.Universal.Runtime.dll!UnityEngine.Rendering.Universal::MotionVectorRenderPass..cctor()";0.0219;0.0219;0.0219;1;1;1;4;4;0.0219000000506639;0.0219;0.0219;0.0219;1;1;1;1;1;1;0.0219;0.0219;1;1;0
"DrawTransparentObjects";0.0213;0.018;0.0834;240;610;4;9;9;20.1709998883307;0.02286961;0.0202;0.0229;882;1;1;1;882;1;0.018;0.0834;610;4;0.0209
"Inl_RenderPipeline.EndCameraRendering";0.021;0.0187;0.813;428;99;1;6;6;20.3807999156415;0.02310748;0.0202;0.0225;882;1;1;1;882;1;0.0187;0.813;99;1;0.0208
"Inl_ScriptableRenderer.SetPerCameraShaderVariables";0.021;0.0189;0.8264;514;470;1;9;9;20.7373998682015;0.02351179;0.0202;0.0228;1764;2;2;2;882;1;0.0066;0.8039;386;1;0.0207
"GUI.Repaint";0.0206;0.0133;0.1546;254;318;824;10;10;19.0236998954788;0.02156882;0.0195;0.022;882;1;1;1;882;1;0.0133;0.1546;318;824;0.0218
"Unity.RenderPipelines.Core.Runtime.dll!UnityEngine.Rendering.RenderGraphModule::RasterRenderGraphPass`1..cctor()";0.02;0.02;0.02;1;1;1;9;9;0.0199999999022111;0.02;0.02;0.02;13;13;13;13;1;1;0.0011;0.0019;1;1;0
"CopyColor";0.0198;0.0139;0.2965;761;196;246;9;10;18.8795999009162;0.02140544;0.0179;0.0226;1764;2;2;2;882;1;0.0059;0.1504;196;246;0.0165
"Inl_SSAO";0.0194;0.0172;1.6863;725;457;1;8;8;19.8599999248981;0.02251701;0.0188;0.0206;882;1;1;1;882;1;0.0172;1.6863;457;1;0.0181
"Inl_RG_BloomUpsample";0.0192;0.0163;0.0626;327;827;352;9;9;17.9441999010742;0.0203449;0.0185;0.0203;882;1;1;1;882;1;0.0163;0.0626;827;352;0.0186
"Inl_Forward+ Upload";0.0189;0.0154;1.0695;169;196;1;10;10;19.0108998641372;0.02155431;0.0179;0.0214;882;1;1;1;882;1;0.0154;1.0695;196;1;0.0189
"mscorlib.dll!System.Collections.Generic::List`1..ctor() [Invoke]";0.01859999;0.01859999;0.01859999;1;1;1;8;8;0.0185999996610917;0.0186;0.01859999;0.01859999;54;54;54;54;1;1;0;0.002;1;1;0
"Inl_CompileRenderGraph";0.0185;0.0162;75.3124;306;475;1;7;7;92.8302007243037;0.1052497;0.0176;0.0205;882;1;1;1;882;1;0.0162;75.3124;475;1;0.019
"EarlyUpdate.RendererNotifyInvisible";0.0184;0.0023;0.2499;292;1;111;3;3;19.8379999112803;0.02249206;0.0165;0.022;882;1;1;1;882;1;0.0023;0.2499;1;111;0.0198
"RG_BloomUpsample";0.0182;0.016;0.2182;310;681;551;10;10;17.5036998856813;0.01984547;0.0176;0.02;882;1;1;1;882;1;0.016;0.2182;681;551;0.0226
"Unity.RenderPipelines.Universal.Runtime.dll!UnityEngine.Rendering.Universal.Internal::DepthNormalOnlyPass..cctor()";0.018;0.018;0.018;1;1;1;5;5;0.0179999992251396;0.018;0.018;0.018;1;1;1;1;1;1;0.018;0.018;1;1;0
"Unity.RenderPipelines.Core.Runtime.dll!::Table..cctor()";0.0179;0.0179;0.0179;1;1;1;4;4;0.0178999993950129;0.0179;0.0179;0.0179;1;1;1;1;1;1;0.0179;0.0179;1;1;0
"Unity.RenderPipelines.Core.Runtime.dll!UnityEngine.Rendering::STP..cctor()";0.0178;0.0178;0.0178;1;1;1;5;5;0.0177999995648861;0.0178;0.0178;0.0178;1;1;1;1;1;1;0.0178;0.0178;1;1;0
"Unity.RenderPipelines.Universal.Runtime.dll!::Context..cctor()";0.0178;0.0178;0.0178;1;1;1;7;7;0.0177999995648861;0.0178;0.0178;0.0178;1;1;1;1;1;1;0.0178;0.0178;1;1;0
"BeginRenderQueueExtraction";0.0178;0.0134;0.5114;445;74;27;8;9;20.8506998987868;0.02364025;0.0161;0.02;1764;2;2;2;882;1;0.0057;0.5047;76;27;0.0179
"Inl_UniversalRenderPipeline.CreateShadowData";0.0177;0.0133;1.2221;126;138;1;8;8;18.3188999230042;0.02076973;0.016;0.0206;882;1;1;1;882;1;0.0133;1.2221;138;1;0.02
"Unity.RenderPipelines.Universal.Runtime.dll!UnityEngine.Rendering.Universal::ShaderUtils..cctor()";0.0175;0.0175;0.0175;1;1;1;10;10;0.0175000000745058;0.0175;0.0175;0.0175;1;1;1;1;1;1;0.0175;0.0175;1;1;0
"Unity.RenderPipelines.Universal.Runtime.dll!::ShaderProperties..cctor()";0.0174;0.0174;0.0174;1;1;1;11;11;0.017400000244379;0.0174;0.0174;0.0174;1;1;1;1;1;1;0.0174;0.0174;1;1;0
"NativeArrayDisposeJob";0.0168;0.0002;0.0275;6;13;23;10;10;0.29910000009113;0.01424286;0.0059;0.0191;34;2;1;3;21;2;0.0001;0.0255;14;23;0
"ComputeShadowSplitMasks";0.0168;0.0111;0.0186;16;15;14;11;11;0.112800000235438;0.01611429;0.0151;0.0171;7;1;1;1;7;9;0.0111;0.0186;15;14;0
"Unity.RenderPipelines.Universal.Runtime.dll!UnityEngine.Rendering.Universal::ScreenSpaceLensFlare..ctor() [Invoke]";0.0167;0.0167;0.0167;1;1;1;4;5;0.0167000000365078;0.0167;0.0167;0.0167;2;2;2;2;1;1;0.0057;0.011;1;1;0
"Unity.RenderPipelines.Universal.Runtime.dll!::AdditionalShadowsConstantBuffer..cctor()";0.0166;0.0166;0.0166;1;1;1;10;10;0.0165999997407198;0.0166;0.0166;0.0166;1;1;1;1;1;1;0.0166;0.0166;1;1;0
"Inl_UniversalRenderPipeline.InitializeAdditionalCameraData";0.0165;0.0133;2.8168;510;107;1;6;6;18.2843998093158;0.02073061;0.0154;0.0176;882;1;1;1;882;1;0.0133;2.8168;107;1;0.0168
"Setup Forward Lights";0.0161;0.0113;0.141;518;590;16;9;9;14.9852999635041;0.01699014;0.0141;0.0181;882;1;1;1;882;1;0.0113;0.141;590;16;0.0148
"Unity.RenderPipelines.Universal.Runtime.dll!UnityEngine.Rendering.Universal::TemporalAA..cctor()";0.0158;0.0158;0.0158;1;1;1;7;7;0.0157999992370605;0.0158;0.0158;0.0158;1;1;1;1;1;1;0.0158;0.0158;1;1;0
"Assembly-CSharp.dll!WFC_Sudoku::CellularAutomataModifier..ctor() [Invoke]";0.0156;0.0156;0.0156;1;1;1;8;8;0.015599999926053;0.0156;0.0156;0.0156;9;9;9;9;1;1;0.0015;0.0021;1;1;0
"ScheduleUpdateRendererBoundingVolumes";0.0152;0.0152;0.0152;1;1;1;4;4;0.0152000002563;0.0152;0.0152;0.0152;1;1;1;1;1;1;0.0152;0.0152;1;1;0
"PostLateUpdate.UpdateAudio";0.0152;0.0103;0.0517;286;437;563;3;3;14.1409999337047;0.01603288;0.0143;0.0171;882;1;1;1;882;1;0.0103;0.0517;437;563;0.0142
"AssetDatabase.GetGUIDFromAssetPathV2";0.0151;0.0066;0.102;776;761;837;5;5;13.7630999307148;0.01560442;0.0115;0.0179;1764;2;2;2;882;1;0.0012;0.0986;761;837;0.0131
"GetComponentNullErrorWrapper";0.015;0.015;0.015;1;1;1;8;8;0.0149999996065162;0.015;0.015;0.015;36;36;36;36;1;1;0.0002;0.0009;1;1;0
"Unity.RenderPipelines.Core.Runtime.dll!UnityEngine.Rendering::Blitter..cctor()";0.0149;0.0149;0.0149;1;1;1;5;5;0.0148999998345971;0.0149;0.0149;0.0149;1;1;1;1;1;1;0.0149;0.0149;1;1;0
"UnityEngine.InputModule.dll!UnityEngineInternal.Input::NativeInputSystem.NotifyBeforeUpdate() [Invoke]";0.0149;0.0069;6.9934;105;146;1;4;4;21.5620999946259;0.02444682;0.0126;0.0186;882;1;1;1;882;1;0.0069;6.9934;146;1;0.0122
"Unity.RenderPipelines.Universal.Runtime.dll!::MainLightShadowConstantBuffer..cctor()";0.0148;0.0148;0.0148;1;1;1;10;10;0.0148000000044703;0.0148;0.0148;0.0148;1;1;1;1;1;1;0.0148;0.0148;1;1;0
"CullAllVisibleLights";0.0147;0.0095;1.6017;781;91;2;9;9;26.0635998165235;0.02955057;0.0137;0.0161;882;1;1;1;882;1;0.0095;1.6017;91;2;0.017
"FixedUpdate.Physics2DFixedUpdate";0.0147;0.0095;0.3163;691;410;1;3;3;14.8739999425597;0.01686395;0.0135;0.0175;1799;2;1;17;882;1;0.0019;0.3163;3;1;0.0101
"Unity.RenderPipelines.Universal.Runtime.dll!UnityEngine.Rendering.Universal::ScreenSpaceAmbientOcclusionPass..cctor()";0.0145;0.0145;0.0145;1;1;1;4;4;0.0144999995827675;0.0145;0.0145;0.0145;1;1;1;1;1;1;0.0145;0.0145;1;1;0
"UnityEngine.CoreModule.dll!::ExecuteJobFunction.Invoke() [Invoke]";0.0143;0.0043;0.0308;12;19;13;11;11;0.278799997235183;0.01467368;0.0123;0.0167;29;2;1;2;19;2;0.0008;0.0308;2;13;0
"Shadows.SplitAndSortCasters";0.0142;0.0006;0.0488;309;271;314;15;15;10.786799939;0.01453747;0.0125;0.0174;1429;2;1;4;742;1;0.0004;0.0401;62;475;0.0173
"AudioManager.Update";0.0139;0.0092;0.0503;830;550;563;4;4;12.9772999407724;0.01471349;0.0131;0.0156;882;1;1;1;882;1;0.0092;0.0503;550;563;0.0133
"LargeAllocation.Alloc";0.0138;0.0066;1.1519;25;18;1;6;11;1.26479999627918;0.1581;0.0116;0.0219;38;1;1;29;8;1;0.0066;0.15;18;1;0
"PlayerEndOfFrame";0.0137;0.0076;0.5296;231;410;76;3;3;16.4066999582574;0.0186017;0.0127;0.0165;882;1;1;1;882;1;0.0076;0.5296;410;76;0.0132
"Unity.RenderPipelines.Universal.Runtime.dll!::ShaderProperty..cctor()";0.0136;0.0136;0.0136;1;1;1;12;12;0.0136000001803041;0.0136;0.0136;0.0136;1;1;1;1;1;1;0.0136;0.0136;1;1;0
"Inl_UniversalRenderPipeline.CreateLightData";0.0136;0.0106;0.9256;336;166;1;8;8;14.0309999305755;0.01590816;0.0124;0.0163;882;1;1;1;882;1;0.0106;0.9256;166;1;0.0147
"EditorConnection.PollAllCustomMessages";0.0135;0.0065;0.053;231;444;670;5;5;11.8002999401651;0.01337903;0.0102;0.0155;882;1;1;1;882;1;0.0065;0.053;444;670;0.0088
"Blit Color LUT";0.0134;0.0086;0.1025;186;413;519;9;9;11.9073999468237;0.01350045;0.0104;0.0147;882;1;1;1;882;1;0.0086;0.1025;413;519;0.0133
"Inl_RG_UberPost";0.0133;0.0116;0.7069;692;557;1;8;8;13.6089999331161;0.01542971;0.0129;0.0146;882;1;1;1;882;1;0.0116;0.7069;557;1;0.0125
"Unity.RenderPipelines.Core.Runtime.dll!UnityEngine.Rendering.RenderGraphModule::RenderGraphResourcePool`1..cctor()";0.0132;0.0132;0.0132;1;1;1;4;4;0.0131999999284744;0.0132;0.0132;0.0132;2;2;2;2;1;1;0.0056;0.0076;1;1;0
"TileRangeExpansionJob (Burst)";0.013;0.002;0.0275;18;3;13;10;10;0.318699998548254;0.01385652;0.0115;0.0143;23;1;1;1;23;2;0.002;0.0275;3;13;0
"Shadows.ExtractShaderPassContext";0.013;0.009400001;0.098;654;499;670;13;13;11.9415999171906;0.01353923;0.0115;0.0144;7056;8;8;8;882;1;0.0007;0.073;440;670;0.0126
"EditorConnection.CheckForIncomingConnections";0.0129;0.0072;0.0475;2;815;403;5;5;11.5852999384515;0.01313526;0.0107;0.0151;882;1;1;1;882;1;0.0072;0.0475;815;403;0.0098
"ColorGradingLUT";0.0126;0.008;0.1014;63;413;519;10;10;11.080599932;0.01256304;0.0096;0.0138;882;1;1;1;882;1;0.008;0.1014;413;519;0.0125
"UpdateReflectionProbeAtlas";0.0125;0.0084;0.0953;377;278;16;10;10;11.7140999389812;0.01328129;0.011;0.0142;882;1;1;1;882;1;0.0084;0.0953;278;16;0.0112
"Unity.RenderPipelines.Core.Runtime.dll!UnityEngine.Rendering::DebugUpdater.Update() [Invoke]";0.0124;0.0105;2.2071;558;57;1;5;5;13.9157998645678;0.01577755;0.0118;0.0137;882;1;1;1;882;1;0.0105;2.2071;57;1;0.0122
"Inl_RG_BloomSetup";0.0119;0.0106;0.418;107;219;1;9;9;11.565699974075;0.01311304;0.0114;0.0127;882;1;1;1;882;1;0.0106;0.418;219;1;0.0124
"Inl_RG_UberPostSetupBloomPass";0.0119;0.0101;0.1486;846;89;1;9;9;11.5287999417633;0.0130712;0.0112;0.0134;882;1;1;1;882;1;0.0101;0.1486;89;1;0.012
"PhysX.ScScene.postBroadPhase2";0.0118;0.0047;0.6999;602;402;22;7;7;14.3443999720039;0.01626349;0.0111;0.0133;1799;2;1;17;882;1;0.0016;0.6918;792;22;0.0064
"ApplyPass.PrepareKeywords";0.0115;0.0085;0.1298;9;367;328;12;15;10.6056998078348;0.0120246;0.0107;0.0124;32634;37;37;37;882;1;0.0001;0.1188;1;328;0.0128
"Inl_CopyColor";0.0109;0.0095;0.3557;711;214;1;8;9;10.4932999522425;0.01189717;0.0105;0.0116;1764;2;2;2;882;1;0.0036;0.3331;204;1;0.0108
"Unity.RenderPipelines.Universal.Runtime.dll!UnityEngine.Rendering.Universal.Internal::DepthOnlyPass..cctor()";0.0108;0.0108;0.0108;1;1;1;5;5;0.0108000002801418;0.0108;0.0108;0.0108;1;1;1;1;1;1;0.0108;0.0108;1;1;0
"Profiler.CollectLegacyStats";0.0106;0.0091;0.045;830;301;784;2;2;10.0133999353275;0.01135306;0.0101;0.0117;882;1;1;1;882;1;0.0091;0.045;301;784;0.0147
"Unity.RenderPipelines.Core.Runtime.dll!UnityEngine.Rendering::DelegateHashCodeUtils..cctor()";0.0105;0.0105;0.0105;1;1;1;9;9;0.010499999858439;0.0105;0.0105;0.0105;1;1;1;1;1;1;0.0105;0.0105;1;1;0
"Physics.FetchPhysXResults";0.0104;0.0073;0.2255;805;616;158;7;7;10.4283999585314;0.01182358;0.0096;0.0123;1799;2;1;17;882;1;0.0011;0.1132;401;158;0.0082
"Inl_UniversalRenderPipeline.SetupPerCameraShaderConstants";0.0102;0.0085;1.0123;81;89;1;7;7;10.570399983786;0.01198458;0.0096;0.0109;882;1;1;1;882;1;0.0085;1.0123;89;1;0.0102
"Assembly-CSharp.dll!WFC_Sudoku::WFCBuildLayer..ctor() [Invoke]";0.01;0.01;0.01;1;1;1;8;8;0.00999999971827492;0.01;0.01;0.01;18;18;18;18;1;1;0.0002;0.0011;1;1;0
"PreLateUpdate.UIElementsUpdatePanels";0.0098;0.0073;1.6847;797;474;2;3;3;10.7341999486089;0.01217029;0.0088;0.0112;882;1;1;1;882;1;0.0073;1.6847;474;2;0.0082
"Unity.RenderPipelines.Core.Runtime.dll!::TypeId`1..cctor()";0.0096;0.0096;0.0096;1;1;1;7;9;0.00959999999031425;0.0096;0.0096;0.0096;7;7;7;7;1;1;0.0011;0.0017;1;1;0
"Mesh.AwakeFromLoad";0.0096;0.0096;0.0096;1;1;1;4;4;0.00959999952465296;0.0096;0.0096;0.0096;1;1;1;1;1;1;0.0096;0.0096;1;1;0
"ZBinningJob (Burst)";0.0096;0.0074;0.02;21;16;13;10;10;0.264799998607486;0.010592;0.0088;0.0109;25;1;1;1;25;2;0.0074;0.02;16;13;0
"Inl_UniversalRenderPipeline.GetMainLightIndex";0.0095;0.0071;0.5319;413;53;1;9;9;9.69649994233623;0.01099376;0.0086;0.0113;882;1;1;1;882;1;0.0071;0.5319;53;1;0.0101
"Inl_Initialize Frame";0.0094;0.0082;1.5592;319;58;1;8;8;10.4986999947578;0.01190329;0.0089;0.0105;882;1;1;1;882;1;0.0082;1.5592;58;1;0.0098
"RG_BloomPrefilter";0.0094;0.007;0.0517;362;634;328;10;10;8.86179995397106;0.01004739;0.0086;0.0105;882;1;1;1;882;1;0.007;0.0517;634;328;0.0082
"Assembly-CSharp.dll!WFC_Sudoku::ShrinkModifier..ctor() [Invoke]";0.0093;0.0093;0.0093;1;1;1;8;8;0.00930000003427267;0.0093;0.0093;0.0093;9;9;9;9;1;1;0.0009;0.0016;1;1;0
"Assembly-CSharp.dll!WFC_Sudoku::AddModifier..ctor() [Invoke]";0.0092;0.0092;0.0092;1;1;1;8;8;0.00920000008773059;0.0092;0.0092;0.0092;9;9;9;9;1;1;0.0007;0.0017;1;1;0
"Profiler.FlushCountersWithFlushOnEndOfFrame";0.0091;0.0073;0.0512;46;623;464;2;2;8.37429995415732;0.009494672;0.0086;0.0097;882;1;1;1;882;1;0.0073;0.0512;623;464;0.0136
"EarlyUpdate.PhysicsResetInterpolatedTransformPosition";0.0091;0.0068;0.022;134;584;34;3;3;8.08329995069653;0.009164739;0.0082;0.0099;882;1;1;1;882;1;0.0068;0.022;584;34;0.0097
"Physics.PublishResultsStage";0.0089;0.0049;0.8864;675;313;1;4;4;10.0627999420976;0.01140907;0.0076;0.0118;1799;2;1;17;882;1;0.0009;0.8864;401;1;0.0061
"Unity.RenderPipelines.Core.Runtime.dll!UnityEngine.Rendering::FrameTimeSampleHistory..cctor()";0.0088;0.0088;0.0088;1;1;1;4;4;0.00879999995231628;0.0088;0.0088;0.0088;1;1;1;1;1;1;0.0088;0.0088;1;1;0
"UnityEngine.InputModule.dll!UnityEngineInternal.Input::NativeInputSystem.NotifyUpdate() [Invoke]";0.0088;0.0052;2.056;808;146;1;4;4;10.5496999481693;0.01196111;0.0073;0.0109;882;1;1;1;882;1;0.0052;2.056;146;1;0.0076
"Unity.RenderPipelines.Universal.Runtime.dll!UnityEngine.Rendering.Universal::DepthOfField..ctor() [Invoke]";0.0087;0.0087;0.0087;1;1;1;4;5;0.00870000012218952;0.0087;0.0087;0.0087;2;2;2;2;1;1;0.0041;0.0046;1;1;0
"UnityEngine.UIElementsModule.dll!UnityEngine.UIElements::UIElementsRuntimeUtilityNative.UpdatePanels() [Invoke]";0.0087;0.0065;1.6827;664;474;2;4;4;9.72659999644384;0.01102789;0.0079;0.0099;882;1;1;1;882;1;0.0065;1.6827;474;2;0.0073
"mscorlib.dll!System.Runtime.CompilerServices::AsyncTaskMethodBuilder`1..cctor()";0.0086;0.0086;0.0086;1;1;1;5;5;0.00860000029206276;0.0086;0.0086;0.0086;1;1;1;1;1;1;0.0086;0.0086;1;1;0
"FrameEvents.NewInputBeforeRenderUpdate";0.0086;0.0042;0.032;675;531;292;3;3;7.09739995701239;0.008046939;0.0055;0.0096;882;1;1;1;882;1;0.0042;0.032;531;292;0.0065
"Inl_UniversalRenderPipeline.InitializeStackedCameraData";0.0084;0.0071;1.227;686;132;1;7;7;9.21009995602071;0.01044229;0.0081;0.009;882;1;1;1;882;1;0.0071;1.227;132;1;0.0085
"UnityEngine.InputModule.dll!UnityEngineInternal.Input::NativeInputSystem.ShouldRunUpdate() [Invoke]";0.0084;0.0056;0.1475;873;690;320;4;4;7.88159995264141;0.008936054;0.0072;0.0096;3563;4;3;19;882;1;0.0003;0.1417;3;320;0.0068
"UnityEngine.IMGUIModule.dll!UnityEngine::Event.Internal_MakeMasterEventCurrent() [Invoke]";0.0083;0.0042;0.1363;208;318;824;11;11;7.68879995960742;0.008717461;0.0076;0.009;882;1;1;1;882;1;0.0042;0.1363;318;824;0.009
"Unity.RenderPipelines.Core.Runtime.dll!UnityEngine.Rendering.RenderGraphModule.NativeRenderPassCompiler::LoadAudit..cctor()";0.0082;0.0082;0.0082;1;1;1;10;10;0.00820000004023314;0.0082;0.0082;0.0082;1;1;1;1;1;1;0.0082;0.0082;1;1;0
"RG_UberPost";0.0082;0.0066;0.0219;51;473;161;9;9;7.67669996479526;0.008703741;0.0078;0.0088;882;1;1;1;882;1;0.0066;0.0219;473;161;0.0083
"Inl_Setup Main Shadowmap";0.0082;0.0071;0.6816;815;342;1;9;9;8.7452999362722;0.009915306;0.0078;0.0096;882;1;1;1;882;1;0.0071;0.6816;342;1;0.0084
"Unity.RenderPipelines.Core.Runtime.dll!UnityEngine.Rendering::APVDefinitions..cctor()";0.0081;0.0081;0.0081;1;1;1;8;8;0.00810000021010637;0.0081;0.0081;0.0081;1;1;1;1;1;1;0.0081;0.0081;1;1;0
"LowLevelPhysics2D.PhysicsWorld.SimulateBatch";0.008099999;0.0053;0.307;513;372;1;4;4;8.32519997224881;0.009439002;0.0076;0.0094;2681;3;2;18;882;1;0;0.3068;3;1;0.0063
"Physics.Raycast";0.008;0.0066;0.1167;326;186;124;6;6;7.54619996575639;0.008555782;0.0076;0.0087;882;1;1;1;882;1;0.0066;0.1167;186;124;0.0076
"Profiler.CollectPhysicsStats";0.008;0.0061;0.019;760;14;34;4;4;7.17599996132776;0.008136055;0.0072;0.0088;882;1;1;1;882;1;0.0061;0.019;14;34;0.0086
"Unity.RenderPipelines.Universal.Runtime.dll!UnityEngine.Rendering.Universal::Bloom..ctor() [Invoke]";0.0079;0.0079;0.0079;1;1;1;4;5;0.00790000008419156;0.0079;0.0079;0.0079;2;2;2;2;1;1;0.0036;0.0043;1;1;0
"Image.AllocateImageData";0.0078;0.0035;0.385;46;1;76;6;6;0.456099990522489;0.04146364;0.0051;0.0083;11;1;1;1;11;1;0.0035;0.385;1;76;0
"Inl_DrawOpaqueObjects";0.0078;0.0062;0.5366;186;562;1;8;8;7.76469995733351;0.008803515;0.0073;0.0085;882;1;1;1;882;1;0.0062;0.5366;562;1;0.008
"VolumeManager.ReplaceData";0.0078;0.0063;1.1824;239;451;1;8;8;8.71459994930774;0.009880499;0.0074;0.0086;882;1;1;1;882;1;0.0063;1.1824;451;1;0.0076
"CullSceneDynamicObjectsCombineJob";0.0077;0.0047;0.0089;858;497;859;10;10;0.583999996539205;0.0073;0.0066;0.008;80;1;1;1;80;2;0.0047;0.0089;497;859;0
"Unity.RenderPipelines.Universal.Runtime.dll!UnityEngine.Rendering.Universal::Tonemapping..ctor() [Invoke]";0.0076;0.0076;0.0076;1;1;1;4;5;0.00759999989531934;0.0076;0.0076;0.0076;2;2;2;2;1;1;0.0035;0.0041;1;1;0
"Audio.FMODSystemUpdate";0.0074;0.0034;0.0418;141;715;563;5;5;6.66669996106066;0.007558617;0.0069;0.0081;882;1;1;1;882;1;0.0034;0.0418;715;563;0.0073
"Profiler.SessionMetadata";0.0073;0.0073;0.012;1;1;2;1;1;0.0192999999635504;0.00965;0.0073;0.0073;28;14;14;14;2;1;0.0001;0.0068;2;2;0
"Unity.Collections.dll!Unity.Collections::AllocatorManager..cctor()";0.0073;0.0073;0.0073;1;1;1;10;10;0.00730000017210841;0.0073;0.0073;0.0073;1;1;1;1;1;1;0.0073;0.0073;1;1;0
"InputSystemPlayerLoopRunnerInitializationSystem";0.0073;0.0045;0.3218;431;11;1;3;3;7.22969994693995;0.008196939;0.0062;0.0085;882;1;1;1;882;1;0.0045;0.3218;11;1;0.0059
"Unity.RenderPipelines.Core.Runtime.dll!UnityEngine.Rendering::ProbeVolumesOptions..ctor() [Invoke]";0.0072;0.0072;0.0072;1;1;1;4;5;0.00720000010915101;0.0072;0.0072;0.0072;2;2;2;2;1;1;0.0032;0.004;1;1;0
"Unity.RenderPipelines.Universal.Runtime.dll!UnityEngine.Rendering.Universal::ColorLookup..ctor() [Invoke]";0.0072;0.0072;0.0072;1;1;1;4;5;0.00720000010915101;0.0072;0.0072;0.0072;2;2;2;2;1;1;0.0031;0.0041;1;1;0
"PhysX.BpSAP.postUpdateWork";0.0071;0.0071;0.0071;1;1;1;7;7;0.0071000000461936;0.0071;0.0071;0.0071;1;1;1;1;1;1;0.0071;0.0071;1;1;0
"Physics.SwapPhysXBuffersJob";0.0071;0.005;0.1117;690;616;158;8;8;7.16079995658947;0.00811882;0.0066;0.0085;1799;2;1;17;882;1;0.0007;0.1028;401;158;0.0061
"Unity.RenderPipelines.Universal.Runtime.dll!UnityEngine.Rendering.Universal::ColorAdjustments..ctor() [Invoke]";0.007;0.007;0.007;1;1;1;4;5;0.00699999998323619;0.007;0.007;0.007;2;2;2;2;1;1;0.0029;0.0041;1;1;0
"Unity.RenderPipelines.Universal.Runtime.dll!UnityEngine.Rendering.Universal::XRDepthMotionPass..cctor()";0.0069;0.0069;0.0069;1;1;1;4;4;0.00689999992027879;0.0069;0.0069;0.0069;1;1;1;1;1;1;0.0069;0.0069;1;1;0
"Profiler.ScreenshotUpdate";0.0069;0.0016;0.5224;485;410;76;4;4;10.4720999653218;0.01187313;0.0063;0.0084;882;1;1;1;882;1;0.0016;0.5224;410;76;0.0064
"Unity.RenderPipelines.Core.Runtime.dll!UnityEngine.Rendering::SerializedDictionary`4.OnBeforeSerialize() [Invoke]";0.0068;0.0068;0.0068;1;1;1;4;4;0.0067999999737367;0.0068;0.0068;0.0068;4;4;4;4;1;1;0.0014;0.0019;1;1;0
"LowLevelPhysics2D.PhysicsWorld.Simulate";0.0068;0.0043;0.3049;196;410;1;5;5;7.02799995348323;0.007968253;0.0063;0.0079;1799;2;1;17;882;1;0.001;0.3049;401;1;0.0051
"InputUpdate";0.0068;0.004;1.9746;363;146;1;5;5;8.59249992156401;0.009742063;0.0056;0.0085;882;1;1;1;882;1;0.004;1.9746;146;1;0.0061
"Inl_UpdateReflectionProbeAtlas";0.0068;0.0059;0.2612;590;12;1;10;10;7.04859997006133;0.00799161;0.0065;0.0078;882;1;1;1;882;1;0.0059;0.2612;12;1;0.0061
"UnityEngine.InputLegacyModule.dll!UnityEngine::SendMouseEvents..cctor()";0.0066;0.0066;0.0066;1;1;1;7;7;0.00659999996423721;0.0066;0.0066;0.0066;1;1;1;1;1;1;0.0066;0.0066;1;1;0
"Shadows.CullingCallbacks";0.0066;0.0042;0.0585;538;782;36;8;8;6.83959996467456;0.007754649;0.0056;0.0089;882;1;1;1;882;1;0.0042;0.0585;782;36;0.0063
"Physics.SendEvents";0.0065;0.0032;0.8838;294;410;1;5;5;7.61939993454143;0.008638775;0.0053;0.0089;1799;2;1;17;882;1;0.0006;0.8838;160;1;0.0046
"UpdateScreenManagerAndInput";0.0065;0.0025;0.0324;837;764;451;3;3;6.28459996730089;0.007125397;0.0049;0.0088;882;1;1;1;882;1;0.0025;0.0324;764;451;0.0051
"Unity.RenderPipelines.Core.Runtime.dll!::Styles..cctor()";0.0063;0.0063;0.0063;1;1;1;5;5;0.00630000000819564;0.0063;0.0063;0.0063;1;1;1;1;1;1;0.0063;0.0063;1;1;0
"Unity.RenderPipelines.Universal.Runtime.dll!UnityEngine.Rendering.Universal::ChannelMixer..ctor() [Invoke]";0.0063;0.0063;0.0063;1;1;1;4;5;0.00630000000819564;0.0063;0.0063;0.0063;2;2;2;2;1;1;0.0022;0.0041;1;1;0
"Inl_ScriptableRenderer.AddRenderPasses";0.0063;0.0048;1.0954;208;791;1;7;7;7.21899994369596;0.008184807;0.0059;0.0073;882;1;1;1;882;1;0.0048;1.0954;791;1;0.006
"Material.SetPassFast";0.0062;0.0048;0.1287;30;383;328;11;11;6.13179996795952;0.006952154;0.0058;0.0067;882;1;1;1;882;1;0.0048;0.1287;383;328;0.0062
"enterPlayModePostStart.Invoke";0.0061;0.0061;0.0061;1;1;1;3;3;0.00609999988228083;0.0061;0.0061;0.0061;1;1;1;1;1;1;0.0061;0.0061;1;1;0
"Unity.RenderPipelines.Core.Runtime.dll!UnityEngine.Rendering::RTHandles..cctor()";0.0061;0.0061;0.0061;1;1;1;5;5;0.00609999988228083;0.0061;0.0061;0.0061;1;1;1;1;1;1;0.0061;0.0061;1;1;0
"UnityEngine.CoreModule.dll!UnityEngine.Rendering::ScriptableRenderContext..cctor()";0.006;0.006;0.006;1;1;1;4;4;0.00600000005215406;0.006;0.006;0.006;1;1;1;1;1;1;0.006;0.006;1;1;0
"UnityEngine.CoreModule.dll!UnityEngine.Rendering::SupportedRenderingFeatures.IsLightmapBakeTypeSupportedByRef() [Invoke]";0.0059;0.0037;0.3621;43;97;1;9;9;5.90149997570552;0.006691043;0.005;0.0071;882;1;1;1;882;1;0.0037;0.3621;97;1;0.0064
"Gfx.EndAsyncJobFrame";0.0059;0.0033;0.0165;200;275;1;3;6;5.36439997732668;0.006082086;0.0053;0.0067;2656;3;3;11;882;1;0.0001;0.014;2;719;0.0056
"Unity.RenderPipelines.Universal.Runtime.dll!UnityEngine.Rendering.Universal::ShadowsMidtonesHighlights..ctor() [Invoke]";0.0058;0.0058;0.0058;1;1;1;4;5;0.0058000001590699;0.0058;0.0058;0.0058;2;2;2;2;1;1;0.0027;0.0031;1;1;0
"Mesh.CreateMesh";0.0057;0.0057;0.0057;1;1;1;5;5;0.00570000009611249;0.0057;0.0057;0.0057;1;1;1;1;1;1;0.0057;0.0057;1;1;0
"mscorlib.dll!System.Collections.Generic::ArraySortHelper`1..cctor()";0.0057;0.0057;0.0057;1;1;1;4;4;0.00570000009611249;0.0057;0.0057;0.0057;2;2;2;2;1;1;0.0027;0.003;1;1;0
"TimeUpdate.WaitForLastPresentationAndUpdateTime";0.0057;0.0039;34.1875;574;593;835;3;3;97.5791994319297;0.110634;0.0051;0.0066;882;1;1;1;882;1;0.0039;34.1875;593;835;0.0045
"Unity.RenderPipelines.Core.Runtime.dll!UnityEngine.Rendering.RenderGraphModule.NativeRenderPassCompiler::StoreAudit..cctor()";0.0056;0.0056;0.0056;1;1;1;10;10;0.00559999980032444;0.0056;0.0056;0.0056;1;1;1;1;1;1;0.0056;0.0056;1;1;0
"UnityEngine.CoreModule.dll!::UpdateFunction.Invoke() [Invoke]";0.0056;0.0032;0.3187;689;11;1;4;4;5.67819996061735;0.006437868;0.0048;0.0066;882;1;1;1;882;1;0.0032;0.3187;11;1;0.0047
"Shadows.CullDirectionalShadowCasters";0.0055;0.0034;0.8899;707;91;9;10;10;13.7803998868912;0.01562404;0.0049;0.0062;882;1;1;1;882;1;0.0034;0.8899;91;9;0.006
"PreLateUpdate.ParticleSystemBeginUpdateAll";0.0055;0.0046;0.0299;724;50;713;3;3;5.21799998031929;0.0059161;0.0052;0.0061;882;1;1;1;882;1;0.0046;0.0299;50;713;0.005
"ParticleSystem.Update";0.0054;0.0044;0.0297;275;50;713;4;4;5.08369997655973;0.005763832;0.0051;0.006;882;1;1;1;882;1;0.0044;0.0297;50;713;0.0049
"WaitForRenderJobs";0.0054;0.0031;0.0157;525;275;1;4;7;4.95619997500762;0.005619274;0.0049;0.0062;2656;3;3;11;882;1;0;0.0138;2;719;0.0053
"Update.ScriptRunDelayedTasks";0.0054;0.004;8.5268;582;187;22;3;3;20.0206001019105;0.02269909;0.0049;0.0062;882;1;1;1;882;1;0.004;8.5268;187;22;0.0045
"Physics.PrepareSimulationStage";0.0054;0.0029;5.0159;207;103;17;4;4;17.8597996865865;0.02024921;0.0046;0.0062;1799;2;1;17;882;1;0.0008;4.9251;3;17;0.003
"Unity.RenderPipelines.Universal.Runtime.dll!UnityEngine.Rendering.Universal::FilmGrain..ctor() [Invoke]";0.0053;0.0053;0.0053;1;1;1;4;5;0.00530000007711351;0.0053;0.0053;0.0053;2;2;2;2;1;1;0.002;0.0033;1;1;0
"PrepareSceneCullingParameters";0.0053;0.0039;0.0431;530;91;743;8;8;4.95309998001903;0.00561576;0.005;0.0057;882;1;1;1;882;1;0.0039;0.0431;91;743;0.0054
"PhysX.ScScene.destroyManagers";0.0053;0.0012;0.7597;576;71;23;7;7;7.99819995998405;0.009068254;0.004;0.0063;1799;2;1;17;882;1;0.0005;0.7521;64;23;0.0027
"FixedUpdate.NewInputFixedUpdate";0.0053;0.002;0.1465;692;474;320;3;3;5.39889998274157;0.006121202;0.0042;0.007;1799;2;1;17;882;1;0.0005;0.1439;34;320;0.0026
"UnityEngine.CoreModule.dll!UnityEngine.Experimental.Rendering::ScriptableRuntimeReflectionSystemWrapper.Internal_ScriptableRuntimeReflectionSystemWrapper_TickRealtimeProbes() [Invoke]";0.0052;0.004;0.3859;561;102;1;3;3;5.42449996434152;0.006150227;0.0049;0.0057;882;1;1;1;882;1;0.004;0.3859;102;1;0.0047
"EarlyUpdate.InsightsUpdate";0.0052;0.0034;0.207;799;40;34;3;3;5.10539997811429;0.005788435;0.0048;0.0058;882;1;1;1;882;1;0.0034;0.207;40;34;0.0051
"CullShadowCastersScriptable";0.0051;0.0038;0.9047;627;872;3;7;7;9.8160999477841;0.01112937;0.0047;0.0059;882;1;1;1;882;1;0.0038;0.9047;872;3;0.0043
"Shadows.Sort";0.005;0;0.0153;300;398;651;16;16;3.47489997521188;0.004683154;0.004;0.0058;1429;2;1;4;742;1;0;0.0148;43;651;0.0048
"Inl_ScriptableRenderer.SetupCullingParameters";0.005;0.0044;1.1514;725;185;1;7;7;5.90709994407371;0.006697392;0.0048;0.0053;882;1;1;1;882;1;0.0044;1.1514;185;1;0.005
"Unity.RenderPipelines.Core.Runtime.dll!UnityEngine.Rendering::DebugDisplayStats`1..cctor()";0.0049;0.0049;0.0049;1;1;1;4;4;0.00490000005811453;0.0049;0.0049;0.0049;1;1;1;1;1;1;0.0049;0.0049;1;1;0
"UnityEngine.CoreModule.dll!UnityEngine.Experimental.GlobalIllumination::Lightmapping..cctor()";0.0049;0.0049;0.0049;1;1;1;5;5;0.00490000005811453;0.0049;0.0049;0.0049;1;1;1;1;1;1;0.0049;0.0049;1;1;0
"Physics.SendContactEvents";0.0049;0.0023;0.8818;71;410;1;6;6;5.97509997372981;0.00677449;0.0039;0.0068;1799;2;1;17;882;1;0.0003;0.8818;401;1;0.0033
"UnityEngine.CoreModule.dll!UnityEngine::UnitySynchronizationContext.ExecuteTasks() [Invoke]";0.0049;0.0036;8.5249;151;187;22;4;4;19.5067005897872;0.02211644;0.0044;0.0056;882;1;1;1;882;1;0.0036;8.5249;187;22;0.0042
"PostLateUpdate.UpdateCustomRenderTextures";0.0049;0.0028;0.0249;199;125;275;3;3;4.45779997622594;0.005054195;0.0045;0.0053;882;1;1;1;882;1;0.0028;0.0249;125;275;0.0047
"Inl_LightCookies";0.0049;0.0039;0.5531;627;138;1;10;10;5.22749995533377;0.005926871;0.0046;0.0054;882;1;1;1;882;1;0.0039;0.5531;138;1;0.0048
"Inl_RG_BloomPrefilter";0.0049;0.0042;0.075;817;560;11;9;9;4.63949996139854;0.005260204;0.0047;0.0053;882;1;1;1;882;1;0.0042;0.075;560;11;0.0044
"PhysX.ScScene.updateDynamics";0.0048;0.0017;0.8948;8;92;9;7;7;7.3542999731726;0.008338208;0.004;0.0059;1799;2;1;17;882;1;0.0005;0.5072;791;5;0.0018
"PhysX.FinalizeUpdateTask";0.0048;0.0008;0.8547999;289;92;4;7;7;7.77639995745267;0.00881678;0.0044;0.0053;1799;2;1;17;882;1;0.0004;0.8353;3;4;0.0027
"EndGraphicsJobs";0.0048;0.0023;0.0338;92;275;746;3;4;4.3857999775646;0.004972562;0.0042;0.0054;2646;3;3;3;882;1;0;0.0337;2;746;0.0045
"RenderTarget.GrabPixels";0.0048;0.0005;0.0079;136;16;241;6;6;0.288099998317193;0.004883051;0.0043;0.0055;59;1;1;1;59;1;0.0005;0.0079;16;241;0
"PreLateUpdate.EndGraphicsJobsAfterScriptUpdate";0.0048;0.0024;0.034;571;275;746;3;3;4.43389998027124;0.005027098;0.0043;0.0055;882;1;1;1;882;1;0.0024;0.034;275;746;0.0044
"Unity.RenderPipelines.Universal.Runtime.dll!UnityEngine.Rendering.Universal::LensDistortion..ctor() [Invoke]";0.0047;0.0047;0.0047;1;1;1;4;5;0.00469999993219972;0.0047;0.0047;0.0047;2;2;2;2;1;1;0.0023;0.0024;1;1;0
"EarlyUpdate.ProcessRemoteInput";0.0047;0.0032;0.0109;156;714;78;3;3;4.20219998317771;0.004764399;0.0042;0.0052;882;1;1;1;882;1;0.0032;0.0109;714;78;0.0049
"ProcessRemoteInput";0.0046;0.0031;0.0108;41;714;78;4;4;4.1002999804914;0.004648866;0.004;0.0051;882;1;1;1;882;1;0.0031;0.0108;714;78;0.0047
"Physics.SyncTransforms";0.0046;0.0024;5.0147;385;103;17;5;5;17.1981999083073;0.01949909;0.0039;0.0054;1799;2;1;17;882;1;0.0007;4.9241;658;17;0.0024
"Inl_UniversalRenderPipeline.SetupPerFrameShaderConstants";0.0045;0.0032;0.2465;566;327;1;5;5;4.67989998240955;0.005306009;0.0041;0.0052;882;1;1;1;882;1;0.0032;0.2465;327;1;0.0046
"Unity.RenderPipelines.Universal.Runtime.dll!UnityEngine.Rendering.Universal::MotionBlur..ctor() [Invoke]";0.0044;0.0044;0.0044;1;1;1;4;5;0.00439999997615814;0.0044;0.0044;0.0044;2;2;2;2;1;1;0.0021;0.0023;1;1;0
"Unity.RenderPipelines.Universal.Runtime.dll!UnityEngine.Rendering.Universal::StpUtils..cctor()";0.0044;0.0044;0.0044;1;1;1;7;7;0.00439999997615814;0.0044;0.0044;0.0044;1;1;1;1;1;1;0.0044;0.0044;1;1;0
"Unity.RenderPipelines.Core.Runtime.dll!UnityEngine.Rendering::Volume.Update() [Invoke]";0.0044;0.0032;0.1652;456;366;1;5;5;4.20419998490252;0.004766667;0.0041;0.0048;882;1;1;1;882;1;0.0032;0.1652;366;1;0.0043
"CustomRenderTextures.Update";0.0044;0.0024;0.0243;692;125;275;4;4;4.05349998082966;0.004595805;0.0041;0.0048;882;1;1;1;882;1;0.0024;0.0243;125;275;0.0043
"Unity.RenderPipelines.Universal.Runtime.dll!UnityEngine.Rendering.Universal::TaaHistory..cctor()";0.0043;0.0043;0.0043;1;1;1;7;7;0.00430000014603138;0.0043;0.0043;0.0043;1;1;1;1;1;1;0.0043;0.0043;1;1;0
"Inl_DrawTransparentObjects";0.0043;0.004;0.0375;575;386;683;8;8;4.00460000569001;0.004540363;0.0043;0.0044;882;1;1;1;882;1;0.004;0.0375;386;683;0.0047
"Assembly-CSharp.dll!::PathPoint..ctor() [Invoke]";0.004299999;0.004299999;0.004299999;1;1;1;8;8;0.00429999986226903;0.0043;0.004299999;0.004299999;27;27;27;27;1;1;0;0.0004;1;1;0
"Profiler.CollectAudioStats";0.0042;0.0033;0.0359;844;221;784;3;3;3.97379997721873;0.004505442;0.0039;0.0047;1764;2;2;2;882;1;0.0011;0.0313;110;784;0.0057
"Unity.RenderPipelines.Core.Runtime.dll!::WidgetFactory..cctor()";0.0041;0.0041;0.0041;1;1;1;4;4;0.00410000002011657;0.0041;0.0041;0.0041;1;1;1;1;1;1;0.0041;0.0041;1;1;0
"Unity.RenderPipelines.Core.Runtime.dll!UnityEngine.Rendering::RenderPipelineGraphicsSettingsContainer.OnBeforeSerialize() [Invoke]";0.0041;0.0041;0.0041;1;1;1;4;4;0.00409999990370125;0.0041;0.0041;0.0041;2;2;2;2;1;1;0.0017;0.0024;1;1;0
"Unity.RenderPipelines.Universal.Runtime.dll!UnityEngine.Rendering.Universal::Vignette..ctor() [Invoke]";0.0041;0.0041;0.0041;1;1;1;4;5;0.00410000002011657;0.0041;0.0041;0.0041;2;2;2;2;1;1;0.0019;0.0022;1;1;0
"EarlyUpdate.UpdatePreloading";0.0041;0.0021;0.0152;777;191;402;3;3;3.69449998228811;0.004188776;0.0036;0.0046;882;1;1;1;882;1;0.0021;0.0152;191;402;0.0048
"UnityEngine.CoreModule.dll!::<>c..cctor()";0.004;0.004;0.0356;2;2;1;5;7;0.0395999995525926;0.0198;0.004;0.004;4;1;1;3;2;1;0.0033;0.0289;1;1;0
"Loading.UpdatePreloading";0.004;0.0019;0.015;205;555;402;4;4;3.54649998643436;0.004020975;0.0035;0.0044;882;1;1;1;882;1;0.0019;0.015;555;402;0.0047
"PostUpdateScreenManagerAndInput";0.004;0.0017;0.0219;666;574;177;3;3;3.8137999799801;0.004324036;0.0036;0.0047;882;1;1;1;882;1;0.0017;0.0219;574;177;0.0034
"ScheduleShadowSplitMasksComputation";0.004;0.003;0.9031;748;166;3;8;8;8.75929990876466;0.009931179;0.0037;0.0046;882;1;1;1;882;1;0.003;0.9031;166;3;0.0033
"Unity.RenderPipelines.Universal.Runtime.dll!UnityEngine.Rendering.Universal::LiftGammaGain..ctor() [Invoke]";0.004;0.004;0.004;1;1;1;4;5;0.00399999984074384;0.004;0.004;0.004;2;2;2;2;1;1;0.0016;0.0024;1;1;0
"System.Core.dll!System.Linq::EmptyPartition`1..cctor()";0.0039;0.0039;0.0039;1;1;1;5;5;0.00389999989420176;0.0039;0.0039;0.0039;1;1;1;1;1;1;0.0039;0.0039;1;1;0
"PrepareSceneNodes";0.0038;0.0031;0.6749;450;60;5;9;9;8.49859996535815;0.009635601;0.0036;0.0041;882;1;1;1;882;1;0.0031;0.6749;60;5;0.0036
"Find dependency chain";0.0037;0.0012;0.0227;153;11;747;7;14;3.42809994656272;0.003886735;0.0034;0.0041;8494;10;3;14;882;1;0;0.0193;162;747;0.0037
"PostLateUpdate.PlayerUpdateCanvases";0.0037;0.0027;0.2135;862;664;1;3;3;3.83669997099787;0.00435;0.0035;0.0042;882;1;1;1;882;1;0.0027;0.2135;664;1;0.0036
"RenderingCommandBuffer.PrepareKeywords";0.0036;0.0025;0.0147;516;590;853;10;11;3.4692999335166;0.003933446;0.0033;0.004000001;20286;23;23;23;882;1;0;0.0108;1;853;0.0034
"Unity.RenderPipelines.Universal.Runtime.dll!UnityEngine.Rendering.Universal.Internal::MainLightShadowCasterPass..cctor()";0.0036;0.0036;0.0036;1;1;1;4;4;0.00359999993816018;0.0036;0.0036;0.0036;1;1;1;1;1;1;0.0036;0.0036;1;1;0
"UpdatePreloading";0.0036;0.0016;0.0145;218;191;402;5;5;3.19439998292364;0.003621769;0.0031;0.004;882;1;1;1;882;1;0.0016;0.0145;191;402;0.0045
"EarlyUpdate.ExecuteMainThreadJobs";0.0036;0.001;0.4221;418;3;2;3;3;4.0042999968864;0.004540022;0.0032;0.004;882;1;1;1;882;1;0.001;0.4221;3;2;0.0032
"PhysX.ScScene.processLostContact2";0.0036;0.0006;0.2591;854;139;23;7;7;4.19200000356068;0.004752834;0.0026;0.0041;1799;2;1;17;882;1;0.0004;0.254;722;23;0.0017
"PhysX.ScScene.processLostContact";0.0035;0.0005;0.3616;450;599;22;7;7;3.80610000045272;0.004315306;0.0027;0.0039;1799;2;1;17;882;1;0.0004;0.3587;50;22;0.0005
"Unity.RenderPipelines.Universal.Runtime.dll!::TypeId`1..cctor()";0.0035;0.0035;0.0035;1;1;1;7;9;0.00349999993341044;0.0035;0.0035;0.0035;3;3;3;3;1;1;0.0006;0.0017;1;1;0
"Inl_DrawScreenSpaceUI";0.0035;0.0029;0.2676;31;182;1;8;8;3.49160000204574;0.00395873;0.0033;0.0037;1764;2;2;2;882;1;0.0011;0.1826;111;1;0.0035
"Inl_ScriptableRenderer.ClearRenderingState";0.0035;0.0029;0.4091;227;138;1;9;9;3.64619998121634;0.004134014;0.0032;0.0038;882;1;1;1;882;1;0.0029;0.4091;138;1;0.0033
"LowLevelPhysics2D.PhysicsWorld.RenderWorlds";0.0035;0.0027;0.0085;741;821;77;7;7;3.26169998268597;0.003698073;0.0033;0.0038;882;1;1;1;882;1;0.0027;0.0085;821;77;0.0034
"GI.OnEnterPlaymode";0.0034;0.0034;0.0034;1;1;1;4;4;0.00340000004507601;0.0034;0.0034;0.0034;1;1;1;1;1;1;0.0034;0.0034;1;1;0
"PostLateUpdate.MemoryFrameMaintenance";0.0034;0.0008;0.0246;160;1;647;3;3;3.18559998314595;0.003611791;0.0031;0.0038;882;1;1;1;882;1;0.0008;0.0246;1;647;0.0027
"FindBrightestDirectionalLight";0.0034;0.0022;0.0223;428;683;473;10;11;3.11609998333734;0.003532993;0.0031;0.0037;1764;2;2;2;882;1;0.0008;0.0199;128;473;0.003
"Unity.RenderPipelines.Universal.Runtime.dll!UnityEngine.Rendering.Universal.Internal::FinalBlitPass..cctor()";0.0033;0.0033;0.0033;1;1;1;4;4;0.00329999998211861;0.0033;0.0033;0.0033;1;1;1;1;1;1;0.0033;0.0033;1;1;0
"Unity.RenderPipelines.Universal.Runtime.dll!UnityEngine.Rendering.Universal::SplitToning..ctor() [Invoke]";0.0033;0.0033;0.0033;1;1;1;4;5;0.00329999998211861;0.0033;0.0033;0.0033;2;2;2;2;1;1;0.0016;0.0017;1;1;0
"UnityEngine.CoreModule.dll!UnityEngine.Rendering::SupportedRenderingFeatures..cctor()";0.0033;0.0033;0.0033;1;1;1;4;4;0.00329999998211861;0.0033;0.0033;0.0033;1;1;1;1;1;1;0.0033;0.0033;1;1;0
"PostLateUpdate.UpdateAllRenderers";0.0033;0.0023;3.3068;176;132;1;3;3;6.3255998773966;0.007171882;0.003;0.0037;882;1;1;1;882;1;0.0023;3.3068;132;1;0.0026
"PrepareSceneNodesSetUp";0.0033;0.0001;0.0364;280;14;5;12;12;0.063000001347973;0.01575;0.0001;0.0232;6;1;1;2;4;5;0;0.0364;280;5;0
"PhysX.ScScene.islandGen";0.0032;0.0015;1.1021;41;616;28;7;7;5.51199994084891;0.006249433;0.0028;0.0041;1799;2;1;17;882;1;0.0005;1.0997;3;28;0.0031
"PhysX.NpScene.execution";0.0032;0.002;0.015;69;429;562;7;7;2.92639996856451;0.003317914;0.0028;0.0036;1799;2;1;17;882;1;0.0002;0.0136;3;562;0.0026
"Application.Integrate Assets in Background";0.0032;0.0012;0.0139;81;631;402;6;6;2.80459998862352;0.003179819;0.0027;0.0036;882;1;1;1;882;1;0.0012;0.0139;631;402;0.0037
"ReflectionProbes.Update";0.0032;0.0022;0.0324;263;250;320;4;4;3.01239998871461;0.003415419;0.0029;0.0036;882;1;1;1;882;1;0.0022;0.0324;250;320;0.0025
"FrameEvents.OnBeforeRenderCallback";0.0032;0.002;0.4085;264;630;1;3;3;3.5208999721799;0.00399195;0.0029;0.0036;882;1;1;1;882;1;0.002;0.4085;630;1;0.0034
"Audibility computation";0.0032;0.001;0.0369;436;715;563;6;6;2.91449998540338;0.003304422;0.0029;0.0036;882;1;1;1;882;1;0.001;0.0369;715;563;0.0034
"EarlyUpdate.AnalyticsCoreStatsUpdate";0.0031;0.0005;0.0453;362;2;842;3;3;2.88179998565465;0.003267347;0.0028;0.0034;882;1;1;1;882;1;0.0005;0.0453;2;842;0.0031
"Inl_Draw Additional Lights Shadowmap";0.0031;0.0026;0.3682;623;43;1;8;8;3.30919999093749;0.003751928;0.0029;0.0034;882;1;1;1;882;1;0.0026;0.3682;43;1;0.0028
"UnsafeUtility.Free";0.003;0.003;0.003;22;22;22;5;5;0.00300000002607703;0.003;0.003;0.003;1;1;1;1;1;22;0.003;0.003;22;22;0
"Inl_Set Motion Vector Global Matrices";0.003;0.0023;0.7006;61;128;1;8;8;3.51409995974973;0.00398424;0.0027;0.0033;882;1;1;1;882;1;0.0023;0.7006;128;1;0.0025
"Cleanup Unused Cached Data";0.003;0.0019;0.0304;137;265;66;4;4;2.73219999158755;0.003097732;0.0027;0.0033;882;1;1;1;882;1;0.0019;0.0304;265;66;0.0026
"PreLateUpdate.AccessibilityUpdate";0.003;0.0022;0.6751;358;47;1;3;3;3.48239995609038;0.003948299;0.0027;0.0033;882;1;1;1;882;1;0.0022;0.6751;47;1;0.0022
"Initialization.DirectorSampleTime";0.003;0.002;0.0327;390;509;813;3;3;2.77009998331778;0.003140703;0.0026;0.0034;882;1;1;1;882;1;0.002;0.0327;509;813;0.0022
"Inl_DrawDepthNormalPrepass";0.003;0.0027;0.2936;498;63;1;8;8;3.1732999868691;0.003597846;0.0029;0.0032;882;1;1;1;882;1;0.0027;0.2936;63;1;0.0031
"EarlyUpdate.PlayerCleanupCachedData";0.003;0.0019;0.0304;659;265;66;3;3;2.78409999143332;0.003156576;0.0027;0.0033;882;1;1;1;882;1;0.0019;0.0304;265;66;0.0027
"FixedUpdate.AudioFixedUpdate";0.003;0.0015;0.0218;141;161;745;3;3;2.81229998305935;0.003188549;0.0025;0.0036;1799;2;1;17;882;1;0.0001;0.0199;34;745;0.0021
"Unity.RenderPipelines.Core.Runtime.dll!::RenderGraphCompilationCache..cctor()";0.0029;0.0029;0.0029;1;1;1;4;4;0.00289999996311963;0.0029;0.0029;0.0029;1;1;1;1;1;1;0.0029;0.0029;1;1;0
"Unity.RenderPipelines.Core.Runtime.dll!::RenderingLayerField..cctor()";0.0029;0.0029;0.0029;1;1;1;4;4;0.00289999996311963;0.0029;0.0029;0.0029;1;1;1;1;1;1;0.0029;0.0029;1;1;0
"Profiler.CollectEditorStats";0.0029;0.0018;0.0124;738;517;33;1;1;2.71039998531342;0.003073016;0.0026;0.0033;882;1;1;1;882;1;0.0018;0.0124;517;33;0.0033
"PhysX.ScScene.rigidBodyNarrowPhase";0.0029;0.0019;0.0181;869;394;707;7;7;2.75139997221413;0.003119501;0.0027;0.0033;1799;2;1;17;882;1;0.0002;0.0175;3;707;0.0023
"UnityEngine.CoreModule.dll!UnityEngine.Experimental.Rendering::ScriptableRuntimeReflectionSystemSettings.get_Internal_ScriptableRuntimeReflectionSystemSettings_instance() [Invoke]";0.0028;0.0028;0.0028;1;1;1;3;3;0.00279999990016222;0.0028;0.0028;0.0028;1;1;1;1;1;1;0.0028;0.0028;1;1;0
"UnityEngine.CoreModule.dll!UnityEngine.Rendering::SupportedRenderingFeatures.IsUIOverlayRenderedBySRP() [Invoke]";0.0028;0.0018;0.1933;617;552;1;3;3;2.98759997845627;0.003387301;0.0025;0.0034;882;1;1;1;882;1;0.0018;0.1933;552;1;0.0025
"PlayerCleanupCachedData";0.0028;0.0018;0.0303;672;265;66;5;5;2.61589998542331;0.002965873;0.0026;0.0031;882;1;1;1;882;1;0.0018;0.0303;265;66;0.0026
"Unity.RenderPipelines.Universal.Runtime.dll!UnityEngine.Rendering.Universal::ShadowUtils..cctor()";0.0027;0.0027;0.0027;1;1;1;7;7;0.00270000007003546;0.0027;0.0027;0.0027;1;1;1;1;1;1;0.0027;0.0027;1;1;0
"LowLevelPhysics2D.PhysicsWorld.PreSimulate";0.0027;0.0017;0.2309;87;250;1;6;6;2.90849999286002;0.003297619;0.0024;0.0032;1799;2;1;17;882;1;0.0003;0.2309;3;1;0.0023
"PhysX.ScScene.islandInsertion";0.0027;0.0019;0.0306;120;221;529;7;7;2.59359997486172;0.00294059;0.0025;0.0031;1799;2;1;17;882;1;0.0002;0.0299;11;529;0.0023
"Graphics.DrawProcedural";0.0027;0.0015;0.05470003;281;169;575;10;11;2.72929994809238;0.003094444;0.0024;0.003;20286;23;23;23;882;1;0;0.0524;1;575;0.0029
"CompileRenderGraph";0.0027;0.0014;0.02;415;562;458;8;8;2.54379998357035;0.002884127;0.0024;0.0031;882;1;1;1;882;1;0.0014;0.02;562;458;0.0023
"JobDebuggerFrameMaintenance";0.0027;0.0001;0.0636;581;2;322;4;4;2.53789998564753;0.002877438;0.0024;0.0031;882;1;1;1;882;1;0.0001;0.0636;2;322;0.0025
"PreUpdate.InputForUIUpdate";0.0027;0.0021;0.1444;658;37;1;3;3;2.67139998427592;0.003028798;0.0025;0.003;882;1;1;1;882;1;0.0021;0.1444;37;1;0.0027
"Unity.RenderPipelines.Universal.Runtime.dll!UnityEngine.Rendering.Universal.Internal::DrawObjectsPass..cctor()";0.0026;0.0026;0.0026;1;1;1;4;4;0.00260000000707805;0.0026;0.0026;0.0026;1;1;1;1;1;1;0.0026;0.0026;1;1;0
"UnityEngine.CoreModule.dll!UnityEngine.Rendering::RenderPipelineGlobalSettings.OnBeforeSerialize() [Invoke]";0.0026;0.0026;0.0026;1;1;1;4;4;0.00260000000707805;0.0026;0.0026;0.0026;2;2;2;2;1;1;0.0011;0.0015;1;1;0
"InputSystem.onBeforeUpdate";0.0026;0.0009;2.8059;55;146;1;5;5;5.73920009098947;0.00650703;0.0021;0.0034;882;1;1;1;882;1;0.0009;2.8059;146;1;0.002
"Director.SampleTime";0.0026;0.0017;0.0196;274;32;787;4;4;2.37479998788331;0.002692517;0.0022;0.0029;882;1;1;1;882;1;0.0017;0.0196;32;787;0.0019
"UnityEngine.PhysicsModule.dll!UnityEngine::Physics.OnSceneContact() [Invoke]";0.0025;0.0011;0.8765;461;302;1;7;7;3.5130999969042;0.003983106;0.0019;0.0035;1799;2;1;17;882;1;0.0001;0.8765;401;1;0.0013
"UIEvents.WillRenderCanvases";0.0025;0.0019;0.2117;551;103;1;4;4;2.68559997715056;0.003044898;0.0023;0.0028;882;1;1;1;882;1;0.0019;0.2117;103;1;0.0022
"Unity.RenderPipelines.Universal.Runtime.dll!UnityEngine.Rendering.Universal::PaniniProjection..ctor() [Invoke]";0.0024;0.0024;0.0024;1;1;1;4;5;0.00239999999757856;0.0024;0.0024;0.0024;2;2;2;2;1;1;0.0011;0.0013;1;1;0
"UnityEngine.CoreModule.dll!UnityEngine.Rendering::RenderPipelineManager.HandleRenderPipelineChange() [Invoke]";0.0024;0.0017;0.1994;459;173;1;3;3;2.42319998447783;0.002747392;0.0022;0.0027;1764;2;2;2;882;1;0.0008;0.198;53;1;0.0023
"Unity.RenderPipelines.Core.Runtime.dll!UnityEngine.Rendering.RenderGraphModule::RenderGraphResourceRegistry..cctor()";0.0024;0.0024;0.0024;1;1;1;4;4;0.00239999988116324;0.0024;0.0024;0.0024;1;1;1;1;1;1;0.0024;0.0024;1;1;0
"UGUI.Rendering.UpdateBatches";0.0024;0.0017;0.2114;13;761;1;5;5;2.54309998720419;0.002883333;0.0022;0.0026;882;1;1;1;882;1;0.0017;0.2114;761;1;0.0021
"PostLateUpdate.RenderAs2DUpdate";0.0024;0.0016;0.0208;360;385;671;3;3;2.2489999900572;0.002549887;0.0021;0.0028;882;1;1;1;882;1;0.0016;0.0208;385;671;0.0022
"ReflectionProbeAnchorManagerUpdate";0.0024;0.0015;0.021;637;82;747;8;10;2.22589997512114;0.002523696;0.0022;0.0027;2646;3;3;3;882;1;0.0002;0.0193;172;519;0.0024
"PreUpdate.AIUpdate";0.0024;0.0018;0.0532;729;272;1;3;3;2.3061999862548;0.002614739;0.0022;0.0027;882;1;1;1;882;1;0.0018;0.0532;272;1;0.0018
"PhysX.PostBroadPhaseStage2Task";0.0024;0.0008;0.0217;812;656;670;7;7;2.30299999623094;0.002611111;0.002;0.0028;1795;2;1;17;882;1;0.0002;0.0208;3;670;0.002
"Unity.RenderPipelines.Universal.Runtime.dll!UnityEngine.Rendering.Universal::UniversalRenderer..cctor()";0.0023;0.0023;0.0023;1;1;1;4;4;0.00230000005103648;0.0023;0.0023;0.0023;1;1;1;1;1;1;0.0023;0.0023;1;1;0
"Inl_Setup Additional Shadows";0.0023;0.0012;0.4453;179;31;1;9;9;2.56610000645742;0.002909411;0.002;0.0026;882;1;1;1;882;1;0.0012;0.4453;31;1;0.0021
"Initialization.AsyncUploadTimeSlicedUpdate";0.0023;0.0004;0.0371;224;300;745;3;3;1.8790999861958;0.002130499;0.001;0.0026;882;1;1;1;882;1;0.0004;0.0371;300;745;0.0008
"Physics2D.Simulate";0.0023;0.0013;0.0143;545;132;4;4;4;2.26629999367287;0.002569501;0.002;0.0028;1799;2;1;17;882;1;0.0003;0.0126;601;719;0.0013
"UnityEngine.CoreModule.dll!UnityEngine::Application.InvokeOnBeforeRender() [Invoke]";0.0023;0.0015;0.4021;710;630;1;4;4;2.69489997520577;0.003055442;0.0022;0.0026;882;1;1;1;882;1;0.0015;0.4021;630;1;0.0022
"CoroutinesDelayedCalls";0.0023;0.0012;16745.53;806;332;1;4;4;16747.7444581728;18.98837;0.002;0.0027;5327;6;5;21;882;1;0;9631.908;3;1;0.0018
"Inl_Forward+ Complete";0.0022;0.0017;0.0111;113;293;767;10;10;2.1184000025969;0.002401814;0.002;0.0026;882;1;1;1;882;1;0.0017;0.0111;293;767;0.0022
"AudioManager.FixedUpdate";0.0022;0.0012;0.0152;340;97;240;4;4;2.06249998413841;0.002338435;0.0018;0.0026;1799;2;1;17;882;1;0.0001;0.0132;3;240;0.0017
"PrepareSceneNodesCombineJob";0.0022;0.0013;0.0043;391;197;78;11;12;1.18949999520555;0.002186581;0.002;0.0024;544;1;1;1;544;4;0.0013;0.0043;197;78;0
"PreUpdate.WindUpdate";0.0021;0.0014;0.0092;53;273;78;3;3;1.88599999761209;0.002138322;0.0019;0.0023;882;1;1;1;882;1;0.0014;0.0092;273;78;0.0025
"RenderTexture.GarbageCollectTemporary";0.0021;0.0012;0.0295;425;576;66;3;6;1.98449997752323;0.00225;0.0019;0.0024;1764;2;2;2;882;1;0.0003;0.0288;115;66;0.0019
"UnityEngine.AccessibilityModule.dll!UnityEngine.Accessibility::AccessibilityManager.Internal_Update() [Invoke]";0.0021;0.0015;0.6645;835;41;1;4;4;2.68499999155756;0.003044218;0.0019;0.0024;882;1;1;1;882;1;0.0015;0.6645;41;1;0.0015
"Profiler.CollectUIStats";0.002;0.0013;0.011;613;131;513;2;2;1.89740000036545;0.002151247;0.0018;0.0023;882;1;1;1;882;1;0.0013;0.011;131;513;0.0026
"Unity.RenderPipelines.Universal.Runtime.dll!UnityEngine.Rendering.Universal::ChromaticAberration..ctor() [Invoke]";0.002;0.002;0.002;1;1;1;4;5;0.00199999997857958;0.002;0.002;0.002;2;2;2;2;1;1;0.0009;0.0011;1;1;0
"TransformChangeSystem";0.001999999;0.0009;0.0189;281;528;1;4;9;1.84309995879448;0.002089683;0.0017;0.0022;12489;14;10;74;882;1;0;0.0145;1;1;0.0012
"PhysX.DirtyShapeUpdatesTask";0.0019;0.0019;0.0019;1;1;1;7;7;0.0019000000320375;0.0019;0.0019;0.0019;1;1;1;1;1;1;0.0019;0.0019;1;1;0
"Unity.RenderPipelines.Universal.Runtime.dll!UnityEngine.Rendering.Universal.Internal::AdditionalLightsShadowCasterPass..cctor()";0.0019;0.0019;0.0019;1;1;1;5;5;0.0019000000320375;0.0019;0.0019;0.0019;1;1;1;1;1;1;0.0019;0.0019;1;1;0
"Unity.RenderPipelines.Universal.Runtime.dll!UnityEngine.Rendering.Universal::WhiteBalance..ctor() [Invoke]";0.0019;0.0019;0.0019;1;1;1;4;5;0.0019000000320375;0.0019;0.0019;0.0019;2;2;2;2;1;1;0.0009;0.001;1;1;0
"UnityEngine.InputForUIModule.dll!UnityEngine.InputForUI::EventProvider.NotifyUpdate() [Invoke]";0.0019;0.0013;0.1347;282;50;1;4;4;1.87739999929909;0.002128572;0.0017;0.0021;882;1;1;1;882;1;0.0013;0.1347;50;1;0.0018
"PhysX.NpScene.completion";0.0019;0.0012;0.0139;332;302;622;7;7;1.84759998341906;0.002094785;0.0017;0.0023;1799;2;1;17;882;1;0.0002;0.0043;13;310;0.0016
"Preload Single Step";0.0019;0.0001;0.0128;425;370;402;7;7;1.65779999180813;0.001879592;0.0015;0.0022;882;1;1;1;882;1;0.0001;0.0128;370;402;0.0024
"PrepareUpdateRendererBoundingVolumes";0.0019;0.0012;0.0163;605;459;58;4;10;1.77559997615754;0.002013152;0.0017;0.0022;4411;5;5;6;882;1;0.0001;0.0149;5;58;0.0021
"PhysX.ScScene.advanceStep";0.0019;0.0008;0.0136;643;840;622;7;7;1.81609998620115;0.00205907;0.0016;0.0023;1799;2;1;17;882;1;0.0003;0.0101;3;736;0.0016
"Physics.ReadTransforms";0.0019;0.001;0.0549;766;205;722;5;5;1.93679998141306;0.002195918;0.0017;0.0023;1799;2;1;17;882;1;0.0002;0.0523;601;722;0.0011
"PhysX.AABBManager::postBroadPhaseStage3";0.0019;0.0011;0.0133;803;123;11;7;7;1.8388999770541;0.002084921;0.0017;0.0023;1799;2;1;17;882;1;0.0002;0.0121;3;649;0.0014
"GC.Alloc";0.0019;0.0016;79.82834;34;4;1;4;14;80.3113981412025;13.38523;0.0018;0.0029;1806087;25;15;1805876;6;1;0;0.046;1;1;0
"TimeManager.Update";0.0018;0.0012;0.041;60;1;453;4;4;1.6800999956904;0.001904875;0.0015;0.002;882;1;1;1;882;1;0.0012;0.041;1;453;0.0013
"Camera.Render";0.0018;0.0003;0.075;252;49;290;3;3;1.40099999983795;0.001588435;0.0006;0.0019;882;1;1;1;882;1;0.0003;0.075;49;290;0.0008
"Profiler.SerializeStats";0.0018;0.0015;0.0053;719;100;764;3;3;1.72189999732655;0.001952268;0.0017;0.0021;882;1;1;1;882;1;0.0015;0.0053;100;764;0.0026
"FindActiveLights";0.0018;0.0009;0.0151;720;88;176;10;10;1.67500000155997;0.001899093;0.0017;0.002;882;1;1;1;882;1;0.0009;0.0151;88;176;0.0018
"PhysX.ScScene.collideStep";0.0017;0.0011;0.0128;137;92;730;7;7;1.59619997758273;0.001809751;0.0015;0.0019;1799;2;1;17;882;1;0.0001;0.0118;3;730;0.0013
"SpeedTreeWindManager.Update";0.0017;0.0012;0.0074;645;273;78;4;4;1.58179999643471;0.001793424;0.0016;0.0019;882;1;1;1;882;1;0.0012;0.0074;273;78;0.0021
"Loading.IsObjectAvailable";0.0016;0.0016;0.0016;1;1;1;8;8;0.0015999999595806;0.0016;0.0016;0.0016;1;1;1;1;1;1;0.0016;0.0016;1;1;0
"Unity.RenderPipelines.Universal.Runtime.dll!UnityEngine.Rendering.Universal.Internal::CopyColorPass..cctor()";0.0016;0.0016;0.0016;1;1;1;4;4;0.0015999999595806;0.0016;0.0016;0.0016;1;1;1;1;1;1;0.0016;0.0016;1;1;0
"UIElements.CollectLayoutNodes";0.0016;0.0008;0.0124;63;73;23;5;5;1.4203999939491;0.001612259;0.0013;0.0018;881;1;1;1;881;2;0.0008;0.0124;73;23;0.0011
"PhysX.ScScene.broadPhase";0.0016;0.0009;0.0293;233;2;747;7;7;1.49589998180454;0.001696032;0.0013;0.0018;1799;2;1;17;882;1;0.0001;0.029;3;747;0.0011
"CullResultsToNativeArrays";0.0016;0.0008;0.0208;524;132;563;8;8;1.6094999932684;0.00182483;0.0014;0.002;882;1;1;1;882;1;0.0008;0.0208;132;563;0.0018
"PhysX.ScScene.preRigidBodyNarrowPhase";0.0016;0.0009999999;0.0116;546;815;660;7;7;1.51029997984733;0.001712358;0.0014;0.0019;1799;2;1;17;882;1;0.0001;0.0102;3;660;0.0013
"PhysX.ScScene.afterIntegration";0.0016;0.001;0.0254;795;221;240;7;7;1.6053999754804;0.001820181;0.0014;0.002;1799;2;1;17;882;1;0.0001;0.0204;3;240;0.001
"UnityEngine.UnityAnalyticsModule.dll!UnityEngine::RemoteSettings.RemoteSettingsUpdateCompleted() [Invoke]";0.0015;0.0015;0.0015;2;2;2;4;4;0.00150000001303852;0.0015;0.0015;0.0015;1;1;1;1;1;2;0.0015;0.0015;2;2;0
"PreUpdate.Physics2DUpdate";0.0015;0.0012;0.0327;529;71;687;3;3;1.44289998640306;0.001635941;0.0014;0.0017;882;1;1;1;882;1;0.0012;0.0327;71;687;0.0015
"Shadows.CullShadowCastersDirectionalDetail";0.0014;0.0005;0.002;19;20;21;13;13;0.0328999994671904;0.001316;0.0011;0.0015;48;2;1;2;25;2;0.0002;0.0016;2;21;0
"FrameEvents.XRBeginFrame";0.0014;0.0009;0.0192;126;76;697;3;3;1.29769998288248;0.001471315;0.0012;0.0015;882;1;1;1;882;1;0.0009;0.0192;76;697;0.0014
"Inl_RG_SetupPostFX";0.0014;0.0011;0.0635;521;98;1;8;8;1.38979998603463;0.001575737;0.0013;0.0015;882;1;1;1;882;1;0.0011;0.0635;98;1;0.0013
"JobHandle.Complete";0.0014;0.0011;0.0088;685;73;767;11;11;1.4349999842234;0.001626984;0.0013;0.0017;882;1;1;1;882;1;0.0011;0.0088;73;767;0.0013
"UnityEngine.CoreModule.dll!UnityEngine.Rendering::AttachmentIndexArray..cctor()";0.0013;0.0013;0.0013;1;1;1;9;9;0.00130000000353903;0.0013;0.0013;0.0013;1;1;1;1;1;1;0.0013;0.0013;1;1;0
"UnityEngine.CoreModule.dll!UnityEngine.Rendering::RendererListParams..cctor()";0.0013;0.0013;0.0013;1;1;1;9;9;0.00130000000353903;0.0013;0.0013;0.0013;1;1;1;1;1;1;0.0013;0.0013;1;1;0
"AudioProfiler.CaptureFrame";0.0013;0.0007;0.0187;41;247;624;4;4;1.19609998678789;0.001356122;0.0011;0.0014;882;1;1;1;882;1;0.0007;0.0187;247;624;0.0016
"AddDirectionalLights";0.0013;0.0008;0.0199;261;69;248;10;10;1.20139998814557;0.001362132;0.0011;0.0015;882;1;1;1;882;1;0.0008;0.0199;69;248;0.0011
"Inl_ScriptableRenderer.InternalFinishRenderingCommon";0.0013;0.0008;0.1065;342;496;1;7;7;1.33839998586336;0.00151746;0.0011;0.0015;882;1;1;1;882;1;0.0008;0.1065;496;1;0.0011
"EarlyUpdate.UpdateContentLoading";0.0013;0.0008;0.0324;803;839;380;3;3;1.27459998760605;0.001445125;0.0012;0.0015;882;1;1;1;882;1;0.0008;0.0324;839;380;0.0013
"Physics2D.SyncTransformChanges";0.0013;0.0006;0.0129;814;132;719;5;5;1.32489998464007;0.001502154;0.0011;0.0017;1799;2;1;17;882;1;0.0003;0.0117;3;719;0.0007
"PhysX.ScScene.registerContactManagers";0.0013;0.0003;0.0028;6;18;4;9;9;0.0337999992989353;0.001251852;0.0008;0.0014;88;2;1;12;27;2;0.0001;0.0015;3;25;0
"LOD.ComputeLOD";0.0012;0.0007;0.0394;390;288;743;9;10;1.17509999144386;0.001332313;0.0011;0.0014;1764;2;2;2;882;1;0.0001;0.0392;15;743;0.0011
"PhysX.ScScene.updateCCDMultiPass";0.0012;0.0007;0.0065;412;2;622;7;7;1.18579999019857;0.001344444;0.0011;0.0015;1799;2;1;17;882;1;0.0001;0.0035;3;1;0.0009
"FixedUpdate.ScriptRunBehaviourFixedUpdate";0.0012;0.0007;0.0283;688;548;504;3;3;1.20629999419907;0.001367687;0.0011;0.0015;1799;2;1;17;882;1;0.0001;0.0283;3;504;0.0012
"Draw Additional Lights Shadowmap";0.0012;0.0005;0.0038;135;466;121;9;9;1.07009998848662;0.001213265;0.0009;0.0015;882;1;1;1;882;1;0.0005;0.0038;466;121;0.0014
"LowLevelPhysics2D.PhysicsWorld.PostSimulate";0.0012;0.0007;0.0705;457;317;1;6;6;1.27859997857013;0.00144966;0.0011;0.0014;1799;2;1;17;882;1;0.0002;0.0705;4;1;0.0009
"PhysX.ScScene.rigidBodySolver";0.0012;0.0008;0.0114;544;92;636;7;7;1.13319999359373;0.001284807;0.001;0.0014;1790;2;1;17;882;1;0.0001;0.0112;3;636;0.0008
"Initialization.XREarlyUpdate";0.0012;0.0008;0.0449;584;101;335;3;3;1.16509999148548;0.001320975;0.0011;0.0014;882;1;1;1;882;1;0.0008;0.0449;101;335;0.0012
"Inl_DrawSkybox";0.0012;0.0009;0.1614;736;119;1;8;8;1.33189998799935;0.001510091;0.0011;0.0014;882;1;1;1;882;1;0.0009;0.1614;119;1;0.0014
"PhysX.ScScene.postSolver";0.0011;0.0005;0.0264;47;151;364;7;7;1.06599998104502;0.001208617;0.0009;0.0013;1799;2;1;17;882;1;0.0001;0.0261;13;364;0.0007
"PreLateUpdate.Physics2DLateUpdate";0.0011;0.0007;0.0056;295;527;22;3;3;1.03959999827202;0.001178685;0.001;0.0013;882;1;1;1;882;1;0.0007;0.0056;527;22;0.0009
"FixedUpdate.DirectorFixedUpdate";0.0011;0.0006;0.008299999;370;73;622;3;3;1.02609998398111;0.001163379;0.0009;0.0013;1799;2;1;17;882;1;0.0001;0.0051;3;10;0.0011
"EarlyUpdate.ClearLines";0.0011;0.0006;0.0098;432;103;842;3;3;1.0245999925537;0.001161678;0.001;0.0013;882;1;1;1;882;1;0.0006;0.0098;103;842;0.001
"PreLateUpdate.ConstraintManagerUpdate";0.0011;0.0009;0.0196;586;37;750;3;3;1.07849999924656;0.001222789;0.001;0.0013;882;1;1;1;882;1;0.0009;0.0196;37;750;0.0011
"Inl_Setup Debug Properties";0.0011;0.0009;0.2921;674;74;1;8;8;1.38630000816192;0.001571769;0.001;0.0013;882;1;1;1;882;1;0.0009;0.2921;74;1;0.0011
"EarlyUpdate.ScriptRunDelayedStartupFrame";0.001;0.0005;4155.941;297;473;1;3;3;4156.8422062454;4.712973;0.0009;0.0011;882;1;1;1;882;1;0.0005;4155.941;473;1;0.0011
"Unity.AppUI.dll!Unity.AppUI.Core::AppUIManagerBehaviour.Update() [Invoke]";0.001;0.0008;0.0549;386;73;1;5;5;0.97930000332417;0.001110317;0.0009;0.0011;882;1;1;1;882;1;0.0008;0.0549;73;1;0.0009
"UnityEngine.AIModule.dll!UnityEngine.AI::NavMesh.Internal_CallOnNavMeshPreUpdate() [Invoke]";0.001;0.0007;0.0463;422;74;1;4;4;0.981000002822839;0.001112245;0.0009;0.0011;882;1;1;1;882;1;0.0007;0.0463;74;1;0.0008
"ReflectionProbeAnchorPositionUpdate";0.001;0.0006;0.0143;441;41;669;9;11;0.964899984828662;0.001093991;0.0009;0.0012;2646;3;3;3;882;1;0.0001;0.0134;12;669;0.0012
"PreLateUpdate.ScriptRunBehaviourLateUpdate";0.001;0.0006;0.027;460;687;529;3;3;0.961099999956787;0.001089683;0.0009;0.0011;882;1;1;1;882;1;0.0006;0.027;687;529;0.0012
"updateScene.Invoke";0.001;0.0007;0.0036;872;53;55;3;3;0.98039999284083;0.001111565;0.0009;0.0012;882;1;1;1;882;1;0.0007;0.0036;53;55;0.0013
"PhysX.ScScene.postNarrowPhase";0.0009999999;0.0005;0.0062;631;446;622;7;7;0.969599979784107;0.00109932;0.0009;0.0012;1799;2;1;17;882;1;0.0001;0.002;3;76;0.0007
"UnityEngine.Physics2DModule.dll!UnityEngine.LowLevelPhysics2D::PhysicsEvents.InvokePreSimulate() [Invoke]";0.0009999999;0.0006;0.2263;650;71;1;7;7;1.28669997888937;0.001458843;0.0009;0.0013;1799;2;1;17;882;1;0.0001;0.2263;3;1;0.0008
"PhysX.ScScene.secondPassNarrowPhase";0.0009999999;0.0006;0.0246;697;209;566;7;7;1.01439998079877;0.001150113;0.0009;0.0012;1799;2;1;17;882;1;0.0001;0.0242;3;566;0.0007
"MeshRendererPrepareDispatchUpdate";0.0009;0.0009;0.0009;1;1;1;5;5;0.000899999984540045;0.0009;0.0009;0.0009;1;1;1;1;1;1;0.0009;0.0009;1;1;0
"TextureStreamingManager.RemoveTexture";0.0009;0.0009;0.0017;2;2;1;6;10;0.00259999993431848;0.0013;0.0009;0.0009;60;8;8;52;2;1;0;0.0002;1;1;0
"Shadows.CombineDirectionalShadowCasterCullignIndexListsAndDestroy";0.0009;0.0009;0.0009;4;4;4;11;11;0.000899999984540045;0.0009;0.0009;0.0009;1;1;1;1;1;4;0.0009;0.0009;4;4;0
"SpeedTreeWindManager.UpdateGlobalAndLocalWinds";0.0009;0.0005;0.0045;373;347;78;5;5;0.824199991940986;0.0009344671;0.0008;0.001;882;1;1;1;882;1;0.0005;0.0045;347;78;0.0014
"GarbageCollector.CollectIncremental";0.0009;0.0001;34.1778;374;1;835;4;4;93.1055990731911;0.1055619;0.0007;0.0011;882;1;1;1;882;1;0.0001;34.1778;1;835;0.0007
"Physics.UpdateRigidbodies";0.0009;0.0004;0.0195;497;372;637;6;6;0.902799982111901;0.001023583;0.0008;0.0011;1799;2;1;17;882;1;0.0001;0.019;3;637;0.0005
"UnityEngine.CoreModule.dll!UnityEngine.Rendering::OnDemandRendering.GetRenderFrameInterval() [Invoke]";0.0009;0.0005;0.2288;586;471;1;3;3;1.11119998572394;0.001259864;0.0007;0.0012;882;1;1;1;882;1;0.0005;0.2288;471;1;0.0006
"PostLateUpdate.PhysicsSkinnedClothBeginUpdate";0.0009;0.0006;0.0061;596;12;383;3;3;0.863499991944991;0.0009790249;0.0008;0.0011;882;1;1;1;882;1;0.0006;0.0061;12;383;0.0009
"EarlyUpdate.UpdateInputManager";0.0009;0.0004;0.0052;611;513;820;3;3;0.850699991511647;0.0009645125;0.0008;0.0011;882;1;1;1;882;1;0.0004;0.0052;513;820;0.0009
"Renderers.OncePerFrameUpdate";0.0009;0.0005;0.0085;618;68;722;4;4;0.846899992437102;0.0009602041;0.0008;0.0011;882;1;1;1;882;1;0.0005;0.0085;68;722;0.0005
"Initialize Frame";0.0009;0.0006;0.0262;633;120;766;9;9;0.852399991534185;0.0009664399;0.0007;0.0011;882;1;1;1;882;1;0.0006;0.0262;120;766;0.0011
"Profiler.CollectVideoStats";0.0009;0.0006;0.0025;875;871;238;3;3;0.89419999346137;0.001013832;0.0009;0.0011;882;1;1;1;882;1;0.0006;0.0025;871;238;0.0011
"PhysX.ScScene.finalizationPhase";0.0008;0.0005;0.0112;809;195;454;7;7;0.838899984199088;0.0009511338;0.0007;0.0011;1799;2;1;17;882;1;0.0001;0.0111;3;454;0.0006
"CopyChannels";0.0008;0.0008;0.0008;1;1;1;4;4;0.0007999999797903;0.0008;0.0008;0.0008;1;1;1;1;1;1;0.0008;0.0008;1;1;0
"PhysX.ScScene.postBroadPhase";0.0008;0.0008;0.0008;1;1;1;7;7;0.0007999999797903;0.0008;0.0008;0.0008;1;1;1;1;1;1;0.0008;0.0008;1;1;0
"Physics2D.SyncRigidbodyTransformChanges";0.0008;0.0003;0.0044;83;221;622;6;6;0.756599982021726;0.0008578231;0.0006;0.0009999999;1799;2;1;17;882;1;0.0001;0.0021;5;6;0.0004
"PhysX.ScScene.postBroadPhaseCont";0.0008;0.0004;0.003599999;93;73;4;7;7;0.72829999030364;0.000825737;0.0006;0.0009;1799;2;1;17;882;1;0.0001;0.0026;3;651;0.0005
"UGUI.Rendering.EmitWorldScreenspaceCameraGeometry";0.0008;0.0004;0.0116;171;104;269;3;4;0.734399988337827;0.000832653;0.0006;0.0009;1764;2;2;2;882;1;0.0001;0.0113;16;269;0.0007
"LowLevelPhysics2D.PhysicsWorld.Transform.WriteTweens";0.0008;0.0005;0.032;229;470;687;4;4;0.75409998424584;0.0008549886;0.0007;0.0008;882;1;1;1;882;1;0.0005;0.032;470;687;0.0007
"PostLateUpdate.VFXUpdate";0.0008;0.0004;0.0057;249;206;576;3;3;0.72919998675934;0.0008267573;0.0007;0.0009;882;1;1;1;882;1;0.0004;0.0057;206;576;0.0007
"FixedUpdate.ScriptRunDelayedFixedFrameRate";0.0008;0.0002;9631.909;389;332;1;3;3;9632.82317966784;10.92157;0.0006;0.0011;1799;2;1;17;882;1;0.0001;9631.909;3;1;0.0003
"PostLateUpdate.ProfilerEndFrame";0.0008;0.0004;0.0112;423;391;881;3;3;0.801999985502334;0.000909297;0.0007;0.001;882;1;1;1;882;1;0.0004;0.0112;391;881;0.0007
"Physics.UpdateArticulations";0.0008;0.0004;0.0532;483;103;722;6;6;0.829699986185005;0.0009407029;0.0007;0.0009999999;1799;2;1;17;882;1;0;0.0519;3;722;0.0005
"PostLateUpdate.AccessibilityLateUpdate";0.0008;0.0005;0.0769;526;110;1;3;3;0.844099984271452;0.0009570295;0.0007;0.0009;882;1;1;1;882;1;0.0005;0.0769;110;1;0.0007
"PreUpdate.PhysicsUpdate";0.0008;0.0005;0.0029;531;123;1;3;3;0.768099986482412;0.0008708616;0.0007;0.001;882;1;1;1;882;1;0.0005;0.0029;123;1;0.0008
"AddCustomActiveLocalLights";0.0008;0.0006;0.0029;566;40;109;10;10;0.775999985868111;0.0008798186;0.0008;0.0009;882;1;1;1;882;1;0.0006;0.0029;40;109;0.001
"PreUpdate.UpdateVideo";0.0008;0.0005;0.0115;607;495;370;3;3;0.769099985365756;0.0008719955;0.0007;0.0009;882;1;1;1;882;1;0.0005;0.0115;495;370;0.0006
"FixedUpdate.PhysicsClothFixedUpdate";0.0008;0.0003;0.0449;727;313;732;3;3;0.898899986874312;0.001019161;0.0006;0.0011;1799;2;1;17;882;1;0;0.0444;34;732;0.0004
"Physics.CalculateChangedColliderTransforms";0.0008;0.0004;0.0113;852;107;776;6;6;0.806399986548058;0.0009142857;0.0007;0.0009999999;1799;2;1;17;882;1;0;0.0111;34;776;0.0005
"ClothManager.LateUpdate";0.0007;0.0004;0.0058;165;44;383;4;4;0.626199991791509;0.0007099773;0.0005;0.0008;882;1;1;1;882;1;0.0004;0.0058;44;383;0.0007
"PreUpdate.IMGUISendQueuedEvents";0.0007;0.0004;0.0033;235;36;18;3;3;0.644299990439322;0.0007304989;0.0006;0.0009;882;1;1;1;882;1;0.0004;0.0033;36;18;0.0007
"PhysX.ScScene.postBroadPhase3";0.0007;0.0003;0.006699999;322;73;622;7;7;0.647399994020816;0.0007340136;0.0006;0.0008;1799;2;1;17;882;1;0;0.0061;297;649;0.0005
"Physics2D.CollectProfileInfo";0.0007;0.0004;0.0021;355;116;22;4;4;0.657099987671245;0.0007450113;0.0006;0.0008;882;1;1;1;882;1;0.0004;0.0021;116;22;0.0006
"Physics.Interpolation";0.0007;0.0004;0.0029;530;23;875;4;4;0.655699987735716;0.000743424;0.0006;0.0008;1764;2;2;2;882;1;0;0.0027;2;875;0.0008
"EarlyUpdate.ClearIntermediateRenderers";0.0007;0.0003;0.0017;639;33;34;3;3;0.647899987263372;0.0007345805;0.0006;0.0008;882;1;1;1;882;1;0.0003;0.0017;33;34;0.0005
"TerrainManager.CullAllTerrains";0.0007;0.0004;0.0031;750;86;350;8;8;0.684099985053763;0.0007756235;0.0007;0.0008;882;1;1;1;882;1;0.0004;0.0031;86;350;0.0007
"Inl_RenderPipeline.BeginContextRendering";0.0007;0.0005;0.2958;822;70;1;5;5;1.05669998569647;0.001198073;0.0007;0.001;882;1;1;1;882;1;0.0005;0.2958;70;1;0.001
"FixedUpdate.LegacyFixedAnimationUpdate";0.0006;0.0002;0.0041;454;183;10;3;3;0.607599993265467;0.0006888889;0.0005;0.0008;1799;2;1;17;882;1;0;0.004;5;10;0.0007
"UnityEngine.Physics2DModule.dll!UnityEngine.LowLevelPhysics2D::PhysicsEvents.InvokePostSimulate() [Invoke]";0.0006;0.0003;0.0678;689;129;1;7;7;0.693199998706405;0.000785941;0.0005;0.0008;1799;2;1;17;882;1;0.0001;0.0678;3;1;0.0005
"SceneNodesInitJob";0.0006;0.0004;0.0015;13;280;109;11;12;0.00809999983175658;0.0007363636;0.0006;0.0006;11;1;1;1;11;2;0.0004;0.0015;280;109;0
"RenderTarget.SetActive";0.0006;0;0.008;173;431;372;4;11;0.872799984572339;0.0009895691;0.0004;0.0008;19498;22;22;47;882;1;0;0.0074;1;372;0.0004
"FixedUpdate.DirectorFixedUpdatePostPhysics";0.0006;0.0002;0.006000001;224;73;622;3;3;0.625799981680757;0.0007095238;0.0005;0.0009;1799;2;1;17;882;1;0.0001;0.0025;3;622;0.0003
"Initialization.SynchronizeInputs";0.0006;0.0003;0.0023;371;259;91;3;3;0.548499990691198;0.0006218821;0.0005;0.0007;882;1;1;1;882;1;0.0003;0.0023;259;91;0.0007
"PostLateUpdate.ShaderHandleErrors";0.0006;0.0003;0.0756;395;150;330;3;3;0.633299991051899;0.0007180272;0.0005;0.0007;882;1;1;1;882;1;0.0003;0.0756;150;330;0.0009
"LateBehaviourUpdate";0.0006;0.0004;0.0019;448;14;436;4;4;0.549899989942787;0.0006234694;0.0005;0.0007;882;1;1;1;882;1;0.0004;0.0019;14;436;0.0006
"FixedBehaviourUpdate";0.0006;0.0003;0.0273;480;88;504;4;4;0.579099991256953;0.000656576;0.0005;0.0007;1799;2;1;17;882;1;0;0.0273;3;504;0.0008
"Physics.SendTriggerEvents";0.0006;0.0002;0.0196;579;110;777;6;6;0.593399989054888;0.0006727891;0.0005;0.0008;1799;2;1;17;882;1;0;0.0195;3;777;0.0004
"UnityEngine.UIModule.dll!UnityEngine::Canvas.SendPreWillRenderCanvases() [Invoke]";0.0006;0.0004;0.1764;607;55;1;6;6;0.880699997127522;0.0009985261;0.0006;0.0007;882;1;1;1;882;1;0.0004;0.1764;55;1;0.0006
"EarlyUpdate.XRUpdate";0.0006;0.0004;0.0022;621;23;78;3;3;0.575399986613775;0.0006523809;0.0006;0.0007;882;1;1;1;882;1;0.0004;0.0022;23;78;0.0005
"EarlyUpdate.UnityWebRequestUpdate";0.0006;0.0003;0.0194;667;18;21;3;3;0.597699991310947;0.0006776644;0.0005;0.0007;882;1;1;1;882;1;0.0003;0.0194;18;21;0.0004
"suspendPointHook.Invoke";0.0006;0.0003;0.0055;703;593;674;7;7;0.591799989924766;0.0006709751;0.0005;0.0007;882;1;1;1;882;1;0.0003;0.0055;593;674;0.0005
"EarlyUpdate.UpdateStreamingManager";0.0006;0.0002;0.0134;707;231;685;3;3;0.598799988496467;0.0006789116;0.0005;0.0008;882;1;1;1;882;1;0.0002;0.0134;231;685;0.0006
"PhysX.ScScene.processLostContact3";0.0006;0.0002;0.0036;726;725;1;7;7;0.116399997663393;0.0006728324;0.0004;0.0008;184;1;1;3;173;1;0.0001;0.0036;691;1;0
"PostLateUpdate.UpdateRectTransform";0.0006;0.0003;0.0035;726;325;24;3;3;0.595999988465337;0.0006757369;0.0006;0.0007;882;1;1;1;882;1;0.0003;0.0035;325;24;0.001
"PostLateUpdate.UpdateResolution";0.0006;0.0004;0.0023;743;316;589;3;3;0.594799988699378;0.0006743764;0.0006;0.0007;882;1;1;1;882;1;0.0004;0.0023;316;589;0.0006
"UnityEngine.CoreModule.dll!UnityEngine.Rendering::OnDemandRendering..cctor()";0.0005;0.0005;0.0005;1;1;1;4;4;0.000500000023748726;0.0005;0.0005;0.0005;1;1;1;1;1;1;0.0005;0.0005;1;1;0
"UIEvents.CanvasManagerEmitOffScreenGeometry";0.0005;0.0003;0.0119;26;28;761;3;3;0.447699996497249;0.0005075964;0.0004;0.0005;882;1;1;1;882;1;0.0003;0.0119;28;761;0.0003
"PostLateUpdate.SortingGroupsUpdate";0.0005;0.0002;0.0011;92;493;54;3;3;0.424000000450178;0.0004807256;0.0004;0.0005;882;1;1;1;882;1;0.0002;0.0011;493;54;0.0005
"EarlyUpdate.UpdateTextureStreamingManager";0.0005;0.0002;0.0012;197;76;468;3;3;0.425200001351186;0.0004820862;0.0004;0.0005;882;1;1;1;882;1;0.0002;0.0012;76;468;0.0004
"UI.RenderOverlays";0.0005;0.0003;0.0127;197;1;354;10;10;0.462599998980295;0.0005244898;0.0004;0.0005;882;1;1;1;882;1;0.0003;0.0127;1;354;0.0004
"PhysX.ScScene.processLostSolverPatchesTask";0.0005;0.0001;0.001999999;216;358;34;7;7;0.509299994788307;0.0005774376;0.0005;0.0006;1787;2;1;17;882;1;0;0.0014;3;399;0.0005
"Profiler.FlushFileIOCounters";0.0005;0.0002;0.0011;289;12;369;2;2;0.437699999733013;0.0004962585;0.0004;0.0005;882;1;1;1;882;1;0.0002;0.0011;12;369;0.0005
"EarlyUpdate.UpdateAsyncInstantiate";0.0005;0.0002;0.0034;319;265;310;3;3;0.464899993356084;0.0005270975;0.0004;0.0006;882;1;1;1;882;1;0.0002;0.0034;265;310;0.0005
"PhysX.ScScene.postThirdPassIslandGenTask";0.0005;0.0002;0.006799999;332;137;622;7;7;0.527499988034833;0.0005980725;0.0005;0.0007;1799;2;1;17;882;1;0.0001;0.0021;4;622;0.0004
"FrameEvents.XREndFrame";0.0005;0.0002;0.0026;393;96;144;4;4;0.457699997306918;0.0005189342;0.0004;0.0006;882;1;1;1;882;1;0.0002;0.0026;96;144;0.0003
"GeneralConnection.Poll";0.0005;0.0002;0.0093;404;23;592;5;5;0.470899995794753;0.0005339002;0.0004;0.0006;882;1;1;1;882;1;0.0002;0.0093;23;592;0.0004
"CombineJobResults";0.0005;0;0.0082;414;333;699;7;12;0.595999999779451;0.002746544;0.0003;0.0068;244;1;1;3;217;2;0;0.0076;333;197;0
"Profiler.CollectGIStats";0.0005;0.0002;0.0109;522;202;677;3;3;0.480599998438265;0.000544898;0.0004;0.0006;882;1;1;1;882;1;0.0002;0.0109;202;677;0.0006
"ContentLoadFrontend.IntegrateUpdate";0.0005;0.0003;0.0316;580;12;380;4;4;0.516099995176774;0.0005851474;0.0004;0.0006;882;1;1;1;882;1;0.0003;0.0316;12;380;0.0006
"UIR.Free";0.0005;0.0003;0.002;625;8;22;5;5;0.48079999370384;0.0005457434;0.0004;0.0006;881;1;1;1;881;2;0.0003;0.002;8;22;0.0004
"LightCookies";0.0005;0.0003;0.0232;724;12;16;10;10;0.536999993841164;0.0006088435;0.0004;0.0006;882;1;1;1;882;1;0.0003;0.0232;12;16;0.0004
"PostLateUpdate.UpdateAllSkinnedMeshes";0.0005;0.0003;0.0421;781;73;723;3;3;0.561799997230992;0.0006369614;0.0005;0.0006;882;1;1;1;882;1;0.0003;0.0421;73;723;0.001
"EarlyUpdate.DispatchEventQueueEvents";0.0005;0.0003;0.0015;789;8;284;3;3;0.509999996022088;0.0005782313;0.0005;0.0006;882;1;1;1;882;1;0.0003;0.0015;8;284;0.0005
"QueuePrepareIntegrateMainThreadObjects";0.0005;0.0002;0.0051;62;660;414;9;10;0.447599986582645;0.000507483;0.0004;0.0005;1764;2;2;2;882;1;0.0001;0.005;29;414;0.0004
"PhysX.ScScene.preallocateContactManagers";0.0005;0.0002;0.0024;287;2;622;7;7;0.461299987386155;0.0005230159;0.0004;0.0006;1799;2;1;17;882;1;0;0.001;5;729;0.0003
"PhysX.ThirdPassIslandGenTask";0.0005;0.0002;0.0044;678;99;34;7;9;0.51089998750831;0.0005792517;0.0004;0.0006;1821;2;1;17;882;1;0;0.0027;13;501;0.0004
"Terrain.Trees.OnWillRender";0.0004;0;0.0012;2;480;733;9;11;0.332399991079001;0.0003768707;0.0003;0.0005;1764;2;2;2;882;1;0;0.001;18;325;0.0002
"Flush DSP connections";0.0004;0.0001;0.0023;11;18;348;7;7;0.328199991738074;0.0003721088;0.0003;0.0004;882;1;1;1;882;1;0.0001;0.0023;18;348;0.0004
"Application.FlushRenderStats";0.0004;0.0001;0.0189;38;196;274;2;2;0.353899992827792;0.0004012471;0.0003;0.0005;882;1;1;1;882;1;0.0001;0.0189;196;274;0.0003
"UnityEngine.UIModule.dll!UnityEngine::Canvas.SendWillRenderCanvases() [Invoke]";0.0004;0.0002;0.0285;47;10;1;6;6;0.356799993052846;0.0004045352;0.0003;0.0004;882;1;1;1;882;1;0.0002;0.0285;10;1;0.0003
"Set Motion Vector Global Matrices";0.0004;0.0002;0.0192;135;47;556;9;9;0.362999991106335;0.0004115646;0.0003;0.0004;882;1;1;1;882;1;0.0002;0.0192;47;556;0.0003
"Inl_Sort Render Passes";0.0004;0.0003;0.0923;176;2;1;8;8;0.436099989048671;0.0004944445;0.0003;0.0004;882;1;1;1;882;1;0.0003;0.0923;2;1;0.0012
"Inl_UniversalRenderPipeline.GetPerObjectLightFlags";0.0004;0.0003;0.0067;223;2;257;8;8;0.370899989735335;0.0004205215;0.0003;0.0004;882;1;1;1;882;1;0.0003;0.0067;2;257;0.0003
"GlobalEventQueue";0.0004;0.0001;0.0013;289;656;653;4;4;0.36049999268289;0.0004087301;0.0003;0.0005;882;1;1;1;882;1;0.0001;0.0013;656;653;0.0003
"ParticleSystem.EndUpdateAll";0.0004;0.0002;0.0019;292;43;101;4;5;0.357899988128338;0.0004057823;0.0003;0.0004;2647;3;3;4;882;1;0;0.0019;1;101;0.0004
"Physics2D.GetRayIntersection";0.0004;0.0002;0.0053;306;10;813;6;6;0.352799991611391;0.0004;0.0003;0.0004;882;1;1;1;882;1;0.0002;0.0053;10;813;0.0003
"addCustomLights.Invoke";0.0004;0.0001;0.0016;320;183;851;11;11;0.349399991115206;0.0003961451;0.0003;0.0004;6174;7;7;7;882;1;0;0.0008;1;561;0.0003
"EarlyUpdate.UpdateCanvasRectTransform";0.0004;0.0001;0.0013;347;447;137;3;3;0.354699993826216;0.0004021542;0.0003;0.0004;882;1;1;1;882;1;0.0001;0.0013;447;137;0.0003
"PostLateUpdate.ParticleSystemEndUpdateAll";0.0004;0.0003;0.002;380;2;101;3;3;0.365599991986528;0.0004145125;0.0004;0.0004;882;1;1;1;882;1;0.0003;0.002;2;101;0.0004
"UnityEngine.AccessibilityModule.dll!UnityEngine.Accessibility::AccessibilityManager.Internal_LateUpdate() [Invoke]";0.0004;0.0003;0.0748;381;8;1;4;4;0.453399992489722;0.0005140589;0.0003;0.0004;882;1;1;1;882;1;0.0003;0.0748;8;1;0.0004
"CleanUp.TextRenderingGarbageCollect";0.0004;0.0002;0.0034;420;35;385;6;6;0.378099994530203;0.0004286848;0.0003;0.0005;882;1;1;1;882;1;0.0002;0.0034;35;385;0.0002
"Physics2D.SyncColliderTransformChanges";0.0004;0.0002;0.0111;468;49;719;6;6;0.409699986630585;0.0004645124;0.0003;0.0005;1799;2;1;17;882;1;0.0001;0.0107;3;719;0.0003
"LowLevelPhysics2D.PhysicsWorld.WriteTransformTweens";0.0004;0.0003;0.001;482;1;364;5;5;0.365299994213274;0.0004141723;0.0004;0.0004;882;1;1;1;882;1;0.0003;0.001;1;364;0.0003
"PhysX.ScScene.postIslandGen";0.0004;0.0002;0.0026;585;79;622;7;7;0.435299986900645;0.0004935374;0.0003;0.0006;1779;2;1;17;882;1;0;0.0016;3;432;0.0003
"Director.PrepareFrame";0.0004;0;0.0043;630;297;10;4;4;0.408199990306457;0.0004628118;0.0003;0.0006;8008;9;7;39;882;1;0;0.004;1;10;0.0005
"Initialization.UpdateCameraMotionVectors";0.0004;0.0001;0.0026;646;102;835;3;3;0.413899996048713;0.0004692744;0.0004;0.0005;882;1;1;1;882;1;0.0001;0.0026;102;835;0.0004
"webRequestStop.Invoke";0.0004;0.0004;0.0011;676;22;2;4;4;0.00269999992451631;0.000675;0.0004;0.0008;5;1;1;2;4;2;0.0003;0.0008;2;2;0
"PostLateUpdate.UpdateVideoTextures";0.0004;0.0003;0.0968;745;32;225;3;3;0.49829999965732;0.000564966;0.0004;0.0005;882;1;1;1;882;1;0.0003;0.0968;32;225;0.0004
"PostLateUpdate.TriggerEndOfFrameCallbacks";0.0004;0.0002;0.0014;761;222;295;3;3;0.410799996941932;0.0004657596;0.0004;0.0005;882;1;1;1;882;1;0.0002;0.0014;222;295;0.0004
"PhysX.ScScene.ccdBroadPhase";0.0004;0.0002;0.027;853;172;233;7;7;0.467399985602242;0.000529932;0.0004;0.0005;1799;2;1;17;882;1;0;0.0268;3;233;0.0003
"PhysX.ScScene.updateBodiesAndShapes";0.0003;0.0001;0.0028;56;27;622;7;7;0.235099994089978;0.0002665533;0.0002;0.0003;1799;2;1;17;882;1;0;0.0018;3;622;0.0002
"Profiler.FrameMetadata";0.0003;0.0001;0.0271;103;1;842;5;5;1.09049998832779;0.001236395;0.0002;0.0003;939;1;1;2;882;1;0.0001;0.0265;1;842;0.0002
"EarlyUpdate.Physics2DEarlyUpdate";0.0003;0.0001;0.0014;163;5;510;3;3;0.252799993264489;0.0002866213;0.0002;0.0003;882;1;1;1;882;1;0.0001;0.0014;5;510;0.0002
"EarlyUpdate.PerformanceAnalyticsUpdate";0.0003;0.0002;0.0011;199;9;276;3;3;0.260099990904564;0.0002948979;0.0002;0.0003;882;1;1;1;882;1;0.0002;0.0011;9;276;0.0002
"PreLateUpdate.DirectorDeferredEvaluate";0.0003;0.0001;0.0048;244;33;722;3;3;0.260299991954525;0.0002951247;0.0002;0.0003;882;1;1;1;882;1;0.0001;0.0048;33;722;0.0003
"FindDirectionalShadowCastingLights";0.0003;0.0002;0.0021;269;1;586;10;10;0.254599990395945;0.0002886621;0.0002;0.0003;882;1;1;1;882;1;0.0002;0.0021;1;586;0.0003
"Update Lights";0.0003;0.0002;0.0013;286;8;1;4;4;0.259199991749483;0.0002938775;0.0002;0.0003;882;1;1;1;882;1;0.0002;0.0013;8;1;0.0002
"Director.ProcessFrame";0.0003;0;0.0012;313;55;340;4;4;0.264199993493094;0.0002995465;0.0002;0.0004;8008;9;7;39;882;1;0;0.0006;1;340;0.0001
"RG_SetupPostFX";0.0003;0.0001;0.001;320;39;549;9;9;0.266699991589121;0.0003023809;0.0002;0.0003;882;1;1;1;882;1;0.0001;0.001;39;549;0.0004
"PostLateUpdate.GUIClearEvents";0.0003;0;0.0018;366;551;871;3;3;0.277999991863908;0.0003151927;0.0002;0.0004;882;1;1;1;882;1;0;0.0018;551;871;0.0002
"PhysX.ScScene.ccdBroadPhaseAABB";0.0003;0.0001;0.001899999;400;60;34;7;7;0.275799992945394;0.0003126984;0.0002;0.0003;1799;2;1;17;882;1;0;0.0007;3;501;0.0003
"EarlyUpdate.UpdateAsyncReadbackManager";0.0003;0.0001;0.001;409;232;78;3;3;0.272999990011158;0.0003095238;0.0003;0.0003;882;1;1;1;882;1;0.0001;0.001;232;78;0.0002
"SkinnedMeshOncePerFrameUpdate";0.0003;0;0.003;423;49;722;5;5;0.274299991724547;0.0003109977;0.0002;0.0004;882;1;1;1;882;1;0;0.003;49;722;0.0001
"TextRendering.CollectGarbage";0.0003;0;0.0016;424;796;113;4;4;0.293199993582675;0.0003324263;0.0002;0.0004;882;1;1;1;882;1;0;0.0016;796;113;0.0003
"FixedUpdate.ClearLines";0.0003;0;0.0035;440;134;791;3;3;0.35229999517469;0.0003994331;0.0002;0.0006;1799;2;1;17;882;1;0;0.0019;3;791;0.0001
"FinalizeUpdateRendererBoundingVolumes";0.0003;0.0001;2.9397;449;17;1;4;5;3.2134000864171;0.003643311;0.0003;0.0003;883;1;1;2;882;1;0.0001;2.9388;17;1;0.0003
"EarlyUpdate.TilemapRendererEarlyUpdate";0.0003;0.0001;0.0107;541;49;751;3;3;0.300199990582769;0.0003403628;0.0003;0.0004;882;1;1;1;882;1;0.0001;0.0107;49;751;0.0003
"PreLateUpdate.AIUpdatePostScript";0.0003;0.0002;0.0032;580;31;529;3;3;0.316599989368115;0.0003589569;0.0003;0.0004;882;1;1;1;882;1;0.0002;0.0032;31;529;0.0003
"PhysX.ScScene.fetchPatchEventsTask";0.0003;0.0001;0.2761;608;840;18;7;7;0.594599980671774;0.0006741497;0.0003;0.0004;1799;2;1;17;882;1;0;0.2758;3;18;0.0002
"PostLateUpdate.UpdateVideo";0.0003;0.0002;0.0028;696;32;562;3;3;0.322699989366811;0.000365873;0.0003;0.0004;882;1;1;1;882;1;0.0002;0.0028;32;562;0.0002
"ConstraintManager::Update";0.0003;0.0002;0.0117;697;110;713;4;4;0.329999990397482;0.0003741496;0.0003;0.0004;882;1;1;1;882;1;0.0002;0.0117;110;713;0.0003
"Inl_RenderPipeline.BeginCameraRendering";0.0003;0.0002;0.0876;710;103;1;6;6;0.412099989422131;0.0004672335;0.0003;0.0004;882;1;1;1;882;1;0.0002;0.0876;103;1;0.0004
"Update.DirectorUpdate";0.0003;0.0002;0.0052;720;20;778;3;3;0.343099990219343;0.0003890023;0.0003;0.0004;882;1;1;1;882;1;0.0002;0.0052;20;778;0.0003
"PhysX.ScScene.constraintProjection";0.0003;0.0002;0.0187;852;46;856;7;7;0.346099988928472;0.0003924036;0.0003;0.0004;1799;2;1;17;882;1;0;0.0186;3;856;0.0004
"FixedUpdate.DirectorFixedSampleTime";0.0003;0.0001;0.0105;862;49;655;3;3;0.342999990418321;0.0003888889;0.0003;0.0005;1799;2;1;17;882;1;0;0.0104;3;655;0.0002
"Inl_RenderPipeline.EndContextRendering";0.0003;0.0001;0.108;867;36;1;5;5;0.433799993159482;0.0004918367;0.0003;0.0004;882;1;1;1;882;1;0.0001;0.108;36;1;0.0001
"Unity.RenderPipelines.Core.Runtime.dll!UnityEngine.Rendering.RenderGraphModule::ResourceHandle..cctor()";0.0002;0.0002;0.0002;1;1;1;8;8;0.000199999994947575;0.0002;0.0002;0.0002;1;1;1;1;1;1;0.0002;0.0002;1;1;0
"Unity.RenderPipelines.Universal.Runtime.dll!UnityEngine.Rendering.Universal::RTHandleResourcePool..cctor()";0.0002;0.0002;0.0002;1;1;1;4;4;0.000199999994947575;0.0002;0.0002;0.0002;1;1;1;1;1;1;0.0002;0.0002;1;1;0
"UnityEngine.AdaptivePerformanceModule.dll!UnityEngine.AdaptivePerformance::AdaptivePerformanceRenderSettings..cctor()";0.0002;0.0002;0.0002;1;1;1;5;5;0.000199999994947575;0.0002;0.0002;0.0002;1;1;1;1;1;1;0.0002;0.0002;1;1;0
"UnityEngine.CoreModule.dll!UnityEngine.Rendering::DrawingSettings..cctor()";0.0002;0.0002;0.0002;1;1;1;10;10;0.000199999994947575;0.0002;0.0002;0.0002;1;1;1;1;1;1;0.0002;0.0002;1;1;0
"UnityEngine.CoreModule.dll!UnityEngine.Rendering::ScriptableCullingParameters..cctor()";0.0002;0.0002;0.0002;1;1;1;8;8;0.000199999994947575;0.0002;0.0002;0.0002;1;1;1;1;1;1;0.0002;0.0002;1;1;0
"UnityEngine.CoreModule.dll!UnityEngine.Rendering::ShadowSplitData..cctor()";0.0002;0.0002;0.0002;1;1;1;8;8;0.000199999994947575;0.0002;0.0002;0.0002;1;1;1;1;1;1;0.0002;0.0002;1;1;0
"PhysX.ScScene.updateSimulationController";0.0002;0.0001;0.0008;11;12;9;9;9;0.00589999983640155;0.000236;0.0001;0.0003;37;1;1;3;25;2;0;0.0008;8;9;0
"PhysX.ScScene.registerInteractions";0.0002;0.0001;0.0006;21;8;13;9;9;0.00389999989420176;0.0002294118;0.0001;0.0003;36;1;1;8;17;3;0;0.0003;13;6;0
"PreLateUpdate.DirectorUpdateAnimationBegin";0.0002;0.0001;0.0004;22;5;223;3;3;0.135999996397004;0.000154195;0.0001;0.0002;882;1;1;1;882;1;0.0001;0.0004;5;223;0.0002
"Shadows.CombineLocalShadowCasterBoundsAndDestroyJob";0.0002;0.0002;0.0004;25;25;8;11;11;0.000599999984842725;0.0003;0.0002;0.0002;2;1;1;1;2;8;0.0002;0.0004;25;8;0
"PostLateUpdate.DirectorLateUpdate";0.0002;0.0001;0.0009;69;12;1;3;3;0.142999996161961;0.0001621315;0.0001;0.0002;882;1;1;1;882;1;0.0001;0.0009;12;1;0.0002
"TextureStreamingManager.Update";0.0002;0;0.0006;75;37;5;4;4;0.137699996645097;0.0001561224;0.0001;0.0002;882;1;1;1;882;1;0;0.0006;37;5;0.0001
"ParticleSystem.WaitForPreviousRenderingToFinish";0.0002;0;0.0007;82;22;680;5;5;0.141099996450066;0.0001599773;0.0001;0.0002;882;1;1;1;882;1;0;0.0007;22;680;0.0001
"NavMeshManager";0.0002;0.0001;0.0031;96;5;529;4;4;0.164199995786475;0.0001861678;0.0001;0.0002;882;1;1;1;882;1;0.0001;0.0031;5;529;0.0001
"PreUpdate.CheckTexFieldInput";0.0002;0;0.0011;112;10;213;3;3;0.149999995839607;0.000170068;0.0001;0.0002;882;1;1;1;882;1;0;0.0011;10;213;0.0002
"PhysX.ScScene.unblockNarrowPhase";0.0002;0;0.0059;124;32;640;7;7;0.163299995525449;0.0001851474;0.0001;0.0002;1799;2;1;17;882;1;0;0.0059;3;640;0.0001
"EarlyUpdate.UpdateMainGameViewRect";0.0002;0;0.0022;149;5;820;3;3;0.176299995764566;0.0001998866;0.0001;0.0002;882;1;1;1;882;1;0;0.0022;5;820;0.0001
"PostLateUpdate.BatchModeUpdate";0.0002;0;0.0021;186;94;10;3;3;0.161399995529791;0.0001829932;0.0001;0.0002;882;1;1;1;882;1;0;0.0021;94;10;0.0001
"PostLateUpdate.XRPreEndFrame";0.0002;0.0001;0.0024;225;2;489;3;3;0.162599995666824;0.0001843537;0.0001;0.0002;882;1;1;1;882;1;0.0001;0.0024;2;489;0.0002
"PreLateUpdate.DirectorUpdateAnimationEnd";0.0002;0.0001;0.001;277;2;340;3;3;0.164399995221174;0.0001863946;0.0001;0.0002;882;1;1;1;882;1;0.0001;0.001;2;340;0.0003
"Update.ScriptRunDelayedDynamicFrameRate";0.0002;0.0001;2957.678;330;7;1;3;3;2957.8447785115;3.353565;0.0001;0.0002;882;1;1;1;882;1;0.0001;2957.678;7;1;0.0002
"Initialization.SynchronizeState";0.0002;0.0001;0.0053;344;3;837;3;3;0.168799995662994;0.0001913832;0.0002;0.0002;882;1;1;1;882;1;0.0001;0.0053;3;837;0.0003
"EditorConnection.RefreshObservablePlayerList";0.0002;0;0.0006;366;6;196;5;5;0.173799995107402;0.0001970522;0.0001;0.0002;882;1;1;1;882;1;0;0.0006;6;196;0.0002
"PhysX.PostThirdPassTask";0.0002;0;0.002;404;71;34;7;7;0.185799995335401;0.0002111364;0.0001;0.0002;1761;2;1;17;880;1;0;0.0005;3;45;0.0002
"PreLateUpdate.LegacyAnimationUpdate";0.0002;0.0001;0.0015;410;5;22;3;3;0.189099994924618;0.0002143991;0.0001;0.0003;882;1;1;1;882;1;0.0001;0.0015;5;22;0.0003
"PostLateUpdate.DirectorRenderImage";0.0002;0.0001;0.0018;413;11;1;3;3;0.182699994955328;0.0002071428;0.0002;0.0002;882;1;1;1;882;1;0.0001;0.0018;11;1;0.0002
"PhysX.ScScene.lostTouchReports";0.0002;0;0.0058;417;19;563;7;7;0.193899995319953;0.0002198413;0.0001;0.0002;1799;2;1;17;882;1;0;0.0057;3;563;0.0001
"EarlyUpdate.GpuTimestamp";0.0002;0;0.0008;427;414;269;3;3;0.176499995031918;0.0002001134;0.0002;0.0002;882;1;1;1;882;1;0;0.0008;414;269;0.0002
"UpdateRendererBoundingVolumes";0.0002;0.0001;1.4791;451;6;1;5;8;1.6652999504222;0.001888095;0.0002;0.0002;883;1;1;2;882;1;0.0001;1.4789;6;1;0.0002
"FindShadowCastingLights";0.0002;0.0001;0.002;483;52;586;11;11;0.192799994321831;0.0002185941;0.0002;0.0002;882;1;1;1;882;1;0.0001;0.002;52;586;0.0002
"UIEvents.UpdateCanvasRectTransform";0.0002;0;0.0022;503;68;699;4;4;0.197799994108209;0.000224263;0.0001;0.0003;882;1;1;1;882;1;0;0.0022;68;699;0.0003
"ScheduleCullingGroups";0.0002;0.0001;0.0011;552;17;84;8;8;0.200199993778369;0.0002269841;0.0002;0.0003;882;1;1;1;882;1;0.0001;0.0011;17;84;0.0003
"EarlyUpdate.ResetFrameStatsAfterPresent";0.0002;0.0001;0.0007;572;23;226;3;3;0.202899993411847;0.0002300453;0.0002;0.0003;882;1;1;1;882;1;0.0001;0.0007;23;226;0.0003
"PostLateUpdate.XRPostLateUpdate";0.0002;0.0001;0.0011;573;3;78;3;3;0.204299993696623;0.0002316326;0.0002;0.0003;882;1;1;1;882;1;0.0001;0.0011;3;78;0.0002
"PostLateUpdate.InputEndFrame";0.0002;0.0001;0.0064;645;8;12;3;3;0.227199993365502;0.0002575964;0.0002;0.0003;882;1;1;1;882;1;0.0001;0.0064;8;12;0.0002
"Physics.CalculateChangedBodyTransforms";0.0002;0.0001;0.0038;745;29;791;6;6;0.224599994297023;0.0002546485;0.0002;0.0003;1799;2;1;17;882;1;0;0.0021;3;791;0.0001
"FixedUpdate.XRFixedUpdate";0.0002;0;0.0103;808;459;752;3;3;0.25119999396702;0.0002848073;0.0002;0.0003;1799;2;1;17;882;1;0;0.0101;3;752;0.0002
"ClothScene.Update";0.0002;0.0001;0.0011;811;294;1;5;5;0.233199991926085;0.0002643991;0.0002;0.0003;882;1;1;1;882;1;0.0001;0.0011;294;1;0.0001
"SoundManager.Update";0.0002;0;0.0012;830;149;671;4;4;0.224999992831727;0.000255102;0.0002;0.0003;882;1;1;1;882;1;0;0.0012;149;671;0.0001
"EarlyUpdate.SpriteAtlasManagerUpdate";0.0002;0.0002;0.0009;856;2;34;3;3;0.227899991310551;0.00025839;0.0002;0.0003;882;1;1;1;882;1;0.0002;0.0009;2;34;0.0002
"Unity.RenderPipelines.Core.Runtime.dll!UnityEngine.Rendering.RenderGraphModule::TextureHandle..cctor()";0.0001;0.0001;0.0001;1;1;1;5;5;9.99999974737875E-05;0.0001;0.0001;0.0001;1;1;1;1;1;1;0.0001;0.0001;1;1;0
"Unity.RenderPipelines.Core.Runtime.dll!UnityEngine.Rendering::ColorUtils..cctor()";0.0001;0.0001;0.0001;1;1;1;10;10;9.99999974737875E-05;0.0001;0.0001;0.0001;1;1;1;1;1;1;0.0001;0.0001;1;1;0
"Unity.RenderPipelines.Core.Runtime.dll!UnityEngine.Rendering::TextureXR..cctor()";0.0001;0.0001;0.0001;1;1;1;4;4;9.99999974737875E-05;0.0001;0.0001;0.0001;1;1;1;1;1;1;0.0001;0.0001;1;1;0
"UnityEngine.CoreModule.dll!UnityEngine.Rendering::RenderQueueRange..cctor()";0.0001;0.0001;0.0001;1;1;1;4;4;9.99999974737875E-05;0.0001;0.0001;0.0001;1;1;1;1;1;1;0.0001;0.0001;1;1;0
"UnityEngine.CoreModule.dll!UnityEngine.Rendering::RenderTargetIdentifier..cctor()";0.0001;0.0001;0.0001;1;1;1;6;6;9.99999974737875E-05;0.0001;0.0001;0.0001;1;1;1;1;1;1;0.0001;0.0001;1;1;0
"PostLateUpdate.ResetInputAxis";0.0001;0;0.0016;23;2;796;3;3;0.0496999987663003;5.634921E-05;0;0.0001;882;1;1;1;882;1;0;0.0016;2;796;0
"Connections.Process";0.0001;0;0.0002;62;3;174;6;6;0.0471999988076277;5.351474E-05;0;0.0001;882;1;1;1;882;1;0;0.0002;3;174;0
"Physics.WriteRigidbodyPoses";0.0001;0;0.0106;101;1;670;6;6;0.0764999980892753;8.673469E-05;0;0.0001;1799;2;1;17;882;1;0;0.0106;1;670;0.0001
"Send messages";0.0001;0;0.0006;281;1;84;5;5;0.0769999980693683;8.730158E-05;0;0.0001;882;1;1;1;882;1;0;0.0006;1;84;0.0002
"Setup Debug Properties";0.0001;0;0.0199;321;1;16;9;9;0.0921999978818349;0.0001045351;0.0001;0.0001;882;1;1;1;882;1;0;0.0199;1;16;0.0001
"ClothManager.UploadSimulatedSkinData";0.0001;0;0.0221;330;2;855;4;4;0.0952999978835578;0.0001080499;0.0001;0.0001;882;1;1;1;882;1;0;0.0221;2;855;0
"PostLateUpdate.EndGraphicsJobsAfterScriptLateUpdate";0.0001;0;0.0002;432;2;1;3;3;0.0881999977718806;0.0001;0.0001;0.0001;882;1;1;1;882;1;0;0.0002;2;1;0.0001
"PhysX.Completion Task";0.0001;0;0.0009;483;26;34;7;7;0.0975999975344166;0.0001106576;0.0001;0.0002;1799;2;1;17;882;1;0;0.0002;3;30;0
"Semaphore.WaitForSignal";0.0001;0;0.0009;515;77;2;3;6;0.1042999974743;0.000118254;0.0001;0.0001;883;1;1;2;882;1;0;0.0006;77;2;0.0001
"SortingGroupManager.Update";0.0001;0.0001;0.0006;598;2;20;4;4;0.118499997312028;0.0001343537;0.0001;0.0002;882;1;1;1;882;1;0.0001;0.0006;2;20;0.0001
"PostLateUpdate.ScriptRunDelayedDynamicFrameRate";0.0001;0.0001;0.0011;670;3;1;3;3;0.122199996854761;0.0001385488;0.0001;0.0002;882;1;1;1;882;1;0.0001;0.0011;3;1;0.0001
"PostLateUpdate.PhysicsSkinnedClothFinishUpdate";0.0001;0.0001;0.0221;704;3;855;3;3;0.144199996655516;0.0001634921;0.0001;0.0002;882;1;1;1;882;1;0.0001;0.0221;3;855;0.0002
"PhysX.ScScene.processNpLostTouchTask";0.0001;0;0.0024;754;1;622;7;7;0.132399996604363;0.0001501134;0.0001;0.0002;1799;2;1;17;882;1;0;0.0014;1;622;0.0001
"Profiler.CollectUICanvasStats";0.0001;0;0.0013;777;153;779;3;3;0.132499996900151;0.0001502268;0.0001;0.0002;882;1;1;1;882;1;0;0.0013;153;779;0.0002
"Component.SetGameObject";0;0;0;1;1;1;4;9;0;0;0;0;1479188;1479188;1479188;1479188;1;1;0;0;1;1;0
"GfxResource.Unregister";0;0;0;2;2;2;6;6;0;0;0;0;11;3;3;8;2;2;0;0;2;2;0
"Object.Unregister";0;0;0;2;1;1;6;6;0;0;0;0;2075503;8;1;2075494;3;1;0;0;1;1;0
"PhysX.ScScene.unregisterInteractions";0;0;0.0001;22;4;6;9;9;0.000299999992421363;5E-05;0;0.0001;6;1;1;1;6;4;0;0.0001;4;6;0
"GfxResource.Register";0;0;0;76;1;1;4;10;0;0;0;0;147;3;3;114;11;1;0;0;1;1;0
"Object.Register";0;0;0;76;1;1;4;10;0;0;0;0;2196078;1;1;2196067;11;1;0;0;1;1;0
"Object.SetName";0;0;0;76;1;1;4;10;0;0;0;0;352961;1;1;352950;11;1;0;0;1;1;0
"Active Constraints";0;0;0;441;1;1;3;5;0;0;0;0;1764;2;2;2;882;1;0;0;1;1;0
"Active Dynamic Bodies";0;0;0;441;1;1;3;5;0;0;0;0;1764;2;2;2;882;1;0;0;1;1;0
"Active Kinematic Bodies";0;0;0;441;1;1;3;5;0;0;0;0;1764;2;2;2;882;1;0;0;1;1;0
"Added Contacts";0;0;0;441;1;1;3;3;0;0;0;0;882;1;1;1;882;1;0;0;1;1;0
"AnimationClip Count";0;0;0;441;1;1;3;3;0;0;0;0;882;1;1;1;882;1;0;0;1;1;0
"AnimationClip Memory";0;0;0;441;1;1;3;3;0;0;0;0;882;1;1;1;882;1;0;0;1;1;0
"App Committed Memory";0;0;0;441;1;1;3;3;0;0;0;0;882;1;1;1;882;1;0;0;1;1;0
"App Resident Memory";0;0;0;441;1;1;3;3;0;0;0;0;882;1;1;1;882;1;0;0;1;1;0
"Articulation Bodies";0;0;0;441;1;1;3;5;0;0;0;0;1764;2;2;2;882;1;0;0;1;1;0
"Asleep Bodies";0;0;0;441;1;1;3;3;0;0;0;0;882;1;1;1;882;1;0;0;1;1;0
"Asleep Shapes";0;0;0;441;1;1;3;3;0;0;0;0;882;1;1;1;882;1;0;0;1;1;0
"Asset Count";0;0;0;441;1;1;3;3;0;0;0;0;882;1;1;1;882;1;0;0;1;1;0
"Atlases";0;0;0;441;1;1;3;3;0;0;0;0;882;1;1;1;882;1;0;0;1;1;0
"Audio Reads";0;0;0;441;1;1;3;3;0;0;0;0;882;1;1;1;882;1;0;0;1;1;0
"Audio Reserved Memory";0;0;0;441;1;1;3;3;0;0;0;0;882;1;1;1;882;1;0;0;1;1;0
"Audio Used Memory";0;0;0;441;1;1;3;3;0;0;0;0;882;1;1;1;882;1;0;0;1;1;0
"AudioClip Count";0;0;0;441;1;1;3;3;0;0;0;0;882;1;1;1;882;1;0;0;1;1;0
"AudioClip Memory";0;0;0;441;1;1;3;3;0;0;0;0;882;1;1;1;882;1;0;0;1;1;0
"Awake Bodies";0;0;0;441;1;1;3;3;0;0;0;0;882;1;1;1;882;1;0;0;1;1;0
"Awake Shapes";0;0;0;441;1;1;3;3;0;0;0;0;882;1;1;1;882;1;0;0;1;1;0
"BeginJob";0;0;0;441;1;1;6;14;0;0;0;0;12207;13;2;67;882;1;0;0;1;1;0
"Broadphase Adds";0;0;0;441;1;1;3;5;0;0;0;0;1764;2;2;2;882;1;0;0;1;1;0
"Broadphase Adds/Removes";0;0;0;441;1;1;3;5;0;0;0;0;1764;2;2;2;882;1;0;0;1;1;0
"Broadphase Pairs";0;0;0;441;1;1;3;3;0;0;0;0;882;1;1;1;882;1;0;0;1;1;0
"Broadphase Removes";0;0;0;441;1;1;3;5;0;0;0;0;1764;2;2;2;882;1;0;0;1;1;0
"Broadphase Updates";0;0;0;441;1;1;3;3;0;0;0;0;882;1;1;1;882;1;0;0;1;1;0
"Colliders Synced";0;0;0;441;1;1;3;5;0;0;0;0;1764;2;2;2;882;1;0;0;1;1;0
"Collision Enter";0;0;0;441;1;1;3;3;0;0;0;0;882;1;1;1;882;1;0;0;1;1;0
"Collision Exit";0;0;0;441;1;1;3;3;0;0;0;0;882;1;1;1;882;1;0;0;1;1;0
"Collision Stay";0;0;0;441;1;1;3;3;0;0;0;0;882;1;1;1;882;1;0;0;1;1;0
"Continuous Bodies";0;0;0;441;1;1;3;3;0;0;0;0;882;1;1;1;882;1;0;0;1;1;0
"Continuous Overlaps";0;0;0;441;1;1;3;5;0;0;0;0;1764;2;2;2;882;1;0;0;1;1;0
"CPU Main Thread Frame Time";0;0;0;441;1;1;3;3;0;0;0;0;882;1;1;1;882;1;0;0;1;1;0
"CPU Render Thread Frame Time";0;0;0;441;1;1;3;3;0;0;0;0;882;1;1;1;882;1;0;0;1;1;0
"CPU Total Frame Time";0;0;0;441;1;1;3;3;0;0;0;0;882;1;1;1;882;1;0;0;1;1;0
"Discreet Overlaps";0;0;0;441;1;1;3;5;0;0;0;0;1764;2;2;2;882;1;0;0;1;1;0
"Discrete Bodies";0;0;0;441;1;1;3;3;0;0;0;0;882;1;1;1;882;1;0;0;1;1;0
"Dynamic Bodies";0;0;0;441;1;1;3;5;0;0;0;0;2646;3;3;3;882;1;0;0;1;1;0
"Dynamic Shapes";0;0;0;441;1;1;3;3;0;0;0;0;882;1;1;1;882;1;0;0;1;1;0
"EndJob";0;0;0;441;1;1;6;14;0;0;0;0;12207;13;2;67;882;1;0;0;1;1;0
"Entities Reads";0;0;0;441;1;1;3;3;0;0;0;0;882;1;1;1;882;1;0;0;1;1;0
"File Bytes Read";0;0;0;441;1;1;3;3;0;0;0;0;882;1;1;1;882;1;0;0;1;1;0
"File Bytes Written";0;0;0;441;1;1;3;3;0;0;0;0;882;1;1;1;882;1;0;0;1;1;0
"File Handles Open";0;0;0;441;1;1;3;3;0;0;0;0;882;1;1;1;882;1;0;0;1;1;0
"File Reads Finished";0;0;0;441;1;1;3;3;0;0;0;0;882;1;1;1;882;1;0;0;1;1;0
"File Reads Started";0;0;0;441;1;1;3;3;0;0;0;0;882;1;1;1;882;1;0;0;1;1;0
"File Seeks";0;0;0;441;1;1;3;3;0;0;0;0;882;1;1;1;882;1;0;0;1;1;0
"Files Closed";0;0;0;441;1;1;3;3;0;0;0;0;882;1;1;1;882;1;0;0;1;1;0
"Files Opened";0;0;0;441;1;1;3;3;0;0;0;0;882;1;1;1;882;1;0;0;1;1;0
"Game Object Count";0;0;0;441;1;1;3;3;0;0;0;0;882;1;1;1;882;1;0;0;1;1;0
"GC Allocated In Frame";0;0;0;441;1;1;3;3;0;0;0;0;882;1;1;1;882;1;0;0;1;1;0
"GC Allocation In Frame Count";0;0;0;441;1;1;3;3;0;0;0;0;882;1;1;1;882;1;0;0;1;1;0
"GC Reserved Memory";0;0;0;441;1;1;3;3;0;0;0;0;882;1;1;1;882;1;0;0;1;1;0
"GC Used Memory";0;0;0;441;1;1;3;3;0;0;0;0;882;1;1;1;882;1;0;0;1;1;0
"GetContacts Queries";0;0;0;441;1;1;3;3;0;0;0;0;882;1;1;1;882;1;0;0;1;1;0
"Gfx Reserved Memory";0;0;0;441;1;1;3;3;0;0;0;0;882;1;1;1;882;1;0;0;1;1;0
"Gfx Used Memory";0;0;0;441;1;1;3;3;0;0;0;0;882;1;1;1;882;1;0;0;1;1;0
"Global Illumination Support";0;0;0;441;1;1;3;3;0;0;0;0;882;1;1;1;882;1;0;0;1;1;0
"GPU Frame Time";0;0;0;441;1;1;3;3;0;0;0;0;882;1;1;1;882;1;0;0;1;1;0
"IsTouching Queries";0;0;0;441;1;1;3;3;0;0;0;0;882;1;1;1;882;1;0;0;1;1;0
"KickJobs";0;0;0;441;1;1;5;12;0;0;0;0;230028;17;17;178782;882;1;0;0;1;1;0
"Kinematic Bodies";0;0;0;441;1;1;3;3;0;0;0;0;882;1;1;1;882;1;0;0;1;1;0
"Kinematic Shapes";0;0;0;441;1;1;3;3;0;0;0;0;882;1;1;1;882;1;0;0;1;1;0
"Material Count";0;0;0;441;1;1;3;3;0;0;0;0;882;1;1;1;882;1;0;0;1;1;0
"Material Memory";0;0;0;441;1;1;3;3;0;0;0;0;882;1;1;1;882;1;0;0;1;1;0
"Max Cache Demand";0;0;0;441;1;1;3;3;0;0;0;0;882;1;1;1;882;1;0;0;1;1;0
"Max Cache Mip Bias";0;0;0;441;1;1;3;3;0;0;0;0;882;1;1;1;882;1;0;0;1;1;0
"Mesh Count";0;0;0;441;1;1;3;3;0;0;0;0;882;1;1;1;882;1;0;0;1;1;0
"Mesh Memory";0;0;0;441;1;1;3;3;0;0;0;0;882;1;1;1;882;1;0;0;1;1;0
"Mesh Reads";0;0;0;441;1;1;3;3;0;0;0;0;882;1;1;1;882;1;0;0;1;1;0
"Missing Disk Data";0;0;0;441;1;1;3;3;0;0;0;0;882;1;1;1;882;1;0;0;1;1;0
"Missing Streaming Tiles";0;0;0;441;1;1;3;3;0;0;0;0;882;1;1;1;882;1;0;0;1;1;0
"Modified Overlaps";0;0;0;441;1;1;3;5;0;0;0;0;1764;2;2;2;882;1;0;0;1;1;0
"Narrowphase Lost Touches";0;0;0;441;1;1;3;5;0;0;0;0;1764;2;2;2;882;1;0;0;1;1;0
"Narrowphase New Touches";0;0;0;441;1;1;3;5;0;0;0;0;1764;2;2;2;882;1;0;0;1;1;0
"Narrowphase Touches";0;0;0;441;1;1;3;5;0;0;0;0;1764;2;2;2;882;1;0;0;1;1;0
"Object Count";0;0;0;441;1;1;3;3;0;0;0;0;882;1;1;1;882;1;0;0;1;1;0
"Other Reads";0;0;0;441;1;1;3;3;0;0;0;0;882;1;1;1;882;1;0;0;1;1;0
"Overlap Queries";0;0;0;441;1;1;3;3;0;0;0;0;882;1;1;1;882;1;0;0;1;1;0
"Overlaps";0;0;0;441;1;1;3;5;0;0;0;0;1764;2;2;2;882;1;0;0;1;1;0
"Particle Queries";0;0;0;441;1;1;3;3;0;0;0;0;882;1;1;1;882;1;0;0;1;1;0
"Physics Queries";0;0;0;441;1;1;3;5;0;0;0;0;1764;2;2;2;882;1;0;0;1;1;0
"Physics Used Memory";0;0;0;441;1;1;3;5;0;0;0;0;1764;2;2;2;882;1;0;0;1;1;0
"Physics Used Memory (2D)";0;0;0;441;1;1;3;3;0;0;0;0;882;1;1;1;882;1;0;0;1;1;0
"Profiler Reserved Memory";0;0;0;441;1;1;3;3;0;0;0;0;882;1;1;1;882;1;0;0;1;1;0
"Profiler Used Memory";0;0;0;441;1;1;3;3;0;0;0;0;882;1;1;1;882;1;0;0;1;1;0
"Raycast Queries";0;0;0;441;1;1;3;3;0;0;0;0;882;1;1;1;882;1;0;0;1;1;0
"Read From Disk";0;0;0;441;1;1;3;3;0;0;0;0;882;1;1;1;882;1;0;0;1;1;0
"Reads in Flight";0;0;0;441;1;1;3;3;0;0;0;0;882;1;1;1;882;1;0;0;1;1;0
"Removed Contacts";0;0;0;441;1;1;3;3;0;0;0;0;882;1;1;1;882;1;0;0;1;1;0
"Render Textures Bytes";0;0;0;441;1;1;3;3;0;0;0;0;882;1;1;1;882;1;0;0;1;1;0
"Render Textures Count";0;0;0;441;1;1;3;3;0;0;0;0;882;1;1;1;882;1;0;0;1;1;0
"Required Tiles";0;0;0;441;1;1;3;3;0;0;0;0;882;1;1;1;882;1;0;0;1;1;0
"Rigidbodies Synced";0;0;0;441;1;1;3;5;0;0;0;0;1764;2;2;2;882;1;0;0;1;1;0
"Scene Object Count";0;0;0;441;1;1;3;3;0;0;0;0;882;1;1;1;882;1;0;0;1;1;0
"ScheduleAllocJob";0;0;0;441;1;1;7;12;0;0;0;0;9976;11;10;24;882;1;0;0;1;1;0
"ScheduleJob";0;0;0;441;1;1;4;13;0;0;0;0;44518;50;37;234;882;1;0;0;1;1;0
"Scripting Reads";0;0;0;441;1;1;3;3;0;0;0;0;882;1;1;1;882;1;0;0;1;1;0
"Shapecast Queries";0;0;0;441;1;1;3;3;0;0;0;0;882;1;1;1;882;1;0;0;1;1;0
"Solver Continuous Islands";0;0;0;441;1;1;3;3;0;0;0;0;882;1;1;1;882;1;0;0;1;1;0
"Solver Discrete Islands";0;0;0;441;1;1;3;3;0;0;0;0;882;1;1;1;882;1;0;0;1;1;0
"Solver Simulation Count";0;0;0;441;1;1;3;3;0;0;0;0;882;1;1;1;882;1;0;0;1;1;0
"Solver World Count";0;0;0;441;1;1;3;3;0;0;0;0;882;1;1;1;882;1;0;0;1;1;0
"Static Bodies";0;0;0;441;1;1;3;3;0;0;0;0;882;1;1;1;882;1;0;0;1;1;0
"Static Colliders";0;0;0;441;1;1;3;5;0;0;0;0;1764;2;2;2;882;1;0;0;1;1;0
"Static Shapes";0;0;0;441;1;1;3;3;0;0;0;0;882;1;1;1;882;1;0;0;1;1;0
"System Total Used Memory";0;0;0;441;1;1;3;3;0;0;0;0;882;1;1;1;882;1;0;0;1;1;0
"System Used Memory";0;0;0;441;1;1;3;3;0;0;0;0;882;1;1;1;882;1;0;0;1;1;0
"Texture Count";0;0;0;441;1;1;3;3;0;0;0;0;882;1;1;1;882;1;0;0;1;1;0
"Texture Memory";0;0;0;441;1;1;3;3;0;0;0;0;882;1;1;1;882;1;0;0;1;1;0
"Texture Reads";0;0;0;441;1;1;3;3;0;0;0;0;882;1;1;1;882;1;0;0;1;1;0
"Total Bodies";0;0;0;441;1;1;3;3;0;0;0;0;882;1;1;1;882;1;0;0;1;1;0
"Total Callbacks";0;0;0;441;1;1;3;3;0;0;0;0;882;1;1;1;882;1;0;0;1;1;0
"Total Contacts";0;0;0;441;1;1;3;3;0;0;0;0;882;1;1;1;882;1;0;0;1;1;0
"Total CPU Cache Size";0;0;0;441;1;1;3;3;0;0;0;0;882;1;1;1;882;1;0;0;1;1;0
"Total GPU Cache Size";0;0;0;441;1;1;3;3;0;0;0;0;882;1;1;1;882;1;0;0;1;1;0
"Total Joints";0;0;0;441;1;1;3;3;0;0;0;0;882;1;1;1;882;1;0;0;1;1;0
"Total Queries";0;0;0;441;1;1;3;3;0;0;0;0;882;1;1;1;882;1;0;0;1;1;0
"Total Reserved Memory";0;0;0;441;1;1;3;3;0;0;0;0;882;1;1;1;882;1;0;0;1;1;0
"Total Shapes";0;0;0;441;1;1;3;3;0;0;0;0;882;1;1;1;882;1;0;0;1;1;0
"Total Transform Sync Calls";0;0;0;441;1;1;3;3;0;0;0;0;882;1;1;1;882;1;0;0;1;1;0
"Total Used Memory";0;0;0;441;1;1;3;3;0;0;0;0;882;1;1;1;882;1;0;0;1;1;0
"Transform Parent Sync Bodies";0;0;0;441;1;1;3;3;0;0;0;0;882;1;1;1;882;1;0;0;1;1;0
"Transform Parent Sync Colliders";0;0;0;441;1;1;3;3;0;0;0;0;882;1;1;1;882;1;0;0;1;1;0
"Transform Sync Bodies";0;0;0;441;1;1;3;3;0;0;0;0;882;1;1;1;882;1;0;0;1;1;0
"Transform Sync Colliders";0;0;0;441;1;1;3;3;0;0;0;0;882;1;1;1;882;1;0;0;1;1;0
"Trigger Enter";0;0;0;441;1;1;3;3;0;0;0;0;882;1;1;1;882;1;0;0;1;1;0
"Trigger Exit";0;0;0;441;1;1;3;3;0;0;0;0;882;1;1;1;882;1;0;0;1;1;0
"Trigger Overlaps";0;0;0;441;1;1;3;5;0;0;0;0;2646;3;3;3;882;1;0;0;1;1;0
"Trigger Stay";0;0;0;441;1;1;3;3;0;0;0;0;882;1;1;1;882;1;0;0;1;1;0
"Video Reserved Memory";0;0;0;441;1;1;3;3;0;0;0;0;882;1;1;1;882;1;0;0;1;1;0
"Video Used Memory";0;0;0;441;1;1;3;3;0;0;0;0;882;1;1;1;882;1;0;0;1;1;0
"Virtual Texture Reads";0;0;0;441;1;1;3;3;0;0;0;0;882;1;1;1;882;1;0;0;1;1;0
"WaitForCompleted";0;0;0;441;1;1;3;13;0;0;0;0;20329;23;22;38;882;1;0;0;1;1;0
"PostLateUpdate.UpdateCaptureScreenshot";0;0;0.0022;639;2;20;3;3;0.0323999993561301;3.673469E-05;0;0.0001;882;1;1;1;882;1;0;0.0022;2;20;0
"Connections.Poll";0;0;0.0002;644;1;196;6;6;0.0274999993052916;3.117914E-05;0;0.0001;882;1;1;1;882;1;0;0.0002;1;196;0
"CullingGroupSendEvents";0;0;0.0025;645;1;800;8;8;0.0310999992216239;3.526077E-05;0;0.0001;882;1;1;1;882;1;0;0.0025;1;800;0
"ConstraintManager::Update::JobSetup";0;0;0.0113;700;1;713;5;5;0.0497999993604026;5.646258E-05;0;0.0001;882;1;1;1;882;1;0;0.0113;1;713;0.0001
"UIEvents.AlignCanvasRectTransformWithCamera";0;0;0.0005;701;2;104;4;4;0.0338999991799938;3.843537E-05;0;0.0001;882;1;1;1;882;1;0;0.0005;2;104;0
"PreLateUpdate.PhysicsLateUpdate";0;0;0.0002;719;4;1;3;3;0.0351999991107732;3.99093E-05;0;0.0001;882;1;1;1;882;1;0;0.0002;4;1;0
"Physics.WriteColliderPoses";0;0;0.0016;804;1;35;6;6;0.0495999987469986;5.623583E-05;0;0.0001;1799;2;1;17;882;1;0;0.0016;1;35;0
"Physics.SendJointBreakEvents";0;0;0.0007;839;1;791;6;6;0.0519999986790936;5.895691E-05;0;0.0001;1799;2;1;17;882;1;0;0.0003;1;851;0
"Terrain.UpdateSplatProperties";0;0;0.0013;845;4;410;9;9;0.0440999989150441;5E-05;0;0.0001;882;1;1;1;882;1;0;0.0013;4;410;0.0001
